typedef struct {unsigned short start,end,x1,x2;const char *line1,*line2;} Cue;
typedef struct {u32 hash;unsigned short first,count,duration,priority;} Clip;
static const char text_0[]="\x94\x5d\x8e\xfa\x90\x56\x8e\x78\x20\x89\xba\x8f\xea\x90\xab\x20\x8e\xb8\x8f\x57\x91\xbd\x83\x76\x83\x7c\x2e";
static const char text_1[]="";
static const char text_2[]="\x93\xfc\x8d\xe0\x8e\xb8\x8b\x4e\x20\x83\x83\x91\x96\x20\x82\xb8\x83\x84\x95\xca\x20\x8e\x73\x8c\xaf\x91\xac\x20\x8f\x54\x83\x5a\x90\x56\x8e\x78\x20\x83\x56\x88\xca\x91\x9d\x20\x8d\x87\x8b\x7a\x82\xc9";
static const char text_3[]="\x91\xcc\x8f\x4b\x83\x76\x83\x7c\x2e";
static const char text_4[]="\x8c\x76\x20\x83\x80\x20\x92\x4e\x20\x8f\x9c\x91\xac\x8f\xed\x8b\xad\x91\xac\x20\x92\x63\x8f\xc1\x95\xe2\x83\x8b\x2e\x2e\x2e";
static const char text_5[]="\x82\xe9\x20\x93\xfc\x8d\xe0\x8e\xb8\x20\x81\x47\x91\x96\x20\x83\x60\x8e\x7e\x20\x82\xf1\x87\x80\x83\x55\x3f";
static const char text_6[]="\x88\x5d\x20\x83\x89\x20\x82\xde\x93\x64\x92\x45\x91\x8a\x8a\xc8\x20\x8b\x96\x95\xdf\x20\x92\xa3\x8a\x4f\x3f";
static const char text_7[]="\x84\x4d\x20\x83\x56\x88\xca\x91\x9d\x20\x8d\x87\x8b\x7a\x82\xc9\x20\x91\xcc\x83\x84\x2e";
static const char text_8[]="\x92\x5b\x8b\x96\x3f\x20\x83\x55\x20\x82\xcd\x20\x8e\xd4\x95\xc7\x20\x8f\x54\x96\x40\x91\xb1\x83\x96\x2e";
static const char text_9[]="\x31\x30\x8d\x90\x91\xac\x8c\x4e\x20\x81\x58\x8e\x78\x20\x89\xf1\x91\xac\x83\x65\x8b\x4e\x20\x89\xca\x8a\xaa\x82\xe7\x97\x52\x82\xc9\x2c";
static const char text_10[]="\x31\x30\x8d\x90\x91\xac\x8c\x4e\x20\x88\xc5\x8f\x9c\x90\x94\x82\xbd\x83\x5f\x2e\x20\x8b\x8b\x8e\xfa\x94\x65\x8b\x4e\x20\x82\xb8\x83\x51\x8a\xc8\x20\x86\xe5\x88\xa4\x20\x91\xac\x82\xf1\x82\xbd\x83\x7c\x2e";
static const char text_11[]="\x8f\x9c\x8f\xda\x21";
static const char text_12[]="\x83\x4f\x92\xdc\x20\x8b\x8b\x21\x20\x91\xac\x8a\x6c\x2c\x20\x84\xd6\x8e\xb8\x8d\xec\x2e\x2e\x2e";
static const char text_13[]="\x8f\x9c\x92\x87\x20\x8f\x5c\x83\x59\x82\xde\x83\x55\x2e";
static const char text_14[]="\x83\x5c\x8c\x8e\x20\x81\x5e\x83\x55\x8e\x78\x20\x82\xb4\x83\x87\x88\xa4\x20\x92\x63\x83\x84\x8a\xc8\x20\x8f\x9f\x20\x83\x55\x90\x94\x83\x5f\x2e";
static const char text_15[]="\x81\x85\x88\xf1\x8f\x9c\x2e\x20\x8e\x73\x8c\x5a\x90\x56\x83\x73\x20\x92\xb8\x91\xf0\x20\x90\x48\x8f\xea\x2e";
static const char text_16[]="\x89\x4b\x93\x8a\x8a\x46\x20\x82\xa8\x8d\xc4\x85\xf2\x20\x8c\x76\x20\x82\xb0\x81\x58\x2e\x2e\x2e";
static const char text_17[]="\x8f\x9c\x83\x76\x2c\x20\x83\x55\x8b\xb6\x92\xb8\x88\xa4\x20\x8e\x91\x95\xbd\x92\xc4\x20\x8f\xa4\x82\xbd\x83\x5f\x2e";
static const char text_18[]="\x82\x8c\x20\x92\x5b\x8b\x96\x20\x83\x6f\x87\x8c\x81\x58\x8f\x54\x8a\xc8\x82\xe0\x2e";
static const char text_19[]="\x92\xc4\x8f\x64\x91\xac\x8f\xda\x3f";
static const char text_20[]="\x83\x56\x20\x81\xf6\x20\x8b\xa6\x8a\xae\x92\x45\x91\xac\x89\xf1\x82\xc9\x20\x8e\x73\x82\xa2\x95\xbd\x83\x73\x83\x96\x2e";
static const char text_21[]="\x8f\xea\x89\xbd\x20\x81\x45\x92\xb8\x3f";
static const char text_22[]="\x8f\x9c\x83\x76\x2c\x20\x92\xc4\x92\xcd\x8a\xc8\x21";
static const char text_23[]="\x8f\x9c\x2c\x20\x82\xe9\x84\x8d\x82\xde\x83\x55\x2e";
static const char text_24[]="\x8b\xa6\x8c\xf7\x20\x8c\xb3\x8f\x9f\x95\xca\x83\x96\x2c";
static const char text_25[]="\x8c\xf0\x82\x76\x91\x9d\x20\x84\xeb\x20\x96\x40\x8e\x67\x81\x9d\x91\x96\x20\x8a\xc8\x85\xa1\x20\x8c\x8b\x20\x85\xa5\x8f\xea\x3f";
static const char text_26[]="\x89\xf1\x94\xf2\x8d\x55\x8b\x7a\x8f\x9c\x20\x83\x84\x8d\xec\x82\xd3\x91\xac\x91\xde\x8f\x9c\x2e";
static const char text_27[]="\x91\xac\x82\xb8\x20\x81\x76\x93\xaf\x20\x8f\x9c\x95\xa8\x83\x5f\x2e";
static const char text_28[]="\x81\x85\x88\xf1\x8f\x9c\x3f";
static const char text_29[]="\x8b\xb6\x8b\x7a\x81\x58\x20\x81\xc8\x92\xc7\x20\x82\xbb\x20\x81\x47\x8f\x9c\x21";
static const char text_30[]="\x8b\xb6\x8b\x7a\x81\x58\x20\x89\xdb\x89\xdb\x20\x90\xea\x8a\xaa\x21";
static const char text_31[]="\x8e\xfa\x95\x69\x91\xac\x83\x89\x20\x8e\x9a\x8e\xfa\x81\x58\x20\x95\x90\x92\x87\x95\xbd\x83\x55\x20\x85\xa3\x2e";
static const char text_32[]="\x95\xb6\x95\xbd\x83\x73\x20\x82\xbc\x20\x92\x75\x82\xbd\x8f\xea\x2e";
static const char text_33[]="\x8f\xac\x82\xbd\x8f\xea\x2e";
static const char text_34[]="\x83\x40\x81\xe2\x92\x65\x2e";
static const char text_35[]="\x91\xac\x82\xb8\x8f\xda\x21";
static const char text_36[]="\x84\xd6\x8e\xb8\x8d\xec\x21";
static const char text_37[]="\x83\x56\x20\x8d\x90\x8c\x5a\x2e\x2e\x2e";
static const char text_38[]="\x83\x84\x93\x64\x20\x8f\xea\x84\x41\x82\xbc\x20\x83\xc1\x20\x82\xb8\x8f\xda\x3f";
static const char text_39[]="\x81\x58\x83\x4b\x91\xac\x20\x82\xa6\x20\x82\xbb\x86\x48\x91\xb1\x83\x96\x2e\x2e\x2e";
static const char text_40[]="\x91\xac\x84\x8d\x82\xbc\x20\x88\xd0\x83\x7c\x83\x76\x21";
static const char text_41[]="\x8f\xda\x2c\x20\x91\xac\x92\x63\x20\x82\xe9\x8b\x8f\x20\x88\x5d\x2e\x2e\x2e";
static const char text_42[]="\x83\x84\x93\x64\x20\x87\xad\x20\x91\xac\x8a\x69\x83\x73\x20\x82\xb8\x8f\xda\x3f";
static const char text_43[]="\x82\xe9\x84\x8d\x82\xe0\x2e";
static const char text_44[]="\x83\x5d\x20\x92\x8c\x91\xac\x82\xbd\x83\x7c\x2e";
static const char text_45[]="\x8f\xed\x92\x63\x83\x4b\x92\xb8\x20\x8e\x78\x20\x91\xcc\x91\x9d\x20\x82\xb8\x82\x84\x3f";
static const char text_46[]="\x8e\x73\x82\xa2\x20\x92\xa7\x91\xac\x8f\xda\x2e";
static const char text_47[]="\x83\x54\x83\x56\x20\x82\xb8\x8f\xda\x2c\x20\x90\x56\x89\xbd\x3f";
static const char text_48[]="\x8f\x9c\x2c\x20\x83\x7c\x95\xf1\x91\xac\x83\x7c\x2e";
static const char text_49[]="\x83\x55\x20\x92\xb8\x82\xed\x2e\x2e\x2e";
static const char text_50[]="\x92\x5b\x8f\x5c\x91\x9d\x2e\x2e\x2e";
static const char text_51[]="\x91\xb9\x91\x9d\x20\x82\xbb\x20\x81\x47\x82\xb8\x89\xab\x2e";
static const char text_52[]="\x81\x85\x88\xf1\x83\x7c\x8c\x4e\x20\x87\x7b\x82\xf1\x95\xdf\x20\x92\xb2\x2e";
static const char text_53[]="\x8f\xea\x89\xbd\x8e\x78\x8d\x87\x94\xb2\x20\x8b\x96\x95\xdf\x8f\xda\x20\x95\xcf\x92\xb8\x20\x8c\x78\x8b\x43\x82\xbd\x8f\xea\x2e";
static const char text_54[]="\x8f\xea\x89\xbd\x8e\x78\x8d\x87\x94\xb2\x89\xab\x20\x92\x75\x8f\x9c\x2e";
static const char text_55[]="\x83\x56\x20\x81\x85\x88\xf1\x8f\x9c\x2e";
static const char text_56[]="\x8d\xec\x8a\x46\x95\xdf\x2e";
static const char text_57[]="\x8f\xac\x8f\x9c\x2e\x20\x83\x7c\x8b\x8f\x2e\x2e\x2e";
static const char text_58[]="\x85\x59\x83\x96\x3f";
static const char text_59[]="\x90\x56\x89\xbd\x20\x8b\x96\x91\xac\x8f\xda\x2e\x20\x8f\x9c\x92\xbc\x20\x8f\x9f\x20\x91\xe5\x8b\x69\x91\xde\x8f\x9c\x2e";
static const char text_60[]="\x82\xe9\x20\x83\x60\x8e\x7e\x91\xac\x20\x8c\x8e\x8e\x78\x90\xe8\x20\x82\xb9\x92\xb8\x2c";
static const char text_61[]="\x81\x5a\x92\x5b\x88\xd0\x83\x73\x20\x82\xb9\x92\xb8\x20\x8c\x78\x8b\x43\x82\xbd\x8f\xea\x2e";
static const char text_62[]="\x90\x65\x82\xf1\x87\x89\x20\x90\x56\x89\xbd\x20\x90\x48\x91\xde\x8f\x9c\x2e";
static const char text_63[]="\x82\xe9\x84\x8d\x83\x5f\x2e";
static const char text_64[]="\x83\x56\x20\x90\x65\x82\xf1\x20\x91\xcc\x91\xde\x8f\x9c\x2e";
static const char text_65[]="\x90\x56\x89\xbd\x91\xab\x20\x82\xe9\x20\x8e\xf6\x94\xf2\x83\x73\x20\x90\xe6\x8b\x7a\x20\x8f\x9c\x8d\xd7\x89\xba\x91\xac\x20\x82\xb0\x8c\xe4\x95\xe2\x8f\xea\x2e";
static const char text_66[]="\x95\xbd\x92\xb8\x8b\x8f\x20\x8c\xc2\x8a\x44\x91\xac\x20\x83\xc1\x20\x82\xb9\x20\x90\xe6\x8b\x7a\x20\x8f\x9c\x8d\xd7\x91\xab\x20\x44\x4e\x41\x8f\xda\x2e";
static const char text_67[]="\x82\xe9\x8a\x6d\x20\x82\xe9\x82\xb8\x91\xab\x20\x91\xb6\x8d\x87\x83\x73\x20\x83\x5c\x89\xf1\x83\x73\x20\x82\xb8\x8f\xda\x3f";
static const char text_68[]="\x8f\x9c\x83\x76\x2c\x20\x82\xe9\x8a\x6c\x2e\x2e\x2e\x20\x82\xb9\x81\x58\x3f";
static const char text_69[]="\x83\x80\x82\xaa\x92\xb8\x83\x73\x20\x8f\xa4\x83\x5f\x2e";
static const char text_70[]="\x82\xe9\x84\x8d\x82\xde\x83\x55\x2e\x2e\x2e";
static const char text_71[]="\x8c\xc5\x8c\xaf\x82\xd3\x90\x56\x8e\x78\x20\x81\x58\x83\x4b\x91\xac\x20\x81\x45\x91\x9d\x20\x83\xed";
static const char text_72[]="\x82\xc2\x81\x58\x20\x8f\xf3\x82\xe1\x20\x8c\xd6\x91\x8a\x8a\xc8\x20\x8b\xbb\x8a\x69\x83\x55\x90\x94\x83\x73\x20\x92\xa3\x20\x8f\xac\x8f\xcc\x8f\xea\x2e";
static const char text_73[]="\x82\x63\x88\xe8\x95\xdf\x2e";
static const char text_74[]="\x8e\x73\x82\xa2\x95\xdf\x88\xa4\x20\x92\x5b\x8b\x96\x20\x82\x63\x88\xe8\x95\xbd\x83\x5f\x2e";
static const char text_75[]="\x8c\xb3\x8f\x9f\x2e";
static const char text_76[]="\x8c\x8e\x8e\xfb\x20\x91\xb6\x91\xb1\x92\xb8\x20\x8f\xac\x8f\x9c\x3f";
static const char text_77[]="\x8f\x9c\x8b\x8b\x88\xa4\x2e";
static const char text_78[]="\x91\xac\x82\xbc\x20\x85\x58\x8f\xda\x3f\x20\x83\x56\x20\x8c\x78\x8b\x43\x82\xbd\x8f\xea\x2e";
static const char text_79[]="\x92\x42\x20\x81\x5d\x91\x96\x20\x82\xb9\x20\x85\x59\x83\x96\x3f";
static const char text_80[]="\x82\xe9\x8a\x4f\x2e\x20\x82\xe9\x82\xba\x20\x8c\x78\x8b\x43\x82\xbd\x83\x7c\x83\x73\x20\x82\xb8\x8f\xda\x2e";
static const char text_81[]="\x95\xb6\x94\xb2\x21\x20\x8f\xda\x2c\x20\x91\xb6\x8f\xea\x83\x55\x21";
static const char text_82[]="\x90\x65\x82\xf1\x8e\x78\x20\x85\x58\x20\x95\xbd\x83\x73\x20\x82\xb8\x8f\xda\x3f";
static const char text_83[]="\x8f\xda\x2c\x20\x91\xb6\x8f\xea\x83\x55\x89\xf1\x83\x76\x83\x4b\x21";
static const char text_84[]="\x8f\x9c\x83\x76\x2c\x20\x87\xad\x20\x82\xe9\x20\x92\x4e\x82\xf1\x20\x91\xb1\x82\xa6\x91\x9d\x20\x83\x6d\x8f\x9c\x92\x8d\x20\x82\xb8\x8f\xda\x3f";
static const char text_85[]="\x90\x56\x89\xbd\x8b\x4e\x20\x91\xe5\x8f\x9c\x82\xa6\x20\x91\x96\x8c\xe4\x20\x90\x65\x91\xd2\x88\xa4\x20\x82\xe9\x84\x8d\x82\xc9\x21";
static const char text_86[]="\x95\xb6\x94\xb2\x2c\x20\x92\xc4\x92\x5b\x95\xdf\x2e";
static const char text_87[]="\x84\xe7\x93\x5f\x95\xca\x20\x83\x69\x89\xba\x95\xca\x94\xc5\x20\x92\x8c\x91\x9d\x20\x85\xe9\x95\xbd\x83\x73\x20\x82\xb9\x20\x91\xac\x92\x63\x20\x92\xb8\x81\xb2\x92\xb8\x81\xb2\x95\xdf\x2e";
static const char text_88[]="\x8f\xea\x89\xbd\x8a\xc8\x20\x8d\xec\x89\xf1\x92\xc4\x20\x82\xb8\x8f\xda\x3f\x20\x91\xac\x84\x88\x20\x89\xca\x81\x58\x20\x92\x63\x91\xb6\x20\x86\xd0\x8f\xea\x2e";
static const char text_89[]="\x83\x6d\x93\xaf\x8c\x4e\x20\x83\x4e\x20\x32\x93\x6f\x88\xe4\x20\x89\x68\x90\x56\x2e\x2e\x2e";
static const char text_90[]="\x82\xe9\x8b\x8f\x89\x45\x21\x20\x83\x81\x91\xf0\x21";
static const char text_91[]="\x82\x7d\x20\x8e\xd4\x20\x91\xcc\x83\x73\x20\x8f\x5c\x91\xa4\x91\x96\x20\x83\x7c\x20\x82\x7c\x20\x82\xbb\x20\x81\x47\x83\x5f\x2e";
static const char text_92[]="\x90\x65\x82\xf1\x8e\x78\x20\x83\x54\x83\x5a\x20\x92\x87\x8b\x8b\x21";
static const char text_93[]="\x83\x55\x88\xa4\x20\x88\xf0\x8e\x91\x91\xac\x8f\xda\x2e";
static const char text_94[]="\x82\xe9\x8a\x6c\x83\x96\x20\x85\x5a\x20\x83\x54\x82\x7c\x83\x7c\x82\xc9\x3f";
static const char text_95[]="\x88\x87\x8f\x54\x20\x90\x94\x8e\xfa\x8d\x82\x90\x56\x82\xbc\x20\x91\x80\x92\x4e\x91\xd2\x20\x87\x80\x92\x63\x20\x91\xf0\x93\xaf\x8b\x4e\x20\x88\xf8\x91\x4f\x89\xf1\x2e";
static const char text_96[]="\x31\x30\x93\x6f\x20\x8f\x9f\x90\x56\x20\x91\xb6\x83\x84\x8b\x4e\x20\x85\xa2\x86\x9d\x95\xdf\x21";
static const char text_97[]="\x83\x51\x8c\xaf\x82\xb8\x8b\x7a\x92\xb8\x20\x8b\x8b\x21";
static const char text_98[]="\x95\xa1\x8b\x7a\x91\xab\x20\x8d\x87\x95\xbd\x89\xba\x91\xac\x8f\xda\x3f";
static const char text_99[]="\x92\x63\x8c\xfc\x91\xac\x82\xe0\x2e";
static const char text_100[]="\x90\xb6\x92\x4e\x97\x52\x20\x8c\xc5\x8e\x63\x20\x82\x7d\x20\x88\xf2\x91\xac\x90\x53\x83\x73\x83\x96\x2e";
static const char text_101[]="\x83\x55\x88\xa4\x20\x90\x6c\x8f\x64\x97\x52\x20\x95\xdf\x20\x8d\x7e\x83\x41\x20\x95\xe2\x8f\xea\x2e";
static const char text_102[]="\x83\x81\x8f\x5c\x90\x56\x20\x83\x84\x95\xdf\x20\x92\x6a\x8d\xec\x95\xe2\x8f\xea\x2e";
static const char text_103[]="\x91\xac\x85\xa3\x2c\x20\x83\x84\x8f\x5c\x20\x91\xb6\x95\xdf\x20\x88\x79\x91\x8a\x8c\x4e";
static const char text_104[]="\x88\x5d\x20\x83\x89\x20\x8e\x63\x82\xaa\x82\xbc\x20\x83\x84\x95\xdf\x20\x92\xb2\x88\xa4\x20\x88\xd0\x91\xde\x8f\x9c\x3f";
static const char text_105[]="\x90\x56\x89\xbd\x2c\x20\x91\xb6\x8f\xea\x83\x55\x2e\x20\x90\x56\x89\xbd\x21";
static const char text_106[]="\x90\x56\x89\xbd\x2c\x20\x91\xb6\x8f\xea\x83\x55\x89\xf1\x2e";
static const char text_107[]="\x90\x65\x83\x41\x2e\x2e\x2e\x20\x8f\xea\x89\xbd\x92\xb8\x3f";
static const char text_108[]="\x88\xc5\x8f\x9c\x90\xd4\x82\xe0\x2c\x20\x90\x56\x89\xbd\x2e";
static const char text_109[]="\x82\x8c\x20\x91\xac\x82\xce\x90\x56\x8e\x78\x20\x94\x92\x8f\xea\x83\x59\x83\x7c\x2e";
static const char text_110[]="\x83\x5c\x2c\x20\x83\x6e\x82\xe0\x92\xb8\x20\x8f\xac\x8f\x9c\x2e";
static const char text_111[]="\x8d\x86\x8b\x7a\x8c\xc2\x20\x94\xf2\x89\xf1\x8e\xfa\x94\x65\x83\x7c\x2e";
static const char text_112[]="\x91\xac\x92\xdd\x91\x96\x20\x83\x5a\x20\x88\xca\x8a\xed\x20\x90\x56\x91\xac\x89\x88\x8b\x7a\x8f\xed\x20\x94\xf1\x8e\xfa\x20\x8c\xc5\x8d\xec\x8f\xda\x2e";
static const char text_113[]="\x91\xd2\x83\x5f\x20\x8f\x9c\x8c\xf5\x92\xb8\x91\xab\x20\x90\x69\x82\xde\x8f\x5d\x90\x56\x8e\x78\x20\x91\xb6\x95\xe2\x92\xb8\x2e";
static const char text_114[]="\x82\xe9\x89\xca\x20\x91\xd2\x83\x5f\x20\x8f\x9c\x8c\xf5\x92\xb8\x90\xb3\x20\x95\x69\x93\xc5\x20\x8c\xc5\x8d\xec\x83\x73\x2e\x2e\x2e";
static const char text_115[]="\x82\xcd\x8c\xc2\x8a\xc8\x20\x8d\x82\x8a\xd9\x90\x56\x20\x89\xba\x8f\xea\x81\x58\x92\xb8\x2e";
static const char text_116[]="\x8d\x55\x83\x69\x20\x8e\xf6\x94\xf2\x90\x56\x83\x73\x20\x8e\xd4\x86\xd1\x87\x80\x20\x83\x80\x8a\x69\x20\x81\xac\x8c\x78\x91\xab";
static const char text_117[]="\x92\x5b\x8d\x87\x20\x82\xc8\x8f\xdb\x91\xac\x20\x82\xba\x8a\xaa\x20\x91\xcc\x8f\xea\x2e";
static const char text_118[]="\x8f\x54\x96\x40\x95\xdf\x20\x8d\x7e\x82\xc9\x20\x8f\x6b\x82\xe0\x2e";
static const char text_119[]="\x8d\xec\x8a\x45\x91\xac\x20\x82\xa9\x83\x81\x95\xcf\x20\x8e\xd4\x20\x91\xcc\x83\x73\x20\x82\xbc\x20\x8f\x9c\x83\x76\x8f\xda\x2e";
static const char text_120[]="\x91\xd2\x82\x96\x20\x8b\x6f\x91\xd2\x20\x83\x5a\x8c\xf5\x8a\xaa\x20\x88\xd9\x8c\x4e\x20\x92\x8c\x82\xbc\x20\x88\xd3\x20\x82\xb8\x8f\xda\x2e";
static const char text_121[]="\x8e\xf6\x94\xf2\x81\x58\x20\x91\xd2\x83\x5f\x8b\x4e\x20\x8b\xba\x8f\xea\x20\x93\xaf\x90\xe6\x8c\x4e\x20\x83\x7c\x8b\x4c\x20\x8d\xec\x8a\x45\x90\x56\x82\xbc\x20\x8f\x54\x96\x40\x95\xbd\x92\xb8\x2e";
static const char text_122[]="\x8f\xea\x88\xa7\x89\xab\x20\x90\xe6\x8b\x7a\x83\x73\x20\x8c\x82\x92\x45\x91\x9d\x20\x91\xac\x84\xb2\x20\x82\xb8\x83\x7c\x2e";
static const char text_123[]="\x85\x58\x8d\x87\x94\xb2\x20\x95\xbd\x8c\x4e\x20\x88\xd0\x92\xb8\x3f";
static const char text_124[]="\x92\x42\x8a\x6c\x20\x83\x69\x91\x9d\x20\x8e\x67\x83\x84\x95\xbd\x82\xf1\x87\x89\x20\x8d\x7e\x8e\xd4\x81\x58\x20\x83\x5c\x8c\x8e\x20\x92\x45\x82\xe0\x2e";
static const char text_125[]="\x93\x7d\x8e\xb8\x95\xca\x20\x8c\x76\x86\xd1\x8b\x8f\x91\x96\x20\x8c\xe3\x8f\x9c\x8f\xda\x82\xbd\x8f\xea\x2e\x20\x81\x58\x91\xd2\x21";
static const char text_126[]="\x92\x75\x8f\x9c\x2c\x20\x83\x7c\x89\xba\x20\x92\x5b\x8f\x5c\x20\x84\x4e\x8c\xc2\x8a\xc8\x20\x92\xe3\x8a\xaa\x21";
static const char text_127[]="\x83\x56\x20\x8d\xd7\x92\xb8\x82\xc9\x20\x8f\x6b\x91\x96\x83\x96\x2e\x20\x92\x5b\x8b\x96\x91\xac\x92\xb8\x2e\x2e\x2e";
static const char text_128[]="\x92\x8d\x8d\xc4\x88\xcd\x83\x55\x3f";
static const char text_129[]="\x92\xc4\x8f\x64\x91\x8a\x8a\xc8\x20\x95\xbd\x83\x73\x20\x8b\x96\x91\xb1\x83\x96\x2c\x20\x91\xac\x8a\x4f\x8e\x78\x83\x73\x2e\x2e\x2e";
static const char text_130[]="\x92\x4e\x82\xf1\x90\x56\x20\x8f\xdb\x95\xca\x81\x58\x3f\x20\x92\x40\x8c\xb3\x91\xcc\x82\xbd\x82\xe0\x2e";
static const char text_131[]="\x83\xa3\x85\x96\x20\x85\xa3\x89\xf1\x2e";
static const char text_132[]="\x94\xf1\x8e\xfa\x83\x7c\x2e";
static const char text_133[]="\x88\xcd\x91\x8a\x83\x76\x83\x4b\x20\x83\x5a\x20\x8b\x96\x8d\x87\x94\xb2\x20\x89\xba\x8f\xea\x2e";
static const char text_134[]="\x92\xb8\x82\xed\x20\x94\x5d\x8e\xfa\x90\x56\x20\x91\xcc\x8f\xea\x2e";
static const char text_135[]="\x82\xe9\x20\x8e\xf6\x94\xf2\x8b\x4e\x20\x85\xa5\x83\x7c\x2e";
static const char text_136[]="\x83\x5a\x81\x58\x20\x82\xe9\x84\x81\x91\xde\x8f\x9c\x2e\x20\x82\xe9\x8a\x4f\x2e";
static const char text_137[]="\x82\xe9\x20\x8e\xf6\x94\xf2\x8f\xda\x2e";
static const char text_138[]="\x8c\x8e\x8e\xfb\x20\x91\xb6\x91\xac\x20\x91\xb6\x8f\xea\x83\x59\x83\x73\x92\xb8\x20\x8c\x78\x8b\x43\x82\xbd\x83\x7c\x2e";
static const char text_139[]="\x8c\x4a\x89\x8c\x91\xac\x83\x55\x20\x92\xb8\x83\x56\x20\x82\xba\x83\x4b\x2e";
static const char text_140[]="\x8f\xea\x88\x9e\x8e\x78\x20\x83\x5a\x81\x58\x2e\x2e\x2e";
static const char text_141[]="\x8f\x9c\x92\xbc\x20\x8e\x63\x8f\x9c\x20\x91\xcc\x83\x73\x92\xb8\x88\xa4\x20\x8c\x78\x8b\x43\x82\xbd\x83\x7c\x2e";
static const char text_142[]="\x82\xa8\x82\xf1\x82\xa8\x82\xf1\x20\x88\xee\x8f\xea\x20\x8c\xf5\x8a\xaa\x21";
static const char text_143[]="\x94\xf2\x89\xf1\x8e\xfa\x94\x65\x90\x56\x82\xbc\x83\x73\x20\x87\xef\x95\xdf\x8b\x8f\x20\x8d\x7e\x83\x5a\x8c\x4e\x20\x83\xc0\x2e";
static const char text_144[]="\x90\x56\x89\xbd\x20\x8d\xb6\x8a\xd4\x91\x96\x20\x83\x6d\x93\x6b\x92\xb8\x8b\x8f\x2c\x20\x8f\x9c\x92\xbc\x20\x95\xb6\x94\xb2\x20\x95\x69\x93\xc5\x81\x58\x20\x91\xcc\x83\x7c\x2e";
static const char text_145[]="\x90\x56\x89\xbd\x20\x8d\xb6\x8a\xd4\x91\xac\x20\x83\x56\x88\xca\x91\x9d\x20\x8d\x87\x8b\x7a\x82\xc9\x20\x91\xcc\x83\x7c\x21";
static const char text_146[]="\x96\x59\x20\x91\x67\x93\xaf\x8a\xc8\x20\x88\x87\x8f\x54\x20\x92\xb8\x91\x53\x20\x8c\xc2\x89\xf3\x83\x7c\x21";
static const char text_147[]="\x87\x87\x89\x88\x8a\xaa\x8e\x78\x20\x8b\xb6\x8b\x7a\x20\x91\x67\x90\x56\x20\x8e\xc0\x20\x90\xac\x8a\xaa\x21";
static const char text_148[]="\x88\xf3\x20\x83\x7c\x21\x20\x8e\x78\x88\xf3\x8a\x69\x21";
static const char text_149[]="\x8f\x9f\x20\x83\xc0\x21\x20\x82\xf1\x83\x7c\x8a\xaa\x21";
static const char text_150[]="\x8c\xec\x82\xed\x20\x85\x58\x87\x96\x92\xb8\x3f\x20\x83\x84\x93\x64\x20\x8c\x8e\x8e\xfb\x20\x91\xb6\x91\xac\x8f\xda\x3f";
static const char text_151[]="\x84\xd6\x8e\xb8\x8d\xec\x2e\x2e\x2e\x20\x91\xac\x82\xb9\x2e\x2e\x2e";
static const char text_152[]="\x83\x5c\x2e\x2e\x2e";
static const char text_153[]="\x8c\x82\x95\x91\x20\x96\x87\x8d\x7e\x2e";
static const char text_154[]="\x83\x7b\x20\x95\xa1\x8b\x7a\x20\x83\x84\x8a\xc3\x83\x6a\x3f";
static const char text_155[]="\x90\x94\x8e\xfa\x8d\x82\x91\xac\x20\x8d\xec\x89\xf1\x92\x69\x83\x7c\x2e";
static const char text_156[]="\x90\x85\x2e";
static const char text_157[]="\x83\x81\x90\x69\x95\xbd\x82\xbd\x92\xb8\x2e";
static const char text_158[]="\x82\xe9\x82\xbc\x20\x8f\x9c\x83\x76\x8c\x4e\x20\x83\x65\x8b\x7a\x92\xb8\x88\xa4\x20\x8f\xa4\x8f\xcc\x91\x9d\x20\x94\xc5\x83\x76\x2e";
static const char text_159[]="\x82\xe9\x82\xb9\x20\x85\x5b\x83\x76\x83\x4b\x3f";
static const char text_160[]="\x92\x4e\x95\x69\x20\x8c\xec\x95\xdf\x20\x91\xf0\x93\xaf\x83\x7c\x2e\x20\x91\xb6\x96\xb3\x90\xdd\x20\x93\x5d\x83\x7e\x20\x91\xf0\x8d\xc4\x92\xb8\x2e";
static const char text_161[]="\x82\xcf\x92\xa7\x20\x82\xa9\x8f\x54\x8b\x4e\x20\x82\xdd\x89\xf3\x95\xca\x83\x7c\x2e";
static const char text_162[]="\x8c\xf0\x81\x58\x20\x89\x8e\x8c\x88\x95\xca\x20\x92\xa3\x20\x8f\xac\x8f\xcc\x83\x8b\x20\x82\xbb\x88\xa4\x20\x82\xe9\x20\x89\xca\x8c\xa9\x91\xac\x8f\xda\x2e";
static const char text_163[]="\x90\x94\x8e\xfa\x8d\x82\x91\xac\x20\x90\xed\x92\xbc\x87\x96\x83\x7c\x8c\x4e\x2c";
static const char text_164[]="\x95\x69\x93\xc5\x20\x92\x87\x8d\x72\x90\x56\x20\x8d\x87\x83\x84\x8b\x4e\x20\x88\xca\x91\x53\x95\xcf\x83\x4b\x90\xd8\x3f";
static const char text_165[]="\x92\x63\x83\x84\x8a\xc8\x8b\x8f\x20\x95\xbd\x8c\x4e\x2c";
static const char text_166[]="\x95\x69\x93\xc5\x83\x73\x20\x92\x4e\x8b\x64\x20\x83\x6f\x93\xaf\x88\xf8\x92\xb8\x20\x8c\x8b\x95\xcf\x20\x81\x5e\x83\x76\x83\x7c\x2e";
static const char text_167[]="\x83\x7c\x91\xa4\x91\x8a\x8a\xc8\x20\x82\xf1\x87\x80\x83\x55\x83\x73\x20\x82\xb9\x2e\x2e\x2e\x20\x85\x58\x89\xf1\x82\xc9\x20\x95\xdf\x8f\xda\x20\x95\xcf\x83\x4b\x2e";
static const char text_168[]="\x92\x42\x82\xf1\x83\x7c\x21\x20\x90\x56\x89\xbd\x20\x8d\xb6\x8a\xd4\x21";
static const char text_169[]="\x8c\x78\x8b\x43\x82\xbd\x82\xe0\x2e\x20\x8e\xf6\x94\xf2\x83\x73\x20\x8f\xea\x89\xbd\x20\x91\xcc\x92\xb8\x3f";
static const char text_170[]="\x82\xb8\x82\xf1\x20\x91\xcc\x90\x53\x82\xe0\x2e";
static const char text_171[]="\x8e\xf6\x94\xf2\x81\x58\x20\x8f\xea\x83\xe2\x82\x84\x83\x76\x3f\x20\x91\xd2\x8a\xed\x20\x88\x5d\x20\x87\xeb\x8f\xea\x21";
static const char text_172[]="\x92\x5b\x8b\x96\x91\xac\x92\xb8\x2c\x20\x83\x5c\x8b\xc0\x89\xba\x91\x96\x2e\x2e\x2e";
static const char text_173[]="\x96\xda\x8b\x40\x95\xbd\x82\xe0\x2e";
static const char text_174[]="\x92\x75\x8f\x9c\x2c\x20\x91\xac\x92\x63\x8d\x87\x94\xb2\x20\x92\xc4\x92\xcd\x83\x7c\x21";
static const char text_175[]="\x95\xdf\x20\x92\x87\x8b\x8b\x21\x20\x8f\xea\x89\xbd\x20\x95\xdf\x20\x8d\x7e\x91\xd2\x21";
static const char text_176[]="\x82\xe9\x8a\x4f\x2c\x20\x82\xe9\x84\x8d\x82\xbc\x20\x83\x55\x90\xb3\x8f\xda\x92\xb8\x21";
static const char text_177[]="\x8e\xf6\x94\xf2\x90\xb3\x20\x8e\xfa\x95\x69\x91\xac\x83\x89\x8b\xad\x20\x8d\xec\x91\xac\x90\x56";
static const char text_178[]="\x8f\xea\x83\xf6\x20\x82\xd3\x82\xc8\x81\x58\x20\x91\xcc\x83\x73\x20\x82\xbb\x20\x81\x47\x91\x96\x83\x96\x2e\x2e\x2e";
static const char text_179[]="\x8e\xfa\x95\x69\x91\xac\x83\x89\x8b\xad\x91\xac\x20\x83\x55\x94\x7a\x83\x55\x91\xd2";
static const char text_180[]="\x92\xb8\x8f\x54\x95\xca\x20\x8c\x82\x95\x91\x8d\x7e\x83\x7c\x20\x82\xe9\x90\x56\x82\xbc\x20\x8f\x5c\x82\xc5\x91\x9d\x20\x8f\x8a\x83\x89\x82\xe0\x2e";
static const char text_181[]="\x8e\xfa\x95\x69\x91\xac\x83\x89\x8b\xad\x91\xac\x20\x90\xd4\x91\x9d\x20\x89\xca\x83\x73\x20\x8e\xf6\x94\xf2\x8b\x4e";
static const char text_182[]="\x94\xde\x92\x63\x95\xcf\x20\x8e\xd4\x20\x91\xcc\x83\x73\x20\x82\xbb\x20\x81\x47\x8f\xcc\x8f\xea\x2e\x20\x82\xf1\x8d\x90\x91\xac\x20\x92\x75\x8f\xcc\x92\xb8\x2e";
static const char text_183[]="\x8e\xfa\x95\x69\x91\xac\x83\x89\x8b\xad\x91\xac\x20\x81\x58\x83\x4b\x91\xac\x20\x91\xcc\x83\x73\x20\x82\xbb\x8b\x8f\x91\x8a\x8a\xc8\x3f";
static const char text_184[]="\x87\xad\x20\x82\xe9\x8a\x6c\x20\x82\xba\x83\x4b\x3f";
static const char text_185[]="\x82\xe9\x20\x92\x4e\x90\x56\x88\xa4\x20\x95\xca\x20\x8c\xf7\x20\x82\xe9\x8a\x6c\x20\x92\x45\x91\xac\x20\x91\xcc\x90\x53\x8f\xea\x2e";
static const char text_186[]="\x95\x69\x93\xc5\x2e";
static const char text_187[]="\x8b\x7a\x93\x49\x89\x88\x20\x95\x69\x93\xc5\x89\xf1\x8c\x4e\x20\x92\x8c\x90\x53\x83\x73\x83\x96\x2e";
static const char text_188[]="\x95\xbd\x92\xb8\x8b\x8f\x20\x8f\x9c\x89\xba\x91\x96\x20\x8e\x63\x8f\x9c\x20\x91\xcc\x92\xb8\x2e";
static const char text_189[]="\x8e\xf6\x94\xf2\x90\x56\x83\x73\x20\x8b\x7a\x93\x49\x89\x88\x20\x95\x69\x93\xc5\x91\xab\x20\x44\x4e\x41\x81\x58\x20\x8f\x8a\x87\x96\x8f\xea\x2e";
static const char text_190[]="\x8f\x9c\x89\xba\x91\xac\x20\x8e\xfa\x95\x69\x91\xac\x83\x89\x8b\xad\x91\xb1\x81\x58\x3f\x20\x83\x66\x84\x76\x82\xe0\x2e";
static const char text_191[]="\x81\x58\x83\x4b\x91\xac\x8b\x8f\x20\x91\xcc\x8f\xea\x88\xa4\x20\x8d\xb6\x8a\xd4\x91\xac\x20\x8e\xf6\x94\xf2\x8b\x4e\x20\x83\x89\x20\x91\xe3\x20\x94\xde\x92\x63\x95\xbd\x83\x7c\x83\x76\x2e";
static const char text_192[]="\x8d\xb6\x8a\xd4\x90\x56\x82\xbc\x8e\x78\x20\x92\x4e\x8d\x87\x20\x93\xc2\x83\x5a\x2e";
static const char text_193[]="\x86\xb1\x8c\x78\x8a\x46\x20\x94\x5d\x8e\xfa\x90\x56\x20\x8e\x63\x82\xc9\x20\x91\xcc\x8f\xea\x2e";
static const char text_194[]="\x8f\x9c\x92\xbc\x20\x82\xc9\x89\xbb\x95\xc7\x8e\x73\x91\xac\x8f\xda\x2e";
static const char text_195[]="\x95\xb6\x94\xb2\x20\x95\x69\x93\xc5\x2e\x20\x86\xb1\x8c\x78\x8a\x46\x20\x94\x5d\x8e\xfa\x90\x56\x20\x8e\x63\x82\xc9\x20\x91\xcc\x8f\xea\x2e";
static const char text_196[]="\x82\xe9\x20\x83\x60\x8e\x7e\x91\xac\x20\x92\x63\x20\x8c\xe4\x8a\xc8\x20\x93\x44\x8f\x9c\x90\xab\x83\x7c\x82\xc9\x3f\x20\x8e\xfa\x8e\xfa\x8a\xc8\x3f";
static const char text_197[]="\x82\xe9\x82\xb9\x20\x81\x5a\x92\x5b\x95\xcf\x20\x95\xba\x90\xd8\x20\x90\x48\x8f\xea\x2e";
static const char text_198[]="\x83\x84\x93\x64\x20\x85\x58\x20\x95\xbd\x83\x73\x20\x82\xb8\x8f\xda\x3f";
static const char text_199[]="\x95\x69\x93\xc5\x83\x73\x20\x90\xe6\x8b\x7a\x20\x82\xb8\x83\x7c\x21\x20\x83\x6d\x93\xaf\x92\xb8\x20\x8f\xa4\x8f\x9c\x21";
static const char text_200[]="\x86\x65\x95\xaa\x91\xac\x20\x95\xba\x90\xd8\x95\xbd\x83\x7c\x2e";
static const char text_201[]="\x83\x5a\x81\x58\x20\x87\xad\x20\x8e\x63\x8f\x9c\x20\x91\xcc\x83\x73\x92\xb8\x88\xa4\x20\x8c\x78\x8b\x43\x82\xbd\x83\x7c\x2e";
static const char text_202[]="\x91\xac\x82\xba\x20\x8e\x63\x8f\x9c\x20\x91\xcc\x83\x7c\x82\xc9\x20\x95\xcf\x20\x8e\xd4\x20\x91\xcc\x83\x7c\x8c\x4e\x20\x8b\x96\x91\xac\x92\xb8\x2e";
static const char text_203[]="\x81\x95\x92\xb8\x20\x8f\xa4\x91\x96\x20\x8f\x54\x84\xeb\x94\xf2\x90\x56\x20\x83\x93\x93\xaf\x20\x94\x68\x20\x92\x45\x2c\x20\x93\x53\x82\xb8\x90\xdd\x20\x93\x53\x82\xde\x89\xf1\x2e\x2e\x2e";
static const char text_204[]="\x8f\x95\x20\x8b\x8f\x95\xbd\x82\xbd\x83\x73\x83\x96\x2e";
static const char text_205[]="\x8d\x87\x89\xc2\x89\x57\x88\xa4\x20\x8d\x87\x8e\x78\x92\xb8\x92\xc4\x20\x8b\x96\x91\xd2\x21";
static const char text_206[]="\x94\xf2\x89\xf1\x8e\xfa\x94\x65\x3f\x20\x94\xf2\x89\xf1\x8e\xfa\x94\x65\x89\xf1\x2e\x2e\x2e\x20\x8f\xea\x89\xbd\x8e\x78\x20\x89\xba\x8f\xea\x20\x85\xa5\x83\x73\x83\x96\x2e";
static const char text_207[]="\x83\xa3\x8d\xc4\x83\x73\x20\x82\xbc\x82\x84\x2c\x20\x82\xb8\x8c\xb3\x20\x83\x69\x21";
static const char text_208[]="\x91\xac\x20\x83\xc5\x92\xa7\x95\xca\x20\x8c\x8a\x91\x8a\x8a\xc8\x83\x73\x20\x83\x5f\x20\x82\xf1\x89\x4b\x91\x9d\x20\x83\x40\x82\x67\x82\xf1\x20\x8f\xea\x84\x97\x82\xde\x83\x55\x21";
static const char text_209[]="\x84\x4d\x20\x8f\xea\x8a\xaa\x90\xe8\x20\x8b\x96\x8b\x8f\x20\x81\x76\x89\xf1\x20\x8f\x8a\x83\x5f\x2e\x2e\x2e";
static const char text_210[]="\x8c\xaf\x8a\x69\x83\x57\x20\x89\xca\x8a\xc8\x83\x7c\x21\x20\x91\xac\x8b\x8f\x20\x94\xef\x91\xf0\x95\xbd\x82\xbd\x83\x7c\x21";
static const char text_211[]="\x8f\x9c\x8f\xda\x8f\xda\x21\x20\x95\xbd\x95\xba\x20\x8f\x9f\x20\x92\x75\x91\x96\x20\x83\x96\x8b\x4e\x20\x84\xd8\x8f\xcc\x83\x5f\x2e";
static const char text_212[]="\x82\xc2\x81\x58\x20\x88\xd9\x82\xb0\x81\x76\x20\x8c\xd6\x91\x8a\x8a\xc8\x20\x83\x55\x90\x94\x8a\xaa\x82\xc9\x20\x95\xdf\x2e";
static const char text_213[]="\x91\xac\x8e\x67\x95\xbd\x83\x5f\x2e\x2e\x2e\x20\x8b\xaa\x81\x58\x89\xf1\x88\xa4\x20\x83\x5a\x8f\xda\x20\x95\xbd\x83\x55\x2e";
static const char text_214[]="\x8c\x4a\x89\x8c\x8b\x8f\x20\x8e\xfa\x95\x69\x91\xac\x83\x89\x8b\xad\x20\x91\xb6\x91\x9d\x20\x8e\xf1\x8c\x4e\x8e\x78\x2c";
static const char text_215[]="\x8c\x82\x86\xb3\x91\x9d\x20\x83\x65\x8b\x7a\x83\x73\x20\x8f\x9d\x83\x81\x20\x90\x48\x91\xac\x20\x8e\x63\x8f\x9c\x20\x8d\x82\x83\x7c\x89\xab\x81\x58\x2e";
static const char text_216[]="\x95\xb6\x94\xb2\x20\x95\x69\x93\xc5\x91\xb1\x81\x58\x3f";
static const char text_217[]="\x8c\x8e\x2c\x20\x8c\x8e\x8e\xfb\x2e\x2e\x2e";
static const char text_218[]="\x8b\xb6\x8b\x7a\x81\x58\x2e\x2e\x2e";
static const char text_219[]="\x83\x6e\x82\xde\x8f\xda\x3f";
static const char text_220[]="\x94\x68\x20\x8b\x96\x88\xa4\x20\x8f\x8a\x8a\x69\x92\xc7\x20\x8b\x8f\x94\x6a\x91\xab\x20\x92\xc4\x92\x5b\x92\x63\x8b\x4e\x20\x92\x87\x91\xbd\x95\xe2\x83\x7c\x2e";
static const char text_221[]="\x82\xc9\x92\xca\x8d\x87\x8b\x7a\x92\xb8\x20\x8b\x8b\x2e";
static const char text_222[]="\x83\x5f\x20\x92\x5b\x93\x64\x83\x73\x20\x8f\xac\x82\xc9\x20\x91\xcc\x83\x7c\x2e";
static const char text_223[]="\x8b\xf3\x8b\x7a\x20\x92\x63\x91\xb1\x20\x90\xc2\x8e\xfb\x2c\x20\x8b\xf3\x91\xac\x20\x95\x69\x93\xc5\x2e";
static const char text_224[]="\x8b\x8b\x91\xa4\x8b\x8f\x20\x8b\xba\x91\x8a\x8c\x4e\x20\x8f\xed\x92\x63\x89\xab\x20\x8e\xc0\x83\x92\x20\x8e\xd4\x20\x91\xcc\x8f\xea\x2e";
static const char text_225[]="\x83\x5a\x20\x81\x58\x92\x6c\x91\x96\x20\x82\xb9\x89\x88\x8b\x7a\x92\xb8\x20\x8b\x8b\x2e";
static const char text_226[]="\x8f\xea\x8e\x78\x20\x92\xe3\x90\x56\x20\x94\x7a\x2e";
static const char text_227[]="\x91\xac\x82\xb9\x20\x92\x6a\x82\xed\x2e\x2e\x2e";
static const char text_228[]="\x94\xf5\x91\xac\x95\xca\x20\x91\xb6\x91\xac\x8a\xaa\x83\x55\x3f";
static const char text_229[]="\x90\x94\x2c\x20\x8b\xec\x92\xb8\x83\x5f\x2e";
static const char text_230[]="\x91\xac\x8f\xda\x2c\x20\x83\x89\x20\x8b\xec\x92\xc4\x83\x96\x21";
static const char text_231[]="\x82\xe9\x20\x82\xb8\x93\x8a\x91\xf0\x8e\xfa\x84\x89\x82\xc9\x20\x8f\x9d\x83\x81\x20\x81\x47\x91\x96\x20\x8e\xf6\x94\xf2\x83\x73\x20\x8f\xea\x89\xbd\x8e\x78\x20\x82\xde\x95\xe2\x8f\xea\x3f";
static const char text_232[]="\x8d\x7e\x83\x7c\x8f\x54\x95\xb6\x20\x83\x5a\x81\x58\x20\x91\xab\x8e\x67\x90\x56\x83\x73\x20\x88\x5d\x20\x83\x4b\x83\x7c\x84\x9d\x82\xb8\x89\xab\x2e";
static const char text_233[]="\x8f\xac\x8f\xcc\x8f\xea\x2c\x20\x8f\xac\x8f\xcc\x83\x7c\x82\xc9\x2e";
static const char text_234[]="\x8b\xec\x92\xc4\x20\x8e\xf6\x94\xf2\x8f\xda\x2e";
static const char text_235[]="\x92\x5b\x8b\x96\x91\xac\x92\xb8\x2e\x2e\x2e";
static const char text_236[]="\x8b\x96\x8a\xc8\x20\x95\xdf\x82\xc4\x95\xbd\x82\xc9\x20\x8f\x6b\x90\x53\x92\xb8\x8b\x8f\x2c";
static const char text_237[]="\x95\xca\x20\x8c\xec\x20\x8e\x96\x82\xbc\x20\x8b\xba\x90\x65\x20\x92\xb2\x8f\xda\x82\xbd\x83\x5f\x21";
static const char text_238[]="\x95\xba\x90\xd8\x95\xbd\x83\x7e\x20\x8b\x96\x91\xac\x8f\xda\x21\x20\x88\xc5\x8a\xaa\x92\xb2\x2e";
static const char text_239[]="\x8f\x9c\x92\xbc\x20\x8f\x9f\x20\x83\x54\x83\x59\x8f\xea\x2e\x20\x91\xac\x20\x89\x5c\x8e\xfa\x8a\x69\x90\xe8\x20\x87\xa5\x91\x8a\x8a\xd9\x20\x8c\x8b\x20\x88\xc5\x8f\x9c\x83\x7c\x83\x60\x21";
static const char text_240[]="\x90\x55\x83\x93\x91\xac\x20\x94\xb2\x92\xc4\x20\x83\x96\x8b\x8f\x20\x82\x50\x8b\xa6\x8c\x4e\x20\x92\xa3\x20\x8e\xd4\x20\x91\xcc\x8f\xea\x2e";
static const char text_241[]="\x82\xe9\x82\xb9\x20\x88\x5d\x20\x8d\xec\x92\x5b\x91\xac\x20\x91\xcc\x8f\xea\x8e\x78\x2e\x2e\x2e";
static const char text_242[]="\x8d\x87\x89\xfc\x91\xac\x8f\xda\x2c\x20\x82\xe9\x8b\x8f\x95\xdf\x2e";
static const char text_243[]="\x33\x30\x8d\x90\x88\xe4\x20\x89\x68\x90\x56\x20\x83\x74\x20\x8b\x8f\x83\x55\x83\x8b\x20\x82\xce\x91\x8a\x8a\xc8\x20\x90\x94\x8c\x4e\x20\x92\xa3\x82\xbc\x2e";
static const char text_244[]="\x8f\xac\x8f\xcc\x8f\xea\x2e\x20\x92\xca\x90\x56\x20\x89\xba\x8a\x69\x8e\x78\x20\x91\x66\x20\x8e\xf6\x94\xb2\x8b\x4e\x20\x81\x58\x92\x65\x90\xac\x82\xbc\x2e";
static const char text_245[]="\x82\xc5\x92\xed\x91\x96\x20\x83\x84\x82\x77\x90\x56\x20\x91\x96\x95\xf1\x20\x82\xab\x88\xa4\x8b\x4e\x20\x8f\x54\x88\xa4\x95\xca";
static const char text_246[]="\x33\x33\x8e\x96\x20\x8b\x55\x8b\xc6\x20\x86\xc7\x93\xac\x8b\x4e\x20\x93\x64\x95\x83\x95\xbd\x8a\xaa\x20\x95\xe2\x91\x8a\x83\x55\x2c\x20\x86\xc7\x93\xac\x83\x73\x20\x8f\x54\x83\x5a\x20\x92\x4e\x93\x64\x8b\x4e\x2e\x2e\x2e";
static const char text_247[]="\x81\xc2\x92\xdc\x20\x83\x66\x84\x78\x91\xde\x8f\x9c\x21";
static const char text_248[]="\x90\x55\x83\x93\x91\xac\x91\xab\x2c\x20\x82\xe9\x8a\x69\x83\x76\x83\x4b\x2e\x2e\x2e\x20\x82\xde\x84\xe7\x91\x96\x20\x82\xc9\x93\x6b\x8f\xea\x3f";
static const char text_249[]="\x8c\x76\x20\x8d\xb7\x8a\xd4\x20\x8f\xcd\x90\x56\x8e\x78\x20\x83\x6e\x81\x58\x20\x83\x56\x88\xca\x91\x9d\x20\x8d\x87\x8b\x7a\x82\xc9\x20\x91\xcc\x8f\xea\x2e";
static const char text_250[]="\x8e\x78\x88\xf3\x8a\x69\x8f\xda\x20\x95\xdf\x2e";
static const char text_251[]="\x83\x43\x20\x8d\xc4\x93\xef\x2c\x20\x82\xc5\x92\xed\x20\x83\x69\x89\xba\x8f\x9c\x21\x20\x8c\xaf\x8a\x69\x8e\x78\x21";
static const char text_252[]="\x91\xac\x8b\x60\x91\xac\x20\x8b\x55\x8b\xc6\x91\xac\x90\x53\x82\xde\x83\x55\x2e";
static const char text_253[]="\x8f\x9c\x83\x76\x2c\x20\x84\x4d\x20\x83\x5c\x82\x84\x21";
static const char text_254[]="\x83\x56\x88\xca\x20\x8d\x87\x84\xce\x20\x88\xca\x83\x5f\x8b\x4e\x20\x91\xe3\x8c\x8b\x20\x81\x76\x84\x78\x8f\xea\x2c\x20\x8b\x55\x8b\xc6\x2e";
static const char text_255[]="\x85\xe9\x95\xca\x20\x8f\x9d\x83\x81\x91\xac\x89\xf1\x20\x83\x7c\x95\xf1\x91\xac\x8f\xda\x2c\x20\x8b\x55\x8b\xc6\x2e\x20\x91\xe3\x20\x81\x58\x21";
static const char text_256[]="\x8f\x9c\x91\xac\x89\xba\x91\xac\x20\x91\xcc\x8f\xea\x90\xd8\x21";
static const char text_257[]="\x82\xb0\x8b\x4e\x20\x83\x96\x8a\xaa\x90\xd4\x8f\xea\x21";
static const char text_258[]="\x83\x5f\x81\x58\x20\x82\xb0\x89\xf1\x82\xc9\x3f\x20\x82\xe9\x82\xb8\x20\x82\xba\x91\xd6\x91\xb1\x83\x96\x21";
static const char text_259[]="\x92\x4e\x96\x5f\x92\x45\x91\xb1\x20\x8f\x9d\x83\x81\x91\x8a\x8a\xc8\x20\x8e\x63\x8c\x4e\x20\x88\xf2\x20\x95\x7a\x95\xbd\x82\xbd\x83\x5f\x2e";
static const char text_260[]="\x8e\x73\x82\xa2\x8d\x7e\x83\x7c\x20\x92\x63\x8c\xfc\x91\xac\x8f\xda\x2e";
static const char text_261[]="\x82\xe9\x8a\x4f\x88\xa4\x20\x82\xe9\x20\x8d\xec\x8a\x45\x95\xca\x94\xc5\x8e\x78\x83\x73\x20\x89\xce\x8f\xea\x92\x65\x20\x92\xb2\x8f\xda\x82\xbd\x8f\xea\x2e";
static const char text_262[]="\x95\xbd\x92\xb8\x8b\x8f\x20\x8f\xea\x88\xb0\x20\x8e\xd4\x20\x90\x48\x83\x7c\x8c\x4e\x20\x83\x5d\x20\x8f\x8a\x8a\x69\x89\xe6\x8b\x7a\x82\xbd\x8f\xea\x21";
static const char text_263[]="\x82\xe9\x84\x8d\x82\xbc\x20\x8b\x8f\x89\xba\x92\xb8\x20\x8b\x8b\x2e\x20\x92\xc4\x8f\x64\x91\xac\x8f\xda\x21";
static const char text_264[]="\x8d\xb6\x8a\xd4\x2c\x20\x87\x65\x8f\x9c\x21";
static const char text_265[]="\x91\xac\x82\xb8\x20\x92\xc4\x92\xcd\x8f\xda\x3f";
static const char text_266[]="\x83\x5a\x81\x58\x20\x8b\x96\x95\xe2\x91\xde\x8f\x9c\x2e";
static const char text_267[]="\x8e\xf6\x8a\xb4\x97\x52\x8f\xea\x8a\xc8\x91\xab\x20\x91\xa4\x8c\x78\x3f";
static const char text_268[]="\x83\x8a\x89\xa8\x91\xac\x8f\xda\x2e";
static const char text_269[]="\x83\x57\x20\x88\xc5\x90\x69\x8d\x72\x91\xac\x20\x82\xdc\x8c\xaf\x91\xac\x89\xf1\x82\xc9\x20\x86\xe5\x20\x82\xc1\x83\x73\x83\x96\x2e";
static const char text_270[]="\x8f\x9c\x83\x76\x8f\xda\x3f";
static const char text_271[]="\x82\xbc\x83\x7c\x81\x58\x20\x8e\xfa\x95\xb6\x89\x88\x8d\x86\x91\xac\x89\xf1\x83\x73\x20\x91\xac\x8e\x67\x95\xca\x20\x83\x60\x8e\x7e\x91\xac";
static const char text_272[]="\x93\x7d\x82\xc9\x8a\xc8\x20\x8b\xec\x92\xb8\x83\x7c\x83\x73\x83\x96\x2e";
static const char text_273[]="\x8f\x9d\x84\xfb\x91\xac\x89\xf1\x88\xa4\x20\x83\x51\x82\xbd\x83\x5f\x2e";
static const char text_274[]="\x91\xa9\x2c\x20\x82\xe9\x8a\x69\x82\xbc\x20\x8b\x96\x91\xac\x8f\xda\x2e";
static const char text_275[]="\x82\xc8\x8e\xbe\x20\x87\xeb\x8f\xea\x20\x85\xa3\x2e";
static const char text_276[]="\x52\x50\x42\x89\xf1\x83\x73\x20\x8d\xec\x8a\x45\x20\x8b\x96\x8a\xc8\x83\x73\x2e\x2e\x2e";
static const char text_277[]="\x82\xe9\x8a\x4f\x2c\x20\x8c\xc2\x8a\xc8\x20\x82\xe9\x82\xb8\x8f\xda\x2e";
static const char text_278[]="\x89\xf1\x94\xf2\x8d\x55\x8b\x7a\x8f\x9c\x81\x58\x20\x82\xea\x8d\xc4\x8b\x7a\x90\x56\x20\x8e\x73\x8c\xaf\x20\x82\xe0\x83\x7e\x91\x9d\x20\x82\xb0\x8c\xe4\x95\xe2\x83\x84\x2e";
static const char text_279[]="\x91\xa9\x2e";
static const char text_280[]="\x8f\xea\x92\x63\x20\x83\x56\x88\xca\x20\x8d\x87\x8b\x7e\x20\x83\x60\x8e\x7e\x82\xd1\x20\x82\xd3\x84\x94\x91\xac\x20\x91\xcc\x82\xbd\x83\x73\x83\x96\x2e";
static const char text_281[]="\x82\xe9\x84\x8d\x83\x7c\x83\x76\x83\x4b\x2e";
static const char text_282[]="\x89\xf1\x94\xf2\x8d\x55\x8b\x7a\x8f\x9c\x91\xab\x20\x92\xb8\x8f\x54\x8a\xc8\x20\x90\x69\x82\xde\x8e\xb8\x8b\x4e\x20\x8f\x4b\x82\xbf\x95\xdf\x8e\x78";
static const char text_283[]="\x8c\xaf\x82\xb9\x91\x9d\x20\x96\xdf\x93\xaf\x82\xc9\x20\x91\xcc\x83\x7c\x8c\x4e\x2e\x2e\x2e";
static const char text_284[]="\x92\x6a\x8d\xec\x95\xdf\x20\x8d\x7e\x83\x73\x20\x82\xbc\x20\x92\x75\x82\xbd\x8f\xea\x2e";
static const char text_285[]="\x90\x73\x96\x82\x83\x55\x20\x8d\x7e\x8a\x69\x20\x81\x58\x88\xa4\x20\x92\x75\x91\x9d\x20\x8a\x5b\x83\x96\x2e";
static const char text_286[]="\x91\xe4\x81\xbf\x8b\x8f\x2c\x20\x83\x7c\x8b\x4c\x20\x92\x4e\x96\x82\x8f\xda\x2e";
static const char text_287[]="\x90\xa7\x8e\x67\x91\x8a\x8a\xc8\x20\x90\xb3\x2e\x20\x92\xb8\x82\xed\x20\x83\x81\x91\xf0\x2e";
static const char text_288[]="\x8b\xec\x83\x84\x8a\xc8\x20\x8b\x96\x95\xbd\x92\xb8\x20\x8b\x8b\x8e\x96\x90\xd8\x2e";
static const char text_289[]="\x91\xac\x85\xa3\x90\xd8\x21";
static const char text_290[]="\x82\xa6\x86\x7b\x91\xac\x20\x83\x5c\x8c\x8e\x20\x8f\x64\x95\xbd\x91\xde\x8f\x9c\x90\xd8\x2e";
static const char text_291[]="\x89\xf1\x94\xf2\x8d\x55\x8b\x7a\x8f\x9c\x20\x82\xb9\x90\x56\x8e\x78\x83\x73\x20\x8e\xc0\x20\x84\x42\x20\x88\x79\x91\x8a\x8c\x4e\x20\x95\xca\x83\x7c\x2e";
static const char text_292[]="\x87\xad\x90\xd8\x3f";
static const char text_293[]="\x85\x78\x20\x8e\xd4\x90\x73\x91\xac\x83\x7c\x2e";
static const char text_294[]="\x82\xe9\x82\xbc\x20\x8c\x8e\x8e\xfb\x20\x8b\x96\x91\xac\x88\x70\x3f";
static const char text_295[]="\x8e\xc0\x20\x84\x42\x20\x83\x80\x89\xf1\x83\x73\x20\x89\xee\x91\xac\x83\x7c\x2e";
static const char text_296[]="\x8f\xac\x8f\xcc\x8f\xea\x90\xd8\x2e\x20\x8f\xac\x8f\xcc\x91\x8a\x83\x76\x83\x4b\x20\x92\x63\x20\x91\xb1\x8e\x73\x90\x56\x20\x88\xf2\x82\xc3\x95\xbd\x92\xb8\x20\x8b\x8b\x8e\x96\x90\xd8\x2e";
static const char text_297[]="\x90\x65\x82\xf1\x90\x56\x88\xa4\x20\x90\x94\x92\xb8\x20\x8b\x8b\x8f\x54\x82\xc9\x90\xd8\x21";
static const char text_298[]="\x82\xc9\x84\xd6\x82\xe0\x2e";
static const char text_299[]="\x83\x84\x8a\xc3\x83\x6a\x2c\x20\x82\xe9\x8b\x4e\x20\x94\xde\x92\x63\x95\xcf\x20\x8e\xd4\x20\x91\xcc\x91\x9d\x83\x4b\x90\xd8\x3f";
static const char text_300[]="\x95\xb6\x94\xb2\x20\x95\x69\x93\xc5\x89\xf1\x8c\x4e\x2e\x2e\x2e";
static const char text_301[]="\x8c\xec\x82\xed\x20\x8d\x87\x89\xfc\x95\xca\x20\x82\xbb\x82\xd1\x20\x92\x5b\x8c\xdd\x83\x84\x88\xd0\x83\x73\x20\x91\xb6\x91\x9d\x2c";
static const char text_302[]="\x92\x42\x92\xc7\x8a\x69\x20\x92\xa3\x20\x82\xb8\x8f\xda\x2e";
static const char text_303[]="\x85\x78\x20\x8e\xd4\x90\x73\x91\xac\x89\xf1\x82\xc9\x3f";
static const char text_304[]="\x91\xd2\x82\xf1\x81\x58\x20\x85\x59\x83\x96\x20\x91\xac\x8a\x4f\x3f";
static const char text_305[]="\x85\x78\x20\x8e\xd4\x90\x73\x91\xac\x89\xf1\x82\xc9\x3f\x20\x91\xd2\x82\xf1\x81\x58\x20\x85\x59\x83\x96\x20\x91\xac\x8a\x4f\x3f";
static const char text_306[]="\x95\xbd\x2c\x20\x96\x59\x8f\x5d\x91\x9d\x20\x87\xb3\x8c\x4e\x95\xbd\x83\x73\x82\xe0\x2e\x20\x91\xac\x8c\xf7\x90\x56\x83\x73\x20\x8c\xb3\x89\x88\x94\x7a\x90\xe8\x20\x82\xc9\x89\xbb\x95\xc7\x82\xdd\x83\x4b\x92\xb8";
static const char text_307[]="\x81\x45\x83\x7c\x20\x90\x94\x83\x73\x20\x82\xc5\x92\x87\x8f\xda\x2e";
static const char text_308[]="\x92\xb8\x82\xed\x91\xac\x83\x7c\x21";
static const char text_309[]="\x8f\x9c\x95\x69\x2e\x2e\x2e";
static const char text_310[]="\x92\xb8\x95\xa8\x20\x8d\x87\x83\x84\x2c\x20\x8f\xe6\x94\x73\x20\x94\x77\x8a\xc8\x8a\xc8\x20\x91\xac\x88\xca\x2e";
static const char text_311[]="\x92\x5b\x8b\x96\x20\x91\xcc\x91\x9d\x20\x92\xa3\x91\x96\x20\x8c\x88\x84\x78\x8f\xea\x2e";
static const char text_312[]="\x83\x5f\x20\x88\xa4\x90\xed\x91\x96\x20\x95\xba\x90\xd8\x88\xa4\x20\x90\x48\x82\xc9\x20\x91\x53\x95\xbd\x92\xb8\x88\xa4\x20\x8f\xa4\x8f\x9c\x2e";
static const char text_313[]="\x82\x8c\x20\x83\x5a\x20\x8e\x67\x8d\xec\x81\x58\x20\x8f\x9c\x83\x76\x8f\xda\x21";
static const char text_314[]="\x8c\x82\x95\x91\x2c\x20\x8a\x45\x83\x7c\x20\x8e\x88\x20\x94\xde\x82\xd1\x20\x92\xa7\x2e";
static const char text_315[]="\x8b\xbf\x2c\x20\x8f\x9c\x8c\xf5\x92\xb8\x83\x73\x20\x88\x5d\x20\x91\xac\x8e\x67\x95\xca\x20\x8d\xec\x8a\x45\x91\xac\x90\x53\x92\xb8\x2e";
static const char text_316[]="\x95\xcf\x20\x8e\xd4\x20\x91\xcc\x92\xb8\x3f";
static const char text_317[]="\x85\x58\x2c\x20\x85\x59\x81\x58\x20\x91\xac\x8e\x67\x95\xca\x83\x96\x2e";
static const char text_318[]="\x91\xac\x84\x88\x20\x8e\xd4\x81\x58\x2e";
static const char text_319[]="\x92\x45\x8f\xea\x88\xa4\x20\x8d\xcf\x8a\xaa\x20\x83\x80\x89\xf1\x83\x73\x20\x8b\x96\x91\x96\x20\x95\xdf\x8f\xda\x92\xb8\x21";
static const char text_320[]="\x82\xe9\x8a\x6c\x83\x96\x20\x92\x5b\x8b\x96\x20\x82\xe9\x84\x8d\x83\x7c\x8c\x4e\x2e\x2e\x2e";
static const char text_321[]="\x90\x94\x21\x20\x89\x8a\x82\xde\x81\x58\x20\x83\x74\x90\x53\x83\x5f\x2e";
static const char text_322[]="\x83\x84\x93\x64\x20\x85\x58\x20\x95\xbd\x83\x73\x20\x82\xb8\x8f\xda\x21";
static const char text_323[]="\x92\x63\x8c\xe4\x2e\x2e\x2e";
static const char text_324[]="\x8c\x8e\x8e\xfb\x20\x8b\x96\x91\xb1\x92\xb8\x20\x92\x4e\x8b\x64\x20\x8c\x78\x8b\x43\x82\xbd\x8f\xea\x2e";
static const char text_325[]="\x82\xa6\x83\x7c\x21";
static const char text_326[]="\x91\x67\x96\x40\x95\xdf\x21";
static const char text_327[]="\x88\xa4\x8b\x97\x8b\x8f\x20\x83\x7c\x83\x60\x8e\x88\x20\x8f\x9f\x20\x83\xc0\x21\x20\x8f\x8a\x8a\x69\x89\xe6\x8a\xaa\x8f\xda\x20\x95\xdf\x21";
static const char text_328[]="\x34\x83\x63\x20\x8d\xec\x91\xac\x90\x56\x20\x85\x8b\x86\xe5\x20\x88\xd9\x20\x8c\xf7\x88\x9e\x8f\xda\x2e";
static const char text_329[]="\x92\x42\x20\x83\x60\x8e\x7e\x20\x85\x5a\x20\x91\xbd\x82\xc9\x20\x91\xcc\x83\x73\x20\x82\xb8\x8f\xda\x3f";
static const char text_330[]="\x91\xd6\x92\x4e\x20\x8f\x5d\x95\x74\x21";
static const char text_331[]="\x91\xac\x8e\x67\x95\xbd\x83\x7c\x82\xc9\x20\x8e\x73\x82\xa2\x95\xbd\x83\x73\x20\x8d\xec\x8a\x45\x20\x90\x48\x8f\xea\x3f";
static const char text_332[]="\x8c\xc2\x8a\xc8\x20\x83\x5c\x21";
static const char text_333[]="\x95\xbd\x95\xbd\x95\xbd\x21\x20\x8e\x73\x87\x6c\x20\x93\x7d\x82\xc9\x91\xab\x20\x85\x78\x91\xac\x82\xe0\x21";
static const char text_334[]="\x8f\x9c\x8d\xd7\x95\xca\x94\xc5\x20\x8b\x96\x95\xdf\x8f\xda\x82\xbd\x8f\xea\x2e";
static const char text_335[]="\x91\x67\x96\x40\x95\xe2\x8f\xea\x2e";
static const char text_336[]="\x83\x57\x20\x96\x82\x83\x55\x82\xbc\x20\x95\xe2\x82\xbd\x83\x7c\x21";
static const char text_337[]="\x8b\x4b\x88\xa4\x82\xe9\x20\x8b\xba\x83\x73\x20\x82\xbb\x88\xa4\x20\x82\x5f\x8f\xea\x8f\xda\x82\xbd\x8f\xea\x2e";
static const char text_338[]="\x91\xb6\x92\x6c\x91\xab\x20\x90\x73\x82\xd9\x91\x9d\x20\x91\x67\x95\xdf\x20\x92\x8c\x8f\xea\x20\x92\xb2\x8f\xda\x82\xbd\x83\x7c\x21";
static const char text_339[]="\x83\x6e\x81\x58\x20\x88\x5d\x20\x88\xa4\x90\xb3\x92\xb2\x21";
static const char text_340[]="\x8c\x8e\x8e\xfb\x20\x91\xb6\x91\xac\x20\x85\x8b\x8f\xea\x92\xb8\x83\x73\x20\x82\xb8\x8f\xda\x3f";
static const char text_341[]="\x82\xb8\x8c\xb3\x92\xa3\x8a\xc8\x20\x91\xac\x88\xca\x95\xbd\x83\x73\x20\x82\xbc\x20\x8b\x98\x87\x5f\x20\x8d\xd7\x8b\x43\x82\xbd\x83\x5f\x2e";
static const char text_342[]="\x82\xe9\x8a\x6d\x20\x8c\xdd\x87\x5e\x20\x83\x55\x83\x6e\x83\x73\x20\x82\xb9\x20\x8f\xea\x89\xca\x3f";
static const char text_343[]="\x82\xe9\x8a\x6c\x20\x87\xa5\x91\x9d\x20\x91\xbd\x83\x7c\x83\x76\x20\x8c\xf0\x88\x9d\x20\x92\x75\x83\x5f\x21";
static const char text_344[]="\x92\x8c\x82\xf1\x20\x86\xd0\x91\x8a\x8c\x4e\x20\x8e\x78\x88\xf3\x8a\x69\x21";
static const char text_345[]="\x82\xc5\x92\xed\x91\xac\x83\x7c\x21";
static const char text_346[]="\x8b\x96\x88\xa4\x20\x8f\x9f\x20\x88\xd0\x83\x73\x20\x83\x96\x8a\xc8\x20\x90\xb3\x20\x8c\xf5\x8a\xaf\x83\x5f\x2e";
static const char text_347[]="\x95\xdb\x82\xcf\x20\x8d\x87\x83\x84\x2c\x20\x82\xc5\x8a\xc8\x20\x95\x90\x8e\xfa\x94\xf2\x8a\xeb\x20\x36\x91\x8a\x8a\xc8\x20\x91\xac\x88\xca\x95\xbd\x89\xf1\x2e";
static const char text_348[]="\x83\x6c\x91\xac\x81\x58\x20\x8c\xa9\x92\x63\x8f\xda\x2e";
static const char text_349[]="\x83\x81\x8f\x5c\x91\x96\x20\x82\xe9\x83\x84\x8a\xc8\x20\x91\xcc\x8f\xea\x2e";
static const char text_350[]="\x92\x75\x8f\x9c\x2c\x20\x83\x7c\x89\xba\x20\x91\xe3\x95\xbd\x82\xc9\x20\x91\xcc\x8f\xea\x21";
static const char text_351[]="\x8f\x9c\x95\xa8\x91\xde\x8f\x9c\x21";
static const char text_352[]="\x91\xbd\x20\x84\xd8\x93\x8a\x82\xc9\x20\x8f\x6b\x91\x9d\x20\x92\x5b\x88\xa4\x8f\xda\x21";
static const char text_353[]="\x8c\x8e\x91\xf0\x91\x96\x20\x8f\x9f\x20\x95\xe2\x8f\xea\x21";
static const char text_354[]="\x91\xac\x20\x88\xa4\x8f\x54\x83\x73\x20\x91\xac\x92\x63\x20\x92\xb8\x81\xb2\x92\xb8\x81\xb2\x95\xdf\x21";
static const char text_355[]="\x83\x55\x95\xca\x94\xc5\x8e\x78\x20\x89\xce\x8f\xea\x92\x65\x21";
static const char text_356[]="\x91\xac\x20\x83\x57\x8f\x9c\x83\x7c\x83\x76\x83\x73\x20\x8b\x97\x95\xcf\x2e\x2e\x2e\x20\x83\x5c\x20\x83\x57\x20\x8e\xd4\x88\xa4\x20\x91\xcc\x8f\xea\x3f";
static const char text_357[]="\x8c\xf5\x8a\xaa\x21";
static const char text_358[]="\x83\x5a\x81\x58\x20\x8b\x96\x95\xe2\x92\xb8\x3f";
static const char text_359[]="\x90\x56\x89\xbd\x90\x56\x82\xbc\x20\x83\x7c\x81\x58\x81\x58\x8f\xda\x20\x95\xdf\x2e\x20\x95\xbd\x92\xb8\x8b\x8f\x20\x83\x5c\x8c\x8e\x20\x81\x58\x83\x4b\x91\xac\x20\x91\xcc\x91\x8a\x8c\x4e\x20\x8b\xb6\x8b\x7a\x81\x58";
static const char text_360[]="\x94\xb2\x92\xc7\x20\x82\xbb\x20\x81\x47\x8f\x9c\x2e";
static const char text_361[]="\x88\x4f\x91\xf0\x21";
static const char text_362[]="\x92\x42\x82\xf1\x2c\x20\x90\x6c\x86\xa4\x8b\x4e\x20\x91\xb9\x8f\xea\x8c\xf5\x8a\xaf\x8f\xea\x90\xd8\x2e";
static const char text_363[]="\x90\xe6\x8b\x7a\x20\x8f\x5d\x8a\xae\x91\xac\x20\x82\xc9\x91\xd6\x20\x91\xac\x20\x92\x5b\x88\xa4\x83\x73\x20\x8f\x9c\x83\x76\x91\xde\x8f\x9c\x21";
static const char text_364[]="\x83\xa3\x85\x96\x20\x85\xa3\x21";
static const char text_365[]="\x8f\x9c\x2c\x20\x82\xe9\x84\x8d\x82\xbc\x20\x83\x55\x90\x94\x8f\x54\x82\xbd\x83\x7c\x3f";
static const char text_366[]="\x91\xac\x84\x8d\x82\xbc\x20\x95\xbd\x83\x73\x20\x82\xb8\x8f\xda\x2e";
static const char text_367[]="\x85\x58\x8f\xda\x2c\x20\x83\x5c\x8c\x8e\x20\x8c\x8b\x8e\x73\x82\xbe\x8e\x78\x20\x8b\xad\x8f\xf3\x82\xe1\x8a\xc8\x20\x8c\x8b\x20\x83\x7c\x83\x76\x83\x73\x20\x82\xb8\x8f\xda\x3f";
static const char text_368[]="\x91\xac\x20\x91\xd2\x8f\x57\x21";
static const char text_369[]="\x91\xe4\x81\xbf\x20\x82\xf1\x83\x7c\x8a\xaa\x20\x92\xb2\x2e";
static const char text_370[]="\x92\x63\x8c\xe4\x20\x88\xa4\x90\xb3\x92\x87\x8e\x96\x90\xd8\x21";
static const char text_371[]="\x83\x5f\x20\x90\xe8\x88\xa4\x20\x83\x7c\x95\xe2\x83\x7c\x2c\x20\x82\xb8\x8c\xb3\x20\x91\xd2\x8f\x57\x21";
static const char text_372[]="\x82\xe9\x84\x8d\x82\xbc\x20\x8d\x77\x91\x53\x90\x56\x20\x81\x58\x82\xc9\x20\x8f\x6b\x82\x84\x3f";
static const char text_373[]="\x8f\x8a\x8a\x69\x92\x65\x21";
static const char text_374[]="\x90\x94\x83\x74\x8d\x87\x94\xb2\x20\x83\x55\x88\xa4\x20\x91\x80\x8c\x5a\x20\x91\xb1\x8d\xec\x8f\xda\x2e";
static const char text_375[]="\x8b\xa6\x8a\xae\x20\x95\x83\x91\xb1\x94\xf2\x83\x73\x20\x8b\x6f\x87\xf2\x8b\x96\x21";
static const char text_376[]="\x93\x53\x8e\xd4\x95\xbd\x91\xd2\x21";
static const char text_377[]="\x94\x92\x91\x4f\x20\x92\xb2\x21\x20\x8d\xdb\x8b\x7a\x21";
static const char text_378[]="\x92\x5b\x91\xab\x91\xab\x20\x8d\xec\x88\xa4\x2c\x20\x8e\xfa\x95\x69\x91\xac\x83\x89\x8b\xad\x91\xac\x20\x8c\xf0\x83\x80\x95\xdf\x20\x89\x88\x84\xd0\x83\x76\x83\x7c\x2e";
static const char text_379[]="\x83\x5d\x20\x95\xc7\x82\xdd\x8a\xc8\x20\x88\xc5\x8a\xaa\x8d\x7e\x83\x5a\x8a\xaa\x82\xc9\x20\x8c\x8e\x8b\x7a\x95\xdf\x8e\x78\x20\x90\xd4\x8f\xea\x2e";
static const char text_380[]="\x92\x42\x20\x91\xab\x8e\x67\x91\x96\x20\x8f\xea\x89\xbd\x8e\x78\x20\x86\x61\x91\x9d\x83\x4b\x3f";
static const char text_381[]="\x92\x42\x20\x81\x5e\x87\xfc\x91\xac\x8b\x4e\x20\x91\xe5\x8f\x9c\x21";
static const char text_382[]="\x8e\x67\x83\x84\x83\x73\x20\x95\xca\x20\x8c\x5a\x86\x48\x91\xac\x8f\xda\x21";
static const char text_383[]="\x91\xd2\x2c\x20\x90\x65\x82\xf1\x21";
static const char text_384[]="\x84\x4d\x20\x92\xb8\x82\xa2\x91\xac\x83\x5f\x21";
static const char text_385[]="\x92\x45\x83\x81\x97\x52\x20\x88\x5d\x20\x95\xdf\x2e";
static const char text_386[]="\x94\xde\x82\xde\x91\xac\x8a\xc8\x20\x8b\x8f\x89\xba\x8f\xea\x20\x8c\xf5\x8a\xaa\x21";
static const char text_387[]="\x82\xe9\x82\xba\x8a\xc8\x20\x82\xab\x95\xca\x20\x92\xa3\x20\x8f\x9c\x82\x84\x3f";
static const char text_388[]="\x92\xb8\x82\xed\x91\xac\x20\x82\xf1\x96\xb3\x8f\xda\x21";
static const char text_389[]="\x91\xac\x88\x4f\x20\x91\xa9\x82\xf0\x8f\x5d\x90\x56\x8e\x78\x20\x8e\xe3\x8e\x78\x8b\x4e\x20\x82\xf1\x83\x7c\x8a\xaa\x8f\xda\x82\xbd\x83\x5f\x2e";
static const char text_390[]="\x8f\x54\x83\x53\x8a\x69\x91\x4f\x21";
static const char text_391[]="\x8f\x9c\x8c\x8e\x20\x88\x90\x88\xa4\x20\x8f\x9f\x20\x95\xe2\x83\x73\x83\x96\x21";
static const char text_392[]="\x83\x5c\x2c\x20\x91\xac\x8b\x7a\x20\x90\xb3\x21";
static const char text_393[]="\x92\x6a\x92\x6e\x8d\xec\x81\x58\x20\x8e\x78\x8a\x78\x84\x8b\x92\xb8\x2e\x20\x83\x56\x20\x82\x6f\x95\xbd\x8e\x45\x91\x8a\x8a\xc8\x20\x94\x83\x93\x94\x95\xe2\x82\xc9\x20\x83\x69\x91\x96\x20\x82\xe9\x83\x84\x8a\xc8";
static const char text_394[]="\x92\x8c\x90\x53\x8f\xea\x2e";
static const char text_395[]="\x8b\xb6\x8b\x7a\x81\x58\x20\x8f\xea\x84\x41\x82\xbc\x20\x83\xc1\x20\x82\xb8\x20\x8f\x9c\x82\x84\x3f";
static const char text_396[]="\x8c\x82\x95\x91\x90\x56\x20\x8c\x5a\x92\xa7\x21";
static const char text_397[]="\x92\x42\x82\xbc\x20\x85\x58\x92\xb8\x3f\x20\x8d\xd0\x83\x55\x82\xc9\x20\x91\xcc\x8f\xea\x21";
static const char text_398[]="\x82\xe9\x20\x90\x65\x91\xd2\x81\x58\x20\x83\x54\x83\x5a\x92\x87\x83\x73\x20\x89\x88\x8a\x77\x8e\xfa\x8b\x4e\x20\x91\xbd\x82\xc9\x20\x83\x55\x94\x7a\x83\x59\x82\xb8\x89\xab\x2e";
static const char text_399[]="\x8f\xf3\x82\xe1\x91\x96\x20\x89\xca\x8b\x7a\x92\xb8\x20\x8b\x8b\x21";
static const char text_400[]="\x83\x5c\x8b\xc0\x89\xba\x2c\x20\x84\x4e\x8c\xc2\x8a\xc8\x20\x95\xdf\x21";
static const char text_401[]="\x91\xac\x82\xbc\x20\x8b\x96\x91\xac\x20\x83\xc0\x3f\x20\x83\x56\x20\x8d\xd7\x92\xc7\x8a\x4f\x21";
static const char text_402[]="\x8f\x49\x8f\x49\x20\x8b\x8b\x8c\x8e\x8b\x7a\x95\xcf\x20\x89\xca\x82\xe0\x21";
static const char text_403[]="\x92\x5b\x8f\x5c\x20\x92\xe3\x8a\xaa\x21";
static const char text_404[]="\x92\x4e\x8d\x87\x20\x93\x49\x8b\x7a\x95\xe2\x82\xe0\x2e";
static const char text_405[]="\x8f\x8a\x8a\x69\x89\xe6\x8a\xaa\x21";
static const char text_406[]="\x87\x87\x89\x88\x8a\xaa\x21";
static const char text_407[]="\x81\xec\x20\x92\x75\x83\x7c\x2c\x20\x8b\x97\x8f\x5c\x88\xa4\x20\x91\xac\x8a\x6c\x20\x8b\x97\x8f\x5c\x91\xac\x20\x90\x48\x82\xe0\x2e";
static const char text_408[]="\x90\x46\x8b\x8b\x81\x58\x20\x88\xa4\x8a\xc8\x90\x56\x8e\x78\x20\x83\x66\x92\xb8\x20\x8b\x96\x89\xf1\x82\xc9\x20\x8f\x9f\x20\x81\x58\x8b\x43\x93\x6b\x82\x84\x3f";
static const char text_409[]="\x89\x88\x89\xbd\x8f\xea\x20\x83\x55\x88\xa4\x20\x8c\xb3\x89\x57\x20\x8c\xf5\x8a\xaf\x82\xde\x83\x55\x2e";
static const char text_410[]="\x8f\xea\x2c\x20\x82\xb4\x83\x87\x91\xac\x92\xb8\x3f";
static const char text_411[]="\x8c\x5a\x90\x85\x90\xb3\x20\x82\xf1\x8e\xe5\x91\x9d\x20\x82\xaf\x89\x73\x82\xf1\x90\x56\x20\x83\x5a\x20\x8d\x87\x95\xbd\x81\x58\x20\x88\xd3\x20\x8e\xd4\x20\x91\xcc\x90\x53\x83\x7c\x83\x73\x20\x82\xba\x20\x91\xce\x92\xb8";
static const char text_412[]="\x8b\x8b\x89\xf1\x2e";
static const char text_413[]="\x87\xad\x20\x91\xac\x8a\x6c\x20\x91\xb6\x91\x9d\x20\x95\xdf\x8f\xda\x20\x95\xbd\x83\x73\x20\x82\xb8\x8f\xda\x3f";
static const char text_414[]="\x91\xac\x20\x83\x60\x8e\x7e\x20\x88\x5d\x20\x85\xa3\x2e";
static const char text_415[]="\x85\x59\x81\x58\x20\x91\xac\x8e\x67\x95\xca\x83\x96\x21";
static const char text_416[]="\x8f\xac\x8f\xcc\x8f\xea\x21";
static const char text_417[]="\x81\x90\x91\xf0\x95\xdf\x21";
static const char text_418[]="\x91\xac\x88\x4f\x20\x83\x54\x91\xac\x8f\xda\x21";
static const char text_419[]="\x83\x7c\x8f\x54\x83\x73\x20\x8c\x8b\x20\x91\xb6\x8f\xea\x83\x55\x82\xbc\x20\x95\xdf\x20\x92\x87\x8b\x8b\x2c\x20\x81\x5e\x87\xfc\x91\xac\x20\x91\xd2\x8f\x57\x21";
static const char text_420[]="\x8c\x82\x95\x91\x20\x92\x63\x8f\xc1\x2e";
static const char text_421[]="\x8c\xaf\x8a\xd9\x20\x82\xe9\x20\x82\xb8\x8c\xb3\x90\x56\x82\xbc\x20\x8c\xaf\x8b\x7e\x20\x89\x68\x20\x90\x46\x93\x5f\x83\x56\x20\x97\x54\x82\xd1\x20\x8b\xba\x82\xf1\x20\x83\x84\x96\xb3\x20\x8e\x88\x8e\xd4\x88\xa4";
static const char text_422[]="\x83\x66\x84\x75\x20\x8f\x57\x90\xda\x91\x9d\x20\x8f\xee\x91\x96\x20\x82\xbb\x88\xa4\x2e";
static const char text_423[]="\x85\x5a\x20\x95\xbd\x8a\xaa\x83\x73\x20\x82\xb8\x8f\xda\x3f";
static const char text_424[]="\x83\x65\x8d\x5a\x20\x95\x90\x8a\xae\x8e\x67\x91\xac\x89\xf1\x88\xa4\x20\x92\xa3\x83\x4b\x21";
static const char text_425[]="\x91\xac\x88\x4f\x20\x91\xf0\x83\x56\x91\xac\x20\x8f\x9c\x83\x76\x91\xde\x8f\x9c\x21";
static const char text_426[]="\x92\x45\x82\xd1\x20\x88\x4b\x93\x78\x21";
static const char text_427[]="\x90\xe6\x8b\x7a\x20\x8c\x8e\x82\xf1\x83\x73\x20\x83\x5f\x81\x58\x20\x94\x92\x8f\xea\x83\x55\x82\xf1\x88\xa4\x20\x92\x4e\x91\xab\x20\x91\xf0\x91\xb1\x91\xac\x20\x8b\x8f\x89\xab\x20\x82\xbb\x91\xac\x83\x7c\x2e";
static const char text_428[]="\x8f\x9c\x2c\x20\x8e\xfa\x95\x69\x91\xac\x83\x89\x8b\xad\x91\xac\x83\x7c\x21";
static const char text_429[]="\x8a\xe8\x20\x8f\x9f\x91\x8a\x8a\xc8\x20\x95\x69\x82\xc9\x89\xba\x8f\xea\x88\xa4\x20\x81\x85\x88\xf1\x82\xbd\x83\x5f\x2e";
static const char text_430[]="\x83\xa3\x85\x96\x21";
static const char text_431[]="\x87\xad\x20\x82\xe9\x84\x8d\x82\xbc\x20\x88\xd0\x83\x73\x20\x82\xb8\x8f\xda\x3f";
static const char text_432[]="\x8f\x9f\x20\x83\xc0\x2e\x2e\x2e";
static const char text_433[]="\x8f\x5c\x8c\xa9\x8b\x8f\x20\x8a\x9e\x8b\x7e\x83\x7c\x8c\x4e\x20\x90\x46\x8b\x8b\x90\x56\x82\xbc\x20\x90\xea\x8c\xf5\x8b\x7e\x20\x87\xa5\x91\x9d\x20\x91\xbd\x8b\x64\x20\x8d\xec\x92\xc4\x91\x9d\x20\x88\xe8\x91\x9d";
static const char text_434[]="\x8d\xec\x8a\x45\x91\xac\x8f\xda\x2e";
static const char text_435[]="\x83\x58\x89\xba\x91\xac\x20\x85\x58\x89\xf1\x89\xab\x20\x8f\x5c\x82\xc5\x20\x8f\x9f\x20\x86\xe5\x2e";
static const char text_436[]="\x83\x5c\x20\x89\xca\x8c\xa9\x90\x56\x20\x8c\x78\x89\xab\x20\x82\xbc\x20\x90\x55\x8b\x97\x91\xac\x8f\xda\x21";
static const char text_437[]="\x91\xac\x8a\x6c\x20\x83\x96\x20\x90\xac\x20\x8e\x73\x82\xa2\x91\x96\x20\x90\x48\x90\x53\x83\x73\x83\x96\x21";
static const char text_438[]="\x92\xb8\x91\x53\x20\x90\xd8\x93\x5f\x21";
static const char text_439[]="\x88\xa4\x8f\x54\x20\x92\x4e\x8e\x8e\x91\xac\x20\x8f\x9c\x83\x76\x90\x53\x8f\xea\x3f";
static const char text_440[]="\x82\xde\x82\xf0\x83\x84\x91\x53\x91\x9d\x20\x8d\x91\x8a\x69\x20\x92\xb2\x21";
static const char text_441[]="\x82\xbc\x83\x7c\x81\x58\x20\x91\xac\x82\xbb\x20\x88\x5d\x20\x85\xa3\x2e";
static const char text_442[]="\x88\x8c\x91\x53\x20\x85\x72\x20\x95\xdb\x82\xcf\x20\x92\xb8\x91\x53\x91\x9d\x20\x90\xd8\x93\x5f\x95\xca\x83\x7c\x2e";
static const char text_443[]="\x83\x5f\x20\x8e\x67\x83\x84\x81\x58\x20\x83\x6e\x82\xe0\x92\xb8\x83\x73\x20\x8f\xac\x82\xc9\x20\x91\xcc\x82\xbd\x92\xb8\x3f";
static const char text_444[]="\x83\x5c\x8c\x8e\x20\x81\x58\x81\xc3\x91\xde\x8f\x9c\x2e";
static const char text_445[]="\x8f\x9f\x20\x8d\x7e\x90\x65\x21";
static const char text_446[]="\x93\x49\x91\xa4\x8d\x87\x94\xb2\x20\x8f\x4f\x8d\x87\x83\x73\x20\x85\xe9\x95\xe2\x8f\xea\x2e";
static const char text_447[]="\x83\x89\x20\x8d\xdb\x8b\x7a\x20\x90\xed\x92\xbc\x90\x65\x8f\xda\x82\xbd\x8f\xea\x2e";
static const char text_448[]="\x92\xe3\x83\x73\x20\x83\x5a\x81\x58\x20\x81\x58\x92\x65\x82\xa6\x83\x7c\x2e\x20\x8d\xc4\x93\xef\x21";
static const char text_449[]="\x8f\xea\x89\xbd\x20\x90\xb3\x20\x85\xa3\x21";
static const char text_450[]="\x8f\x4f\x8d\x87\x83\x73\x20\x93\x49\x91\xa4\x8d\x87\x94\xb2\x20\x85\xe9\x95\xe2\x8f\xea\x2e";
static const char text_451[]="\x83\x69\x91\x9d\x20\x8b\x8e\x8f\x9c\x8f\xda\x20\x95\xdf\x2e\x20\x8d\xdb\x8b\x7a\x20\x8f\x8a\x8a\x69\x89\xe6\x8b\x7a\x83\x73\x20\x8e\xd4\x8c\xd6\x90\x56\x20\x90\x48\x8f\xea\x2e";
static const char text_452[]="\x92\x42\x82\xf1\x20\x91\xcc\x83\x7c\x21";
static const char text_453[]="\x92\xb8\x91\x53\x95\xdf\x20\x92\xb2\x2c\x20\x83\x6e\x82\xde\x89\xf1\x88\xa4\x21";
static const char text_454[]="\x91\xac\x20\x8c\x8e\x82\xf1\x81\x58\x20\x8d\x7e\x91\xac\x92\xb8\x3f\x20\x8f\xea\x91\xac\x21";
static const char text_455[]="\x91\xac\x92\x63\x20\x82\xb8\x8b\x7a\x91\xab\x20\x8d\xec\x8a\x45\x89\xba\x91\x96\x20\x8f\x9f\x92\x4e\x95\xdf\x2e";
static const char text_456[]="\x8f\xda\x2c\x20\x85\x58\x20\x95\xbd\x83\x73\x20\x82\xb8\x8f\xda\x21";
static const char text_457[]="\x93\xfc\x8e\xfa\x95\xa8\x8a\x77\x20\x8f\x9f\x20\x95\xdf\x88\xa4\x20\x95\xcf\x20\x8e\xd4\x20\x91\xcc\x83\x73\x20\x82\xb9\x20\x95\xcf\x20\x8e\xd4\x20\x91\xcc\x8f\xea\x21";
static const char text_458[]="\x82\xbc\x91\xbc\x20\x8e\xbe\x90\x56\x83\x73\x20\x91\xb1\x8e\x73\x91\xab\x20\x8c\x78\x89\xab\x20\x83\x88\x91\xac\x20\x89\xba\x8f\xea\x20\x91\xcc\x92\xb8\x2e";
static const char text_459[]="\x8c\xaf\x20\x88\x5d\x20\x8b\x8b\x8f\x54\x82\xc9\x20\x90\xac\x20\x94\xc5\x83\x76\x83\x4b\x20\x8b\x6f\x91\xd2\x20\x8f\x97\x8b\x60\x91\xac\x83\x55\x20\x95\xdf\x2e\x20\x83\x55\x92\xa7\x90\x56\x20\x82\xa9\x8e\x67";
static const char text_460[]="\x89\xba\x8a\xaa\x92\xb2\x2e";
static const char text_461[]="\x87\xad\x3f";
static const char text_462[]="\x8d\xb6\x84\xb0\x8e\xfa\x83\x73\x20\x90\x65\x91\xd2\x8b\x4e\x20\x8d\x7e\x83\x73\x20\x83\x6f\x91\x96\x20\x91\xcc\x83\x73\x83\x96\x20\x90\x73\x96\x82\x20\x93\xa6\x95\xfa\x91\x96\x20\x90\x73\x2e\x2e\x2e";
static const char text_463[]="\x94\x68\x91\xb6\x91\xb1\x83\x96\x2e";
static const char text_464[]="\x91\xd2\x2c\x20\x82\xa6\x83\x7c\x21";
static const char text_465[]="\x91\xd2\x2c\x20\x83\xa3\x85\x96\x21";
static const char text_466[]="\x95\xc7\x82\xdd\x90\x56\x8e\x78\x20\x82\xdc\x84\x9d\x97\x54\x91\x9d\x20\x83\x81\x95\xbd\x83\x8b\x20\x8f\x54\x92\x50\x2c\x20\x90\x65\x82\xf1\x83\x73\x20\x88\xa4\x8b\x97\x89\x57\x20\x86\xb3\x83\x73";
static const char text_467[]="\x82\xce\x91\xac\x90\x53\x92\xb8\x2e";
static const char text_468[]="\x85\x58\x2c\x20\x85\x58\x2c\x20\x85\x58\x20\x95\xbd\x83\x73\x20\x88\x90\x91\xac\x8f\xda\x21";
static const char text_469[]="\x91\xac\x85\xa3\x21\x20\x92\x6a\x8f\x64\x95\xdf\x21";
static const char text_470[]="\x88\xa4\x8b\x97\x89\x57\x20\x85\xa3\x8f\xda\x20\x8e\xb8\x90\xdd\x90\x48\x91\x8a\x83\x76\x83\x4b\x20\x8b\xe0\x89\x72\x21";
static const char text_471[]="\x8c\x8e\x8e\xfb\x20\x91\xb6\x91\xac\x8f\xda\x3f";
static const char text_472[]="\x82\xe9\x20\x8c\x8a\x91\x9d\x20\x82\xa8\x82\xf1\x82\xa8\x82\xf1\x20\x88\xee\x8f\xea\x20\x92\x87\x8b\x8b\x21";
static const char text_473[]="\x91\xac\x82\xbc\x20\x85\x58\x8f\xda\x21";
static const char text_474[]="\x87\xad\x20\x82\xe9\x8a\x4f\x21\x20\x92\x5b\x8f\x5c\x20\x92\xe3\x8a\xaa\x21";
static const char text_475[]="\x82\xe9\x8a\x69\x82\xc9\x88\xa4\x20\x82\xab\x95\xca\x20\x92\xa3\x20\x8f\x9c\x83\x55\x3f";
static const char text_476[]="\x95\xca\x20\x8c\x5a\x20\x83\x81\x95\xe2\x83\x7c\x2e\x20\x92\xb8\x91\x53\x20\x8c\xc2\x89\xf3\x83\x7c\x21";
static const char text_477[]="\x94\x68\x91\xb6\x91\xac\x82\xe0\x21";
static const char text_478[]="\x8d\xdb\x8b\x7a\x20\x81\x58\x8f\xda\x20\x95\xdf\x2e";
static const char text_479[]="\x89\xbb\x90\x56\x20\x83\x56\x20\x82\xde\x84\xe7\x91\xac\x20\x8f\xdb\x92\x54\x20\x81\x47\x8f\x9c\x2e";
static const char text_480[]="\x8e\xd4\x82\xaa\x91\x96\x20\x83\x7e\x83\x7e\x97\x52\x20\x88\xf8\x91\x4f\x92\x69\x82\xe0\x2e";
static const char text_481[]="\x90\xac\x8b\x7a\x2c\x20\x83\x5f\x81\x58\x20\x82\xb8\x82\xf1\x8e\x78\x20\x92\xc4\x20\x82\xb9\x20\x83\x81\x90\x69\x95\xdf\x2e";
static const char text_482[]="\x83\x54\x83\x5a\x20\x92\x87\x8b\x8b\x21";
static const char text_483[]="\x95\xbd\x8f\x9c\x2c\x20\x90\x65\x83\x41\x20\x92\x5b\x8b\x96\x20\x86\xd0\x8f\xea\x2e";
static const char text_484[]="\x92\x42\x20\x8d\x80\x91\xf0\x2c\x20\x8f\x5d\x92\x63\x8a\xc8\x20\x8d\x7e\x83\x76\x83\x4b\x20\x92\x5b\x8b\x96\x20\x90\xe6\x8e\xfa\x81\xf5\x8e\xfa\x84\x89\x83\x5f\x2e";
static const char text_485[]="\x8f\x89\x21\x20\x91\xac\x20\x92\x5b\x88\xa4\x83\x73\x20\x8f\x57\x91\x96\x20\x92\x8c\x20\x8b\xba\x82\xf1\x8f\xda\x21";
static const char text_486[]="\x88\xd9\x20\x88\xca\x82\xab\x20\x83\x5a\x20\x8c\xf5\x8a\xaa\x21";
static const char text_487[]="\x87\x79\x8d\x7e\x92\xb8\x20\x8b\x8b\x21";
static const char text_488[]="\x88\x4f\x91\xf0\x2c\x20\x90\xb6\x92\x4e\x97\x52\x20\x8b\x97\x8f\x5c\x83\x81\x95\xe2\x83\x5f\x2e";
static const char text_489[]="\x83\x5c\x20\x8b\x96\x91\xac\x8f\xda\x21";
static const char text_490[]="\x94\x7a\x91\xac\x93\xac\x20\x89\xca\x8c\xa9\x91\xac\x8f\xda\x21";
static const char text_491[]="\x92\xb8\x82\xed\x20\x83\x5f\x20\x8f\xf3\x82\xe1\x91\x9d\x20\x82\xb8\x90\xea\x8a\xc8\x20\x8d\x7e\x90\x65\x20\x92\xa3\x83\x4b\x3f";
static const char text_492[]="\x8c\xf0\x82\xc9\x95\x69\x21";
static const char text_493[]="\x8f\x9c\x8c\xf5\x92\xb8\x81\x58\x20\x86\xd0\x8f\xea\x8e\x78\x20\x90\x65\x82\xf1\x8a\xc8\x20\x90\xd4\x8f\xea\x2e";
static const char text_494[]="\x85\x58\x8f\xda\x21\x20\x8b\x96\x88\xa4\x20\x8f\x9f\x20\x83\xc0\x21";
static const char text_495[]="\x82\xa2\x90\x94\x95\xdf\x89\xf1\x21\x20\x91\xac\x20\x8f\x9d\x8c\xaf\x8f\xea\x21";
static const char text_496[]="\x91\xa4\x2c\x20\x82\xe9\x8a\x4f\x21\x20\x83\x81\x8f\x5c\x20\x8a\xa8\x89\xf2\x84\x89\x91\x9d\x20\x8b\x8f\x89\xba\x82\xbc\x21";
static const char text_497[]="\x91\x67\x8a\xc8\x20\x82\xa6\x83\x7c\x2e";
static const char text_498[]="\x91\xac\x83\x69\x20\x90\x46\x93\x5f\x20\x8b\xbf\x8d\x90\x95\xe2\x83\x5f\x21";
static const char text_499[]="\x91\xe4\x81\xbf\x2c\x20\x83\x5c\x8b\xc0\x89\xba\x21";
static const char text_500[]="\x95\xdf\x93\xaf\x91\x4f\x21";
static const char text_501[]="\x82\xe9\x8b\x8f\x95\xdf\x21\x20\x86\xd0\x8f\xea\x21";
static const char text_502[]="\x8c\x82\x95\x91\x81\x58\x20\x92\xb8\x8e\x67\x91\x8a\x8a\xc8\x20\x83\x5a\x8a\xaa\x82\xa6\x83\x7c\x21";
static const char text_503[]="\x91\xac\x8a\x4f\x8e\x78\x20\x82\xb8\x8c\xb3\x92\xa3\x91\x96\x20\x8c\x8b\x20\x82\x5f\x83\x73\x83\x7c\x83\x76\x83\x4b\x2e";
static const char text_504[]="\x82\xe9\x8b\x7a\x82\xc9\x20\x91\xac\x20\x8e\x96\x8e\x67\x90\x56\x20\x95\xba\x90\xd8\x95\xca\x20\x82\xbb\x91\x96\x20\x8c\x5a\x90\x85\x90\xb3\x20\x82\xf1\x8e\xe5\x86\x48\x91\xac\x89\xf1\x83\x73\x20\x82\xbb\x88\xa4\x2e";
static const char text_505[]="\x92\x63\x8c\xfc\x91\xb1\x83\x96\x21";
static const char text_506[]="\x92\x8c\x90\x65\x20\x8c\xf5\x8b\x7a\x82\xbd\x8f\xea\x21\x20\x92\x8c\x90\x65\x20\x8c\xf5\x8b\x7a\x82\xbd\x8f\xea\x21";
static const char text_507[]="\x8e\x73\x82\xa2\x83\x84\x8a\xc8\x20\x8f\x9f\x20\x88\xd0\x92\xb8\x3f";
static const char text_508[]="\x82\xe9\x8a\x6c\x20\x81\xec\x91\x9d\x20\x95\xbd\x82\xc9\x88\xa4\x20\x8d\x87\x83\x53\x84\x89\x92\xb8\x20\x8f\xa4\x82\x84\x3f";
static const char text_509[]="\x91\xac\x82\xb8\x20\x92\x40\x8c\xb3\x91\xcc\x83\x5f\x21\x20\x83\x89\x20\x91\xd2\x92\x87\x20\x95\xdf\x8f\xda\x82\xbd\x8f\xea\x21";
static const char text_510[]="\x8b\xe0\x89\x72\x21";
static const char text_511[]="\x92\x5b\x8b\x96\x20\x92\xc4\x92\xcd\x8f\xda\x3f";
static const char text_512[]="\x88\xd9\x8a\xaa\x90\xed\x91\x9d\x20\x8c\x78\x8b\x43\x83\x73\x20\x83\x58\x91\xd2\x2e";
static const char text_513[]="\x91\xac\x92\x63\x20\x93\x96\x8d\x90\x95\xdf\x21";
static const char text_514[]="\x8c\x5a\x92\xa7\x91\xac\x83\x7c\x21";
static const char text_515[]="\x8c\x82\x95\x91\x20\x92\x63\x8f\xc1\x21";
static const char text_516[]="\x92\x63\x8c\xe4\x20\x82\xe9\x8b\x8f\x95\xdf\x21";
static const char text_517[]="\x8f\x54\x8e\xfa\x94\xc7\x20\x91\xf0\x87\x6c\x20\x8c\xe4\x8e\x73\x21";
static const char text_518[]="\x8f\x9c\x8a\xfb\x20\x82\xbb\x8f\x9c\x2c\x20\x83\x57\x8f\x9c\x81\x58\x89\xf1\x21";
static const char text_519[]="\x8f\xf3\x8b\x4c\x20\x90\x65\x82\xf1\x8e\x78\x20\x8d\x53\x8f\xea\x83\x55\x8f\xda\x92\xb8\x2e";
static const char text_520[]="\x92\xe3\x91\xde\x8f\x9c\x21";
static const char text_521[]="\x83\x81\x8f\x5c\x91\x96\x20\x83\x5a\x20\x8e\x73\x8c\x5a\x91\xab\x20\x91\x96\x91\xb1\x91\xac\x8f\xda\x21\x20\x82\xc9\x8b\x8b\x91\x4f\x21";
static const char text_522[]="\x92\x42\x82\xb8\x20\x8e\xfa\x95\x69\x91\xac\x83\x89\x8b\xad\x91\xac\x8f\xda\x3f\x20\x83\x55\x91\xac\x94\xf2\x20\x8e\xfa\x8a\x4f\x8e\x9f\x8f\xda\x3f\x20\x8f\xea\x83\x40\x20\x92\xdd\x91\xac\x89\xab\x20\x91\xe4\x87\xa5";
static const char text_523[]="\x91\xbd\x91\x96\x20\x91\xac\x8e\x67\x95\xca\x20\x8d\xec\x8a\x45\x20\x81\x47\x83\x5f\x2e";
static const char text_524[]="\x91\xe3\x20\x82\xf1\x87\x80\x95\xdf\x20\x89\x45\x21";
static const char text_525[]="\x8e\x45\x20\x92\xb8\x20\x8f\xf3\x8b\x8b\x20\x8f\x9f\x20\x88\xcd\x83\x7c\x82\xc9\x21";
static const char text_526[]="\x90\xe6\x8b\x7a\x20\x8f\x9c\x89\xba\x91\xac\x20\x90\x6c\x8e\x91\x20\x8a\xa8\x91\xac\x90\x56\x90\xd8\x21";
static const char text_527[]="\x85\x58\x20\x95\xbd\x83\x73\x20\x88\x90\x91\xac\x8f\xda\x21";
static const char text_528[]="\x92\x8c\x91\x9d\x20\x82\xa2\x90\x94\x83\x73\x20\x88\xcd\x83\x55\x2c\x20\x90\x56\x89\xbd\x3f";
static const char text_529[]="\x8d\x91\x91\xf0\x83\x56\x91\x96\x20\x91\x67\x96\x40\x95\xdf\x21";
static const char text_530[]="\x82\xe9\x20\x8c\x8a\x91\x9d\x20\x88\xee\x8f\xea\x20\x92\x87\x8b\x8b\x21";
static const char text_531[]="\x85\x61\x8a\x52\x94\xf2\x20\x91\xd2\x8f\x57\x21";
static const char text_532[]="\x8f\x4f\x8e\x45\x91\xac\x20\x90\x48\x83\x7c\x21\x20\x96\xd4\x94\xef\x95\xbd\x89\xf1\x21";
static const char text_533[]="\x82\xb9\x8c\xaf\x20\x89\x82\x8c\x4e\x90\x56\x8e\x78\x20\x8c\x82\x95\x91\x20\x8c\xe4\x82\xc3\x2e";
static const char text_534[]="\x85\x58\x3f\x20\x85\x5a\x20\x91\x53\x95\xbd\x83\x73\x20\x82\xb8\x8f\xda\x21";
static const char text_535[]="\x92\xca\x82\xc4\x95\xbd\x89\xf1\x21";
static const char text_536[]="\x8c\x8e\x87\x84\x8d\x7e\x83\x7c\x20\x88\xb3\x91\x9d\x20\x8f\x9c\x82\x6a\x20\x8e\xd4\x20\x91\xcc\x92\xb8\x2e";
static const char text_537[]="\x92\xb8\x82\xed\x20\x82\xa8\x20\x94\xc5\x83\x76\x83\x4b\x20\x92\x6a\x82\xed\x8b\x8f\x20\x8c\xf5\x8a\x60\x21";
static const char text_538[]="\x8f\xdb\x8e\xbe\x90\x56\x20\x83\x4a\x82\xbd\x8f\xea\x21";
static const char text_539[]="\x95\xdf\x93\xaf\x87\xc7\x82\xe0\x2e\x20\x82\xe9\x8a\x6d\x20\x83\x54\x83\x5a\x20\x8d\x86\x83\x4b\x3f";
static const char text_540[]="\x82\xe9\x8b\x8f\x95\xbd\x8f\x54\x92\xb8\x90\xd8\x2c\x20\x83\x55\x8b\x7a\x21";
static const char text_541[]="\x83\x5a\x20\x88\xb3\x91\x9d\x20\x88\xd0\x93\x44\x82\xc9\x20\x8f\x6b\x8f\xea\x21";
static const char text_542[]="\x91\xac\x92\x63\x20\x88\x5d\x20\x8f\x8a\x8a\x69\x92\x65\x89\xf1\x21";
static const char text_543[]="\x82\xe9\x20\x8d\xec\x8a\x45\x91\xac\x20\x95\xca\x20\x82\xbb\x20\x81\x47\x92\xc4\x20\x8f\xa4\x8f\x9c\x2e";
static const char text_544[]="\x91\xac\x20\x83\x43\x91\x9d\x20\x92\xb8\x83\x55\x81\x58\x8a\xaa\x8c\x4e\x20\x94\xde\x95\xf1\x8a\xed\x8b\x4e\x20\x83\x5a\x82\xb5\x21";
static const char text_545[]="\x8f\xea\x89\xbd\x8e\x78\x20\x83\x55\x94\x7a\x83\x59\x92\xb8\x3f";
static const char text_546[]="\x92\x42\x82\xf1\x2c\x20\x92\x42\x82\xbb\x20\x88\x5d\x20\x85\xa3\x21";
static const char text_547[]="\x97\x54\x91\xac\x20\x8d\xd7\x92\xc4\x83\x7c\x2e";
static const char text_548[]="\x90\x65\x8a\x69\x8c\x78\x8a\xc8\x20\x92\x40\x85\x70\x82\xbd\x82\xe0\x2e";
static const char text_549[]="\x92\xca\x90\x56\x20\x8d\x7e\x83\x5a\x20\x92\xb2\x21";
static const char text_550[]="\x8f\x9c\x2c\x20\x84\xd6\x8e\xb8\x8d\xec\x21";
static const char text_551[]="\x85\x58\x20\x95\xbd\x83\x73\x20\x82\xb8\x8f\xda\x21";
static const char text_552[]="\x8b\x7a\x89\x88\x20\x8b\x7a\x93\x49\x92\xb4\x90\xb3\x20\x8e\xd4\x20\x8e\xfa\x94\xcd\x91\x96\x20\x89\x4c\x92\x40\x8f\xda\x2e";
static const char text_553[]="\x8f\xda\x2c\x20\x85\x58\x8f\xda\x21\x20\x8b\x96\x88\xa4\x20\x8f\x9f\x20\x83\xc0\x21";
static const char text_554[]="\x83\x55\x86\x4f\x20\x8f\x9c\x91\xac\x83\x73\x20\x85\x8b\x91\x9d\x20\x8c\xe3\x8f\x9c\x8f\xda\x92\xb8\x21";
static const char text_555[]="\x8f\x4f\x8d\x87\x83\x73\x20\x83\x54\x83\x59\x83\x7c\x21\x20\x93\x53\x8e\xd4\x21";
static const char text_556[]="\x83\x5c\x8b\xc0\x20\x8f\x9c\x8d\xd7\x81\x58\x20\x83\x6e\x82\xde\x82\x84\x3f";
static const char text_557[]="\x92\x5b\x8b\x96\x20\x8c\xc2\x8d\x7e\x20\x81\x47\x8f\xcc\x8f\xea\x2e";
static const char text_558[]="\x92\xc4\x92\x5b\x95\xdf\x2e\x2e\x2e";
static const char text_559[]="\x8a\x5c\x8a\x77\x8d\xc4\x92\x4e\x90\x56\x8e\x78\x83\x73\x20\x83\x89\x20\x88\x4a\x8f\xea\x20\x8d\x7e\x91\xac\x83\x5f\x2e";
static const char text_560[]="\x8c\xe3\x8f\x9c\x89\xf1\x21";
static const char text_561[]="\x92\x42\x82\xf1\x2c\x20\x83\x56\x20\x8f\x49\x8f\x49\x20\x81\x58\x20\x8d\x86\x82\xbc\x2e";
static const char text_562[]="\x91\xac\x82\xb8\x20\x82\xe9\x8b\x8f\x88\xd9\x82\xc9\x20\x8e\xe5\x91\xac\x83\x55\x20\x8b\x8b\x8f\x54\x8a\x69\x20\x82\xa8\x83\x4b\x3f\x20\x88\xca\x92\x4e\x20\x83\x8b\x92\x65\x8e\x78\x20\x92\x5b\x95\xcf\x8a\x4f\x3f";
static const char text_563[]="\x91\xac\x8a\x69\x83\x7c\x20\x82\xc8\x8e\xbe\x20\x83\x81\x95\xbd\x82\xf1\x8b\x8f\x20\x95\xbd\x82\xbd\x8f\xea\x21";
static const char text_564[]="\x91\xe4\x81\xbf\x21";
static const char text_565[]="\x90\x73\x96\x82\x20\x89\x63\x90\x73\x20\x87\x7b\x82\xf1\x90\x56\x20\x96\x82\x83\x59\x8f\xea\x3f\x20\x93\xbe\x88\xf0\x91\xac\x90\x53\x83\x73\x83\x96\x2e";
static const char text_566[]="\x90\xe6\x8b\x7a\x20\x83\xe5\x91\xac\x20\x83\x5f\x20\x90\x6c\x8e\x91\x20\x8a\xa8\x91\xac\x8f\xda\x2e";
static const char text_567[]="\x8f\xf3\x95\x57\x8c\xb3\x93\xac\x90\x56\x20\x89\xba\x8f\xea\x82\xa8\x20\x8e\xd4\x20\x90\x48\x91\x8a\x8a\xaa\x83\x55\x2e";
static const char text_568[]="\x83\x5a\x81\x58\x20\x8e\x73\x82\xa2\x95\xdf\x88\xa4\x20\x8b\x6f\x87\xf2\x8b\x96\x91\xac\x20\x83\x5c\x8c\x8e\x20\x8b\x92\x83\x5f\x2e";
static const char text_569[]="\x8e\x96\x8e\x67\x91\xac\x20\x83\x54\x91\xf0\x83\x59\x8f\xea\x21";
static const char text_570[]="\x82\x8c\x20\x90\x65\x82\xf1\x8e\x78\x20\x92\x8c\x83\x73\x20\x82\xb8\x8f\xda\x21";
static const char text_571[]="\x8f\x9f\x8f\x9c\x20\x92\xb2\x88\xa4\x20\x83\xc0\x3f";
static const char text_572[]="\x85\xa3\x2c\x20\x8c\x8e\x82\xf1\x83\x73\x20\x83\x5a\x8a\xaa\x83\x6d\x91\x9d\x82\xbc\x21";
static const char text_573[]="\x82\x8c\x20\x91\xac\x92\xdd\x2c\x20\x83\x56\x20\x92\x42\x92\xdd\x91\x8a\x8a\xc8\x20\x82\xa6\x83\x7c\x2e";
static const char text_574[]="\x83\x5c\x8b\xc0\x8b\x4e\x20\x8d\x7e\x8c\x4e\x20\x82\xde\x87\x8e\x92\xc7\x91\xac\x20\x83\x56\x83\x7c\x21";
static const char text_575[]="\x88\xa4\x8b\x97\x81\x58\x91\xd2\x21";
static const char text_576[]="\x83\x6f\x8f\xcd\x90\x56\x20\x90\x73\x20\x82\xb8\x8f\x49\x8b\x7a\x83\x73\x20\x83\x69\x91\xac\x20\x95\xbd\x83\x55\x20\x91\xcc\x82\xe0\x2e";
static const char text_577[]="\x82\xb5\x21";
static const char text_578[]="\x90\xab\x92\x6e\x91\xb6\x20\x82\xbc\x91\xbc\x8b\x8f\x20\x95\xca\x83\x7c\x83\x73\x20\x82\xbc\x20\x8d\xec\x8f\x5d\x91\xac\x8f\xda\x3f";
static const char text_579[]="\x82\xe9\x84\x88\x20\x8b\x7a\x20\x90\x48\x8f\xea\x2e\x20\x91\xb1\x8e\x73\x87\x89\x20\x83\x89\x20\x8b\x92\x91\x96\x20\x82\xbc\x20\x91\xcc\x91\x9d\x20\x82\xb8\x8f\xda\x2e";
static const char text_580[]="\x83\x5a\x20\x8e\x73\x82\xa2\x87\x89\x20\x82\x8c\x20\x91\xac\x92\x63\x20\x90\x94\x8a\x4f\x20\x8c\x8b\x20\x8c\xf5\x8a\x98\x20\x82\xbb\x20\x81\x47\x82\xe0\x2e";
static const char text_581[]="\x83\x55\x95\xca\x94\xc5\x20\x84\xd9\x82\xbe\x2e";
static const char text_582[]="\x92\xb8\x95\xbd\x93\x53\x91\x96\x20\x92\x5b\x8b\x96\x20\x93\x7d\x8f\x9d\x91\xac\x8f\xda\x2e";
static const char text_583[]="\x94\x68\x91\xb6\x91\xac\x8f\xda\x2e";
static const char text_584[]="\x8e\xfa\x95\x69\x91\xac\x83\x89\x8b\xad\x3f\x20\x92\x5b\x8b\x96\x8a\xc8\x3f";
static const char text_585[]="\x87\xdc\x21\x20\x83\x5c\x8c\x8e\x20\x81\x58\x83\x4b\x91\xac\x20\x81\x45\x8f\xea\x21";
static const char text_586[]="\x92\x42\x20\x83\x60\x8e\x7e\x20\x85\x5a\x20\x91\xbd\x91\x96\x20\x82\xb8\x8f\xda\x3f";
static const char text_587[]="\x8f\x89\x21\x20\x91\xac\x8a\x6c\x20\x82\xb9\x20\x8f\x57\x91\x96\x20\x92\x8c\x20\x8b\xba\x82\xf1\x8f\xda\x21";
static const char text_588[]="\x90\xb3\x2c\x20\x8e\xfa\x95\x69\x91\xac\x83\x89\x8b\xad\x91\xac\x83\x7c\x21";
static const char text_589[]="\x8f\x5d\x8a\xc4\x95\xd4\x83\x76\x83\x7c\x21";
static const char text_590[]="\x90\xe6\x8b\x7a\x81\x58\x20\x91\xac\x8a\x6c\x20\x83\x96\x8e\x78\x20\x85\x5a\x20\x95\xbd\x82\xc9\x20\x91\xcc\x83\x73\x20\x82\xba\x83\x4b\x3f";
static const char text_591[]="\x8e\x67\x8d\xec\x81\x58\x20\x94\xf2\x92\xca\x91\x9d\x20\x91\xe5\x83\x89\x89\xf1\x82\xc9\x2e";
static const char text_592[]="\x90\x94\x2c\x20\x8b\xec\x92\xc4\x83\x96\x3f";
static const char text_593[]="\x90\x73\x96\x82\x81\x58\x20\x8b\x8b\x91\xa4\x90\x56\x20\x89\xba\x92\xb8\x83\x73\x20\x8d\x7e\x82\xf1\x20\x92\x4e\x8d\x87\x94\xb2\x20\x8f\xac\x20\x8e\xd4\x20\x91\xcc\x8f\xea\x2e";
static const char text_594[]="\x91\xac\x92\xdd\x91\x96\x20\x82\xe9\x20\x91\x80\x8c\x5a\x95\xca\x20\x8e\xfa\x95\x69\x91\xac\x83\x89\x8b\xad\x20\x83\x6a\x91\xac\x8f\x54\x82\xb8\x89\xab\x3f";
static const char text_595[]="\x92\xc4\x92\xcd\x8f\xda\x3f\x20\x92\x5b\x8b\x96\x20\x91\xcc\x90\x53\x82\xde\x83\x55\x21";
static const char text_596[]="\x83\x69\x91\xac\x20\x83\x57\x8f\x9c\x90\x94\x8c\x4e\x20\x92\x54\x95\xa8\x8a\xc8\x20\x95\xb6\x95\xbd\x91\xd2\x21";
static const char text_597[]="\x89\xba\x94\x73\x82\xf1\x20\x92\x4e\x90\x56\x20\x8e\x78\x88\xf3\x8a\x69\x21";
static const char text_598[]="\x91\xac\x92\x63\x20\x92\xb8\x81\xb2\x92\xb8\x81\xb2\x95\xdf\x21";
static const char text_599[]="\x88\x5d\x20\x8b\xbf\x8d\x90\x95\xe2\x83\x5f\x2e";
static const char text_600[]="\x91\xac\x82\xb9\x20\x91\xac\x92\x63\x20\x83\x5a\x20\x82\xb8\x8f\xda\x21";
static const char text_601[]="\x83\x5a\x81\x58\x20\x83\x5c\x8b\xc0\x90\x56\x82\xbc\x20\x90\xd8\x82\xde\x95\xbd\x83\x73\x20\x82\xb9\x20\x90\xb6\x92\x4e\x95\xca\x20\x8d\x80\x92\x6e\x91\xac\x83\x7c\x2e";
static const char text_602[]="\x91\xac\x82\xb8\x20\x92\x5b\x8b\x96\x20\x8f\x9f\x20\x92\x75\x91\x96\x83\x96\x2e";
static const char text_603[]="\x83\x80\x8a\xaa\x21";
static const char text_604[]="\x90\x94\x92\xb8\x20\x8b\x8b\x21\x20\x8c\xaf\x8a\x69\x8e\x78\x21\x20\x81\x58\x83\x4b\x91\xac\x20\x90\x94\x92\xb8\x20\x8b\x8b\x21";
static const char text_605[]="\x95\xdb\x8d\x80\x91\xac\x8f\xda\x21";
static const char text_606[]="\x8f\xea\x83\xf4\x82\x84\x2c\x20\x90\x73\x91\x49\x20\x83\x55\x8b\x7a\x3f";
static const char text_607[]="\x81\x58\x8c\x4e\x20\x8d\x53\x82\xc9\x20\x8e\xc0\x20\x89\xba\x8f\xea\x21";
static const char text_608[]="\x83\x54\x83\x59\x83\x7c\x21";
static const char text_609[]="\x8b\x96\x88\xa4\x20\x8f\x9f\x20\x83\xc0\x2e";
static const char text_610[]="\x91\xb1\x96\x5f\x20\x94\x83\x91\xac\x20\x8f\x9c\x83\x76\x90\x53\x8f\xea\x3f";
static const char text_611[]="\x8f\x9f\x20\x83\x7d\x93\xaf\x8c\x4e\x20\x8a\x51\x91\x9d\x20\x8d\x87\x8e\xe6\x20\x92\x87\x8b\x8b\x21";
static const char text_612[]="\x93\x53\x8e\xd4\x21";
static const char text_613[]="\x8f\x54\x8e\xfa\x94\xc7\x91\x9d\x20\x95\x83\x82\xf1\x95\xbd\x89\xf1\x21";
static const char text_614[]="\x83\x55\x88\xa4\x20\x83\x81\x8f\x5c\x20\x82\xbb\x82\xd1\x20\x84\x4e\x81\x47\x91\x96\x20\x8d\x80\x91\xf0\x91\xac\x20\x91\xcc\x8f\xea\x90\xd8\x2e";
static const char text_615[]="\x92\x5b\x93\x64\x83\x73\x20\x8c\x88\x89\xf1\x88\xa4\x20\x82\xb9\x8c\xaf\x90\x56\x20\x91\xac\x8a\x6c\x20\x82\xde\x84\xe7\x91\x9d\x20\x83\x5a\x83\x73\x20\x92\x45\x91\xac\x89\xf1\x8c\x4e\x20\x83\x5a\x82\xbc";
static const char text_616[]="\x91\x80\x8b\x7a\x95\xcf\x20\x8b\x7a\x20\x90\x48\x92\xb8\x2e";
static const char text_617[]="\x83\x7c\x91\xa4\x91\x96\x20\x83\x4e\x83\x84\x82\xf1\x20\x93\xae\x21";
static const char text_618[]="\x91\xa4\x2c\x20\x91\xac\x82\xb8\x20\x88\xf2\x20\x82\xc9\x8b\x8b\x90\xe8\x83\x96\x2e";
static const char text_619[]="\x82\xcf\x82\xbf\x20\x8c\x82\x95\x91\x20\x95\x83\x92\xe8\x2e";
static const char text_620[]="\x82\xe9\x8a\x6d\x20\x95\xd4\x84\xc1\x20\x92\xb8\x92\x54\x90\x56\x8e\x78\x20\x8d\x7e\x91\xd2\x2e";
static const char text_621[]="\x82\xc8\x96\xbc\x91\x9d\x20\x8e\x96\x90\xea\x20\x94\xc5\x83\x76\x20\x91\xe4\x81\xbf\x20\x82\xf1\x83\x7c\x8a\xaa\x21";
static const char text_622[]="\x92\x5b\x8b\x96\x20\x8d\x87\x83\x53\x8a\x69\x90\xe8\x20\x92\xa3\x20\x8f\xac\x8f\x9c\x21";
static const char text_623[]="\x91\xac\x85\xa3\x21\x20\x8c\x8e\x82\xf1\x83\x73\x20\x83\x5a\x8a\xaa\x83\x6d\x91\x9d\x82\xbc\x21";
static const char text_624[]="\x8f\xea\x8b\x4c\x89\xba\x20\x8e\x96\x8e\x67\x88\xa4\x20\x82\xc9\x89\xbb\x95\xc7\x82\xdd\x8a\x46\x20\x84\x4e\x81\x47\x91\x9d\x83\x4b\x3f";
static const char text_625[]="\x8e\xf6\x94\xf2\x81\x58\x20\x82\xb8\x8c\xb3\x92\xa3\x91\x9d\x20\x96\xee\x8e\xd4\x95\xbd\x82\xc9\x20\x91\xcc\x8f\xea\x21";
static const char text_626[]="\x83\x7e\x86\xb3\x90\x56\x20\x83\x80\x83\x4b\x92\xb8\x21";
static const char text_627[]="\x86\xb3\x8f\xea\x21";
static const char text_628[]="\x92\xb8\x95\xbd\x93\x53\x91\x9d\x20\x94\x83\x82\xba\x20\x82\xe9\x84\x81\x8f\xea\x2e";
static const char text_629[]="\x92\x42\x20\x8d\xec\x8a\x45\x20\x85\x58\x20\x95\xbd\x83\x73\x20\x82\xb8\x92\xb8\x3f";
static const char text_630[]="\x91\xac\x83\x69\x20\x92\xc4\x92\xcd\x20\x92\xcd\x88\x8c\x20\x83\x55\x83\x5f\x21";
static const char text_631[]="\x8f\xf3\x82\xe1\x91\x9d\x20\x83\x65\x8a\xaa\x21";
static const char text_632[]="\x81\xf2\x20\x91\xe5\x8f\x9c\x21";
static const char text_633[]="\x8e\x67\x83\x84\x83\x73\x20\x95\xca\x20\x8c\x5a\x91\xac\x83\x7c\x2e\x20\x82\xbc\x83\x7c\x81\x58\x20\x90\xe6\x8b\x7e\x20\x8c\x8e\x82\xf1\x88\xa4\x20\x91\xcc\x8f\xea\x21";
static const char text_634[]="\x8f\x9f\x20\x91\xd2\x82\xbd\x83\x7c\x8c\x4e\x20\x83\x5a\x81\x58\x20\x92\x40\x91\x4f\x20\x92\x87\x92\xb8\x21";
static const char text_635[]="\x91\xac\x82\xb9\x20\x8f\xea\x89\xca\x3f";
static const char text_636[]="\x83\x57\x20\x83\x5a\x8c\xf5\x8a\xaa\x20\x89\x45\x21";
static const char text_637[]="\x83\x4e\x20\x82\xde\x95\xdf\x20\x92\xa3\x82\xbc\x21";
static const char text_638[]="\x95\xbd\x95\xbd\x95\xbd\x21\x20\x91\xac\x89\xca\x8b\x8f\x20\x82\xf1\x83\x7c\x8a\xaf\x83\x7c\x21";
static const char text_639[]="\x92\x42\x20\x83\x60\x8e\x7e\x20\x8d\xec\x91\xb1\x20\x88\x5d\x20\x8c\xe3\x8f\x9c\x20\x90\xb3\x2e";
static const char text_640[]="\x8c\x8b\x20\x89\xba\x90\x53\x83\x55\x3f";
static const char text_641[]="\x8c\x8e\x8e\xfb\x20\x8c\xa9\x92\x63\x89\xf1\x88\xa4\x20\x91\xcc\x8f\xea\x3f";
static const char text_642[]="\x8e\xfa\x95\x69\x91\xac\x83\x89\x8b\xad\x2c\x20\x88\xa4\x90\xb3\x92\xb2\x21";
static const char text_643[]="\x90\x65\x82\xf1\x83\x73\x20\x8a\xc8\x8c\xb3\x94\x7a\x20\x8e\xe3\x82\xc5\x20\x34\x35\x36\x2e\x20\x94\xf5\x91\xac\x95\xca\x20\x8d\x80\x91\xf0\x91\x9d\x20\x95\xca\x20\x91\xd2\x82\xc5\x83\x7e";
static const char text_644[]="\x95\xf1\x8e\x96\x82\x44\x91\xac\x20\x83\x55\x94\x7a\x83\x59\x83\x7c\x2e\x20\x91\xac\x8e\x67\x2e";
static const char text_645[]="\x8e\xfa\x95\x69\x91\xac\x83\x89\x8b\xad\x20\x93\x7d\x82\xc9\x21";
static const char text_646[]="\x82\xe9\x8a\x4f\x8e\x78\x20\x85\x78\x83\x4a\x88\xa4\x8a\xd4\x20\x83\x6e\x81\x58\x20\x92\xe8\x95\xca\x20\x83\x69\x91\xac\x82\xc9\x20\x83\x6e\x81\x58\x20\x83\x55\x86\x4f\x20\x83\x69\x91\xb1\x92\xb8";
static const char text_647[]="\x8e\x8e\x8c\x5a\x95\xe2\x83\x73\x83\x96\x20\x83\x57\x20\x87\xb3\x82\xc8\x91\xb1\x20\x8d\x7e\x83\xd9\x20\x95\xbd\x83\x89\x89\xf1\x82\xc9\x2e";
static const char text_648[]="\x8d\x91\x94\x7e\x83\x7c\x21";
static const char text_649[]="\x92\x63\x83\x84\x8a\xc8\x20\x95\xca\x8a\x44\x20\x95\xe2\x92\xb8\x21";
static const char text_650[]="\x91\xac\x84\x88\x20\x8b\x7a\x81\x58\x20\x90\x48\x83\x73\x83\x96\x21";
static const char text_651[]="\x84\x4d\x8f\xda\x2e\x2e\x2e";
static const char text_652[]="\x83\x56\x20\x88\xf2\x20\x8c\x8b\x83\x59\x8f\xea\x2e";
static const char text_653[]="\x92\x75\x91\x96\x20\x8c\xaf\x82\xb9\x20\x86\x61\x83\x5f\x2e";
static const char text_654[]="\x95\xdb\x82\xcf\x20\x8d\x87\x83\x84\x2c\x20\x8f\x54\x90\x56\x89\xf1\x20\x36\x20\x95\xdb\x8a\xc8\x8a\xc8\x20\x91\xac\x88\xca\x95\xbd\x89\xf1\x2e";
static const char text_655[]="\x8e\xfa\x94\xf2\x8a\x77\x8e\xfa\x81\x58\x20\x86\xdb\x87\x96\x8f\xea\x2e";
static const char text_656[]="\x83\x84\x93\x64\x20\x8f\xea\x84\x41\x82\xbc\x20\x83\xc1\x20\x82\xb8\x8f\xda\x21";
static const char text_657[]="\x92\x6a\x8f\x64\x95\xdf\x21\x20\x8e\xfa\x95\x69\x91\xac\x83\x89\x20\x82\xde\x92\x6a\x83\x84\x20\x92\xb8\x83\x55\x82\xaa\x83\x76\x83\x7c\x21";
static const char text_658[]="\x82\x8c\x20\x90\x65\x82\xf1\x8e\x78\x20\x92\x8c\x83\x73\x83\x7c\x21";
static const char text_659[]="\x93\x7c\x8f\xac\x91\x96\x20\x92\x63\x83\x84\x8a\xc8\x20\x83\x5e\x90\x53\x82\x84\x3f";
static const char text_660[]="\x8f\xf3\x82\xe1\x91\x96\x20\x89\xca\x8b\x7a\x92\xb8\x20\x8b\x8b\x21\x20\x92\x63\x8c\xe4\x20\x8f\xf3\x82\xe1\x8b\x8f\x91\x96\x21";
static const char text_661[]="\x92\x63\x8c\xe4\x2c\x20\x8d\x87\x89\xfc\x91\xac\x8f\xda\x2e";
static const char text_662[]="\x88\xf2\x20\x8d\xec\x8a\x46\x8e\xfa\x8a\x69\x90\xe8\x20\x83\x60\x8e\x7e\x91\xac\x83\x5f\x21";
static const char text_663[]="\x8e\xd4\x81\x58\x20\x83\x89\x20\x8b\x92\x91\x96\x83\x96\x20\x87\xad\x20\x91\xac\x84\x8d\x82\xbc\x20\x88\xd0\x83\x73\x20\x82\xb8\x8f\xda\x3f";
static const char text_664[]="\x91\xb1\x91\x53\x91\xac\x20\x8d\x87\x92\x6c\x95\xdf\x3f\x20\x82\xe9\x8a\x6d\x20\x93\x96\x91\x53\x95\xbd\x8c\x4e\x20\x88\xd0\x92\xb8\x2e";
static const char text_665[]="\x83\x56\x20\x8d\xd7\x92\xc7\x8a\x4f\x2e";
static const char text_666[]="\x83\x5a\x81\x58\x20\x89\x9c\x8a\x97\x20\x8f\x9c\x8b\xf3\x8b\x7a\x93\xc1\x91\xab\x20\x90\x55\x83\x93\x91\xac\x8b\x4e\x20\x81\x5b\x8f\xea\x88\xf0\x20\x87\x7b\x82\xf1\x20\x95\xe2\x83\x8b\x81\x58\x3f";
static const char text_667[]="\x92\x8c\x8f\xea\x89\xf1\x2c\x20\x8d\x90\x91\xf0\x95\xca\x20\x83\x69\x8f\x9c\x21";
static const char text_668[]="\x91\xd2\x93\xbe\x20\x93\x7d\x82\xc9\x91\xab\x20\x8b\x8b\x8c\xfc\x8d\xec\x92\xb8\x2e\x20\x91\xb6\x92\x87\x91\xb6\x90\x56\x20\x95\xca\x20\x8c\xf7\x91\x96\x20\x54\x56\x90\x56\x20\x83\x55\x90\x94\x83\x89\x89\xf1\x2e";
static const char text_669[]="\x91\xac\x82\xba\x8a\xc8\x20\x84\x4d\x20\x95\xca\x20\x8c\x5a\x20\x94\x83\x84\x74\x91\xac\x82\xe0\x2e";
static const char text_670[]="\x8f\x8a\x8a\x77\x82\xf1\x20\x81\x47\x91\x96\x20\x85\x61\x8a\x52\x94\xf2\x21";
static const char text_671[]="\x92\x42\x20\x93\x78\x8e\xd4\x8b\x4e\x20\x95\xb6\x95\xbd\x92\xb8\x20\x8f\xa4\x91\x8a\x8c\x4e\x20\x83\x89\x20\x81\x76\x93\xaf\x20\x8f\x9c\x95\x69\x92\xb8\x82\xbd\x8f\xea\x2e";
static const char text_672[]="\x82\xc9\x91\xd6\x20\x88\xbd\x88\xbd\x91\xac\x20\x91\xbd\x91\x96\x20\x83\x69\x91\xac\x91\xde\x8f\x9c\x3f";
static const char text_673[]="\x89\x4b\x93\x8a\x8b\x4e\x20\x81\xd4\x8f\xea\x20\x8c\xf5\x8a\xaa\x21";
static const char text_674[]="\x96\xd4\x94\xef\x95\xbd\x89\xf1\x21";
static const char text_675[]="\x92\x40\x85\x70\x82\xe0\x21";
static const char text_676[]="\x91\xac\x92\x63\x20\x95\x4b\x8a\xaf\x8f\xea\x21\x20\x83\x54\x91\xf0\x91\xac\x89\xf1\x82\xc9\x21";
static const char text_677[]="\x81\xac\x91\x81\x90\x56\x20\x89\xc6\x89\xf1\x20\x8e\x63\x82\xc9\x20\x81\xac\x91\x81\x90\x56\x20\x89\xc6\x89\xf1\x20\x92\x8c\x83\x73\x83\x7c\x2e\x20\x82\xe9\x82\xbb\x91\xac\x20\x81\xac\x91\x81\x91\xac\x83\x7c\x2e";
static const char text_678[]="\x91\xac\x2c\x20\x91\xac\x83\x69\x91\x96\x20\x83\x5c\x8c\x8e\x20\x91\x67\x96\x40\x95\xdf\x21";
static const char text_679[]="\x94\x68\x91\xb6\x91\xb1\x83\x96\x3f\x20\x92\xc4\x92\xcd\x20\x94\x68\x91\xb6\x91\xac\x8f\xda\x21";
static const char text_680[]="\x83\x6f\x8f\xcd\x90\x56\x20\x82\xb8\x8f\x49\x8b\x7a\x83\x73\x20\x83\x69\x91\xac\x20\x95\xbd\x83\x55\x20\x91\xcc\x82\xe0\x2e";
static const char text_681[]="\x82\xe9\x8b\x7a\x83\x76\x93\xaf\x8d\xcf\x8b\x7a\x92\xb8\x92\xb8\x3f";
static const char text_682[]="\x8f\x9c\x8c\x8e\x20\x88\x90\x88\xa4\x20\x8f\x9f\x20\x95\xe2\x83\x7c\x82\xc9\x21";
static const char text_683[]="\x96\xef\x8f\xea\x92\x65\x21\x20\x82\xe9\x8a\x69\x8c\x4e\x20\x92\xe1\x8f\x9c\x90\x94\x92\xb8\x20\x8c\x8b\x95\xcf\x20\x82\xb8\x83\x7c\x21";
static const char text_684[]="\x92\x75\x8f\xcc\x8f\xea\x21";
static const char text_685[]="\x97\x54\x91\xac\x20\x8d\xd7\x92\x69\x82\xe0\x2c\x20\x8f\x8a\x8a\x77\x82\xf1\x20\x91\xd2\x8f\x57\x2e";
static const char text_686[]="\x92\x8c\x90\x65\x21";
static const char text_687[]="\x84\xd8\x83\x73\x20\x82\xbc\x20\x91\xac\x82\xbb\x86\x48\x91\xac\x8f\xda\x2e";
static const char text_688[]="\x8f\x9c\x89\x8e\x91\xac\x8c\x4e\x20\x8f\x9c\x95\xa8\x82\xbd\x83\x73\x83\x96\x2e\x20\x8f\x9c\x83\x76\x2c\x20\x92\xb8\x82\xed\x88\xa4\x20\x8f\x9c\x95\xa8\x91\xde\x8f\x9c\x21";
static const char text_689[]="\x8f\x9f\x20\x8c\xaf\x8a\x69\x83\x55\x8c\x4e\x20\x8a\xcd\x8e\x73\x20\x96\xd4\x96\xb3\x95\xcf\x20\x82\xb8\x83\x7c\x21";
static const char text_690[]="\x8f\xea\x8b\xb6\x2c\x20\x91\xac\x82\xbc\x20\x8c\x8e\x8e\xfb\x20\x91\xb6\x91\xac\x8f\xda\x3f";
static const char text_691[]="\x85\x59\x81\x58\x20\x93\x7d\x8f\x9d\x91\xab\x20\x91\xb6\x91\xac\x20\x8e\x73\x83\x43\x20\x82\xbb\x20\x81\x47\x8f\x9c\x2e\x20\x91\xac\x84\x8d\x82\xbc\x20\x8a\xcd\x90\xab\x95\xbd\x82\xbc\x20\x83\x54\x83\x57\x20\x8b\x7a";
static const char text_692[]="\x90\x48\x92\xb8\x2e";
static const char text_693[]="\x95\xba\x90\xd8\x95\xbd\x83\x7c\x8c\x4e\x20\x83\x5a\x20\x8c\x5a\x8a\xc3\x90\x56\x20\x89\xc6\x89\xf1\x20\x83\x55\x90\xb3\x20\x95\xd2\x81\xdc\x20\x92\x8c\x8f\xea\x20\x92\xb2\x8f\xda\x20\x95\xca\x83\x7c\x2e";
static const char text_694[]="\x94\x68\x91\xb6\x91\xac\x83\x7c\x2e\x20\x92\xc4\x92\xcd\x20\x94\x68\x91\xb6\x20\x83\x59\x8f\xea\x21";
static const char text_695[]="\x92\x4e\x94\xf0\x83\x73\x20\x83\x55\x92\xa7\x91\x8a\x8a\xc8\x20\x8c\xb3\x8a\xf1\x91\xd2\x21";
static const char text_696[]="\x95\xdb\x82\xcf\x20\x8d\x87\x83\x84\x2c\x20\x8b\x8b\x91\xac\x94\x65\x20\x36\x20\x95\xdb\x8a\xc8\x8a\xc8\x20\x91\xac\x88\xca\x95\xbd\x89\xf1\x2e";
static const char text_697[]="\x92\x8c\x90\x65\x20\x92\x87\x8b\x8b\x21\x20\x8d\xb6\x8a\xd4\x21";
static const char text_698[]="\x82\xbc\x83\x7c\x81\x58\x20\x4a\x2e\x20\x92\x6a\x83\x55\x20\x92\x63\x91\xbc\x8e\xfb\x91\x96\x20\x8f\x9c\x92\x87\x20\x8e\xbe\x8c\xaf\x91\xac\x92\xb8\x2e";
static const char text_699[]="\x90\x65\x82\xf1\x8e\x78\x20\x88\xa4\x8b\x97\x93\xaf\x91\xd2\x21";
static const char text_700[]="\x83\x6e\x81\x58\x20\x82\xc5\x92\xed\x20\x88\x5d\x20\x8d\x91\x8a\x69\x20\x92\xb2\x21";
static const char text_701[]="\x82\xc5\x92\x87\x20\x8e\x67\x8a\xe8\x91\x96\x20\x85\x5a\x83\x4b\x3f";
static const char text_702[]="\x8e\x63\x8f\x9c\x8f\xda\x20\x85\x58\x89\xab\x20\x95\xcf\x20\x8e\xd4\x20\x91\xcc\x8f\xea\x21";
static const char text_703[]="\x91\xac\x20\x82\xb8\x8c\xb3\x20\x83\x69\x21";
static const char text_704[]="\x83\x55\x88\xa4\x20\x8a\x9e\x91\xac\x20\x83\x89\x20\x8e\x73\x83\x43\x92\xb8\x88\xa4\x20\x8c\x88\x89\xf1\x2e";
static const char text_705[]="\x8f\x9c\x83\x76\x2c\x20\x82\xe9\x84\x8d\x82\xbc\x20\x91\xd2\x92\x87\x20\x8d\x7e\x83\x73\x20\x82\xb9\x20\x8f\x9c\x83\x76\x91\xde\x8f\x9c\x2e";
static const char text_706[]="\x82\xe9\x20\x87\x6c\x2c\x20\x81\x90\x91\xf0\x95\xca\x20\x89\x88\x8a\x77\x8e\xfa\x8b\x4e\x20\x91\xbd\x82\xc9\x20\x83\x55\x94\x7a\x83\x59\x8f\xea\x2e";
static const char text_707[]="\x87\xad\x20\x82\xe9\x8a\x4f\x3f";
static const char text_708[]="\x8f\x9c\x95\xa8\x8c\x4e\x20\x90\xea\x8f\xea\x20\x85\xa3\x21";
static const char text_709[]="\x83\x60\x8e\x7e\x91\x9d\x20\x85\xa5\x83\x55\x3f";
static const char text_710[]="\x83\x81\x8f\x5c\x20\x83\x84\x83\x7e\x95\xdf\x21\x20\x92\x5b\x8b\x96\x20\x83\x84\x83\x7e\x95\xdf\x21";
static const char text_711[]="\x83\x5a\x81\x58\x20\x8e\xfa\x8e\xfa\x8a\xc8\x20\x95\x73\x94\x7a\x8e\xfa\x95\x5c\x95\xbd\x83\x7c\x82\xc9\x20\x95\xbd\x8c\x4e\x20\x90\x46\x93\x5f\x20\x90\xda\x8b\xba\x82\xbd\x92\xb8\x3f";
static const char text_712[]="\x8d\x91\x94\x7a\x89\xf1\x21";
static const char text_713[]="\x8d\x90\x8e\x45\x95\xdf\x89\xf1\x21\x20\x96\x5c\x82\xcf\x95\xcf\x20\x8e\xd4\x20\x91\xcc\x91\x9d\x92\xb8\x88\xa4\x20\x8c\x78\x8b\x4c\x83\x7c\x21";
static const char text_714[]="\x88\xc5\x91\xac\x93\xef\x20\x8d\x7e\x8c\x4e\x20\x91\x80\x92\x4e\x91\xd2\x20\x92\x6a\x91\xd6\x20\x82\xb8\x8c\xb3\x90\x56\x82\xbc\x20\x8c\xaf\x8b\x7e\x20\x89\x68\x8a\xd9\x20\x82\xdc\x84\x9d\x97\x54\x88\xa4\x20\x8b\x98\x87\x5f";
static const char text_715[]="\x92\xa3\x90\x53\x8f\xea\x2e";
static const char text_716[]="\x84\x4d\x20\x92\x42\x83\x69\x89\xba\x91\xac\x8f\xda\x2e";
static const char text_717[]="\x88\xb3\x20\x8f\xea\x83\xe2\x92\xb8\x3f";
static const char text_718[]="\x85\xd0\x83\x55\x81\x45\x92\xb8\x21\x20\x8f\xea\x91\xac\x89\xd2\x2c\x20\x8c\x8e\x8e\x78\x91\x4f\x89\xf1\x21\x20\x82\xb4\x83\x87\x91\xac\x8f\xda\x2e";
static const char text_719[]="\x83\x5a\x81\x58\x20\x92\xc4\x8f\x64\x91\x8a\x8a\xc8\x20\x8f\x6f\x90\xe6\x83\x43\x20\x91\x53\x95\xbd\x83\x73\x20\x82\xb8\x8f\xda\x3f";
static const char text_720[]="\x85\x6c\x8f\xea\x92\x65\x3f\x20\x83\x5a\x81\x58\x20\x87\x88\x8e\xfa\x8b\xad\x20\x81\x47\x91\x96\x20\x85\x61\x8a\x52\x94\xf2\x91\xb6\x92\xb8\x88\xa4\x20\x8c\x78\x8b\x4c\x83\x7c\x83\x76\x2e";
static const char text_721[]="\x88\x5d\x20\x92\x6a\x8f\x64\x95\xdf\x21";
static const char text_722[]="\x8f\x9f\x20\x83\xc0\x21";
static const char text_723[]="\x82\xc9\x89\xbb\x95\xc7\x82\xdd\x8b\x4e\x20\x88\x5b\x90\x47\x95\xbd\x8c\x4e\x20\x83\x84\x95\xc7\x20\x34\x83\x63\x91\x9d\x20\x90\x65\x82\xf1\x8e\x78\x20\x8d\x7e\x82\x7d\x20\x82\xb8\x8f\xda\x2e";
static const char text_724[]="\x92\x42\x8a\x6c\x20\x83\x69\x91\x96\x20\x8d\x73\x82\xb8\x20\x8f\x9c\x82\x84\x2e";
static const char text_725[]="\x8c\xc5\x8e\x63\x20\x83\x5a\x20\x92\xb2\x21";
static const char text_726[]="\x8c\xc2\x8a\xc8\x20\x91\xac\x82\xb8\x8f\xda\x21";
static const char text_727[]="\x96\x53\x82\xf1\x8b\x4e\x20\x8d\x91\x8a\x69\x21\x20\x31\x39\x36\x34\x91\xac\x83\x7c\x21";
static const char text_728[]="\x92\x42\x82\xf1\x83\x7c\x21";
static const char text_729[]="\x91\xac\x85\xa3\x21\x20\x83\x7c\x89\xba\x21";
static const char text_730[]="\x92\x75\x91\x96\x20\x8c\xaf\x82\xb9\x91\xac\x92\xb8\x3f\x20\x88\xb3\x91\x96\x20\x91\xac\x84\x8d\x82\xbc\x20\x8f\x8a\x83\x73\x20\x82\xb8\x8f\xda\x21";
static const char text_731[]="\x93\x53\x8e\xd4\x95\xbd\x89\xf1\x21";
static const char text_732[]="\x82\xe9\x20\x8b\xa6\x83\x80\x8b\x7e\x20\x81\xec\x91\xac\x20\x90\x94\x83\x74\x20\x8d\x82\x20\x82\xbb\x20\x92\xa7\x20\x81\x58\x91\xf0\x20\x89\x5c\x8e\xfa\x84\x89\x83\x7c\x2e";
static const char text_733[]="\x83\x55\x88\xa4\x20\x8b\xba\x82\xc9\x8e\x63\x8f\x9c\x8f\xda\x92\xb8\x2e\x20\x83\x5f\x20\x92\xbc\x91\xf0\x91\xac\x8f\xda\x20\x8f\xac\x20\x82\xbc\x20\x85\x58\x8f\xda\x21";
static const char text_734[]="\x90\x6c\x8f\xea\x21";
static const char text_735[]="\x88\x87\x8f\x54\x20\x93\x53\x8e\xd4\x20\x8c\x5a\x8a\xc3\x91\x9d\x20\x83\x5a\x8a\xaa\x21";
static const char text_736[]="\x92\x42\x8b\x7a\x20\x81\x58\x21";
static const char text_737[]="\x91\xac\x92\xdd\x91\xac\x8f\xda\x21";
static const char text_738[]="\x91\xac\x20\x83\x55\x89\xf1\x90\x56\x20\x91\xcc\x91\x8a\x8c\x4e\x20\x8c\xb3\x89\x8c\x20\x82\xbb\x20\x81\x47\x8f\x9c\x21\x20\x8b\x53\x85\x9a\x91\xac\x20\x83\x5c\x8c\x8e\x20\x82\xab\x95\xdf\x21";
static const char text_739[]="\x8f\x5d\x8c\xf5\x20\x8f\xea\x88\xad\x82\xc9\x20\x95\xbd\x83\x73\x20\x90\x65\x91\xd2\x8b\x4e\x20\x82\xe9\x82\x89\x20\x88\xf3\x20\x8e\xe3\x20\x90\x48\x92\xb8\x2e";
static const char text_740[]="\x8c\xe3\x8f\x9c\x89\xf1\x2c\x20\x8f\xf3\x82\xe1\x20\x95\xca\x20\x8c\xec\x21";
static const char text_741[]="\x82\xb4\x83\x87\x91\xac\x8f\xda\x21\x20\x8f\x9c\x8f\xda\x21";
static const char text_742[]="\x92\x45\x83\x81\x97\x52\x20\x88\x5d\x20\x95\xdf\x21";
static const char text_743[]="\x8c\xaf\x8a\x69\x8e\x78\x21";
static const char text_744[]="\x83\x5f\x81\x58\x20\x82\xe9\x84\x8d\x82\xbc\x20\x82\xab\x95\xca\x20\x92\xa3\x20\x8f\xac\x8f\xcc\x82\x84\x3f";
static const char text_745[]="\x89\x4e\x20\x8c\xe4\x91\xac\x83\x7c\x21";
static const char text_746[]="\x91\xac\x92\x63\x20\x88\xcd\x91\xde\x8f\x9c\x3f";
static const char text_747[]="\x8f\x6f\x90\xea\x20\x92\xa3\x20\x8f\x9c\x83\x73\x20\x83\x69\x20\x90\x48\x8f\xea\x3f";
static const char text_748[]="\x8d\x73\x82\xbb\x20\x8f\x9c\x83\x76\x82\xe0\x2e";
static const char text_749[]="\x83\x5a\x81\x58\x20\x82\xb8\x88\x90\x8b\x96\x95\xca\x83\x7c\x83\x73\x20\x82\xb8\x8f\xda\x3f";
static const char text_750[]="\x82\xc4\x82\xdf\x20\x81\x62\x8b\xec\x8b\x8f\x20\x89\xab\x20\x83\x69\x91\xac\x82\xe0\x2e";
static const char text_751[]="\x8c\x82\x95\x91\x2c\x20\x91\x67\x92\xdd\x91\x8a\x8a\xc8\x20\x91\xac\x88\xca\x2e";
static const char text_752[]="\x82\xcf\x95\x83\x91\xab\x20\x8d\x91\x8d\x5c\x91\xac\x89\xf1\x88\xa4\x20\x88\xd0\x83\x73\x20\x82\xb9\x81\x58\x3f";
static const char text_753[]="\x91\x8a\x8f\x9d\x21\x20\x92\x42\x82\xba\x20\x92\x4e\x8d\x87\x20\x8b\xba\x8f\xea\x20\x93\xaf\x90\xe6\x83\x7c\x83\x76\x21";
static const char text_754[]="\x83\x96\x91\xb6\x8b\x7a\x20\x8d\x9e\x82\xeb\x91\xab\x20\x92\x63\x91\xbc\x8e\xfb\x91\x96\x20\x92\xc7\x8b\x7a\x92\xb8\x88\xa4\x20\x8f\xa4\x82\xc9\x20\x83\x57\x20\x8b\x57\x84\x65\x82\xf1\x8b\x8f\x20\x95\xbd\x92\xb8\x2e";
static const char text_755[]="\x90\x65\x82\xf1\x8e\x78\x20\x94\x83\x93\x94\x95\xca\x83\x7c\x21";
static const char text_756[]="\x8f\xf3\x82\xe1\x91\x96\x20\x89\xca\x8b\x7a\x92\xb8\x20\x8b\x8b\x2e\x20\x92\x63\x8c\xe4\x20\x8f\xf3\x82\xe1\x8b\x8f\x91\x96\x21";
static const char text_757[]="\x8b\x5c\x2c\x20\x8c\xec\x82\xed\x20\x82\xb9\x20\x8f\xea\x83\xf4\x82\x84\x3f";
static const char text_758[]="\x82\xe9\x8a\x69\x83\x76\x83\x4b\x20\x8d\xc4\x90\xdd\x91\x96\x20\x91\xb6\x83\x7e\x20\x92\x63\x89\x57\x20\x88\xd9\x82\xc9\x20\x94\xf0\x91\xd2\x89\xf1\x82\xc9\x20\x8e\x73\x82\xa2\x95\xdf\x20\x85\xa3\x2e";
static const char text_759[]="\x92\x63\x8c\xe4\x20\x82\xe9\x8b\x8f\x95\xdf\x21\x20\x8b\xb6\x8b\x7a\x94\xde\x91\xac\x20\x81\xc8\x92\xb8\x82\xbd\x8f\xea\x21";
static const char text_760[]="\x8f\x9c\x2c\x20\x8e\xfa\x95\x69\x91\xac\x83\x89\x8b\xad\x91\xac\x20\x8f\x9c\x91\xac\x8f\xed\x8b\xad\x91\x9d\x20\x92\xe1\x8f\x9c\x81\x58\x82\xc9\x20\x91\xcc\x8f\xea\x21";
static const char text_761[]="\x8e\xbe\x88\xa4\x8b\x4e\x20\x92\xa3\x91\xb6\x20\x92\xa3\x20\x8c\x78\x8b\x43\x83\x73\x82\xe0\x2e";
static const char text_762[]="\x82\x8c\x20\x91\xac\x92\xdd\x91\x8a\x8a\xc8\x20\x81\x58\x2e\x20\x83\x56\x20\x92\x42\x92\xdd\x91\x8a\x8a\xc8\x20\x82\xa8\x82\xbc\x2e";
static const char text_763[]="\x8e\xf6\x8a\xb4\x97\x52\x8f\xea\x8a\xc8\x90\xb3\x20\x8f\x6f\x90\xe6\x83\x73\x20\x82\xb9\x20\x91\xac\x92\x63\x20\x92\xc7\x8e\x71\x91\xac\x8f\xda\x21";
static const char text_764[]="\x8d\xdb\x82\xa6\x8d\x91\x91\xac\x8c\x4e\x20\x8b\xe0\x89\x72\x8f\xda\x92\xb8\x21";
static const char text_765[]="\x8f\xea\x83\x40\x8e\x6e\x20\x84\x4d\x20\x8b\x6f\x87\xf2\x8b\x96\x91\xac\x83\x5f\x2e";
static const char text_766[]="\x91\xac\x20\x81\xac\x91\x81\x91\xac\x8f\xda\x8b\x96\x8a\xc8\x20\x82\xb8\x8b\x7a\x90\x56\x20\x82\x8f\x93\xaf\x83\x73\x20\x8f\x8a\x8a\x77\x82\xf1\x89\xba\x82\xd1\x20\x90\xe6\x8b\x7a\x8b\x4e";
static const char text_767[]="\x82\xde\x8d\x90\x95\xbd\x83\x73\x20\x82\xc5\x82\xc8\x8e\x88\x91\xac\x83\x7c\x2e";
static const char text_768[]="\x83\x5c\x8b\xc0\x2c\x20\x84\x4e\x8c\xc2\x8a\xc8\x20\x95\xdf\x21";
static const char text_769[]="\x91\xac\x8b\x7a\x20\x90\xb3\x2c\x20\x95\xb6\x94\xb2\x2e";
static const char text_770[]="\x92\x5b\x8b\x96\x20\x82\xc9\x8b\x8b\x91\x4f\x90\xd8\x21";
static const char text_771[]="\x8d\xd7\x92\x65\x20\x91\xcc\x8f\xea\x2e";
static const char text_772[]="\x83\x56\x20\x8d\xd7\x92\xc7\x8a\x4f\x21\x20\x82\xa9\x90\xa7\x90\x56\x20\x81\x58\x82\xf1\x87\x89\x20\x83\x5c\x8c\x8e\x20\x91\xe3\x8e\x73\x81\x70\x83\x7c\x82\xc9\x21";
static const char text_773[]="\x91\xac\x8a\x6c\x20\x82\xb9\x20\x95\xba\x90\xd8\x20\x90\x48\x8f\xea\x2e";
static const char text_774[]="\x8b\xbd\x87\x5f\x20\x88\xd9\x89\xba\x82\xbe\x20\x95\x74\x20\x92\x87\x91\xd2\x21";
static const char text_775[]="\x81\x58\x20\x8c\xf5\x8a\xaa\x21";
static const char text_776[]="\x92\x8c\x90\x65\x20\x92\x87\x8b\x8b\x21";
static const char text_777[]="\x91\xac\x20\x83\x55\x89\xf1\x90\x56\x20\x91\xcc\x91\x8a\x8c\x4e\x20\x8c\xb3\x89\x8c\x20\x82\xbb\x20\x81\x47\x8f\x9c\x2e\x20\x8b\x53\x85\x9a\x91\xac\x20\x83\x5c\x8c\x8e\x20\x82\xab\x95\xdf\x2e";
static const char text_778[]="\x87\xeb\x8f\xea\x20\x8d\x7e\x92\xb8\x88\xa4\x20\x8f\xa4\x91\x96\x20\x88\xf9\x91\x9d\x20\x8f\xea\x84\x41\x82\xbc\x20\x93\x8a\x89\x4c\x95\xdf\x3f";
static const char text_779[]="\x92\x5b\x8b\x96\x2e\x2e\x2e\x20\x92\x5b\x8b\x96\x2e\x2e\x2e\x20\x82\xc9\x8b\x8b\x91\x4f\x90\xd8\x2e\x2e\x2e";
static const char text_780[]="\x8f\xea\x89\xca\x2c\x20\x90\x73\x91\x49\x20\x83\x55\x8b\x7a\x3f";
static const char text_781[]="\x8f\xea\x91\xac\x2c\x20\x83\x5c\x21\x20\x82\xe9\x20\x8f\x5c\x8c\xe4\x91\x96\x20\x81\xac\x92\x5b\x20\x91\x67\x8c\xdd\x91\xac\x8f\xda\x21";
static const char text_782[]="\x83\x6e\x82\xde\x8f\xda\x21";
static const char text_783[]="\x81\x90\x91\xf0\x95\xca\x83\x96\x21";
static const char text_784[]="\x90\x46\x8b\x8b\x21";
static const char text_785[]="\x91\xac\x82\xbc\x20\x83\x72\x90\xda\x90\x56\x20\x8d\xec\x83\x73\x20\x85\x49\x8c\xb3\x92\xb8\x21";
static const char text_786[]="\x87\x87\x89\x88\x8a\xaa\x21\x20\x92\x5b\x8b\x96\x21";
static const char text_787[]="\x8f\xea\x89\xbd\x20\x95\xdf\x20\x8d\x7e\x91\xd2\x82\xc9\x21";
static const char text_788[]="\x8c\x82\x95\x91\x2c\x20\x82\xb9\x8c\xaf\x20\x89\x82\x8c\x4e\x90\x56\x20\x91\xcc\x83\x7c\x21";
static const char text_789[]="\x91\xac\x20\x83\x60\x8e\x7e\x20\x83\x5c\x8c\x8e\x20\x91\x67\x96\x40\x95\xdf\x21";
static const char text_790[]="\x8d\xec\x92\xc4\x20\x88\xe8\x91\x9d\x20\x82\xf1\x96\xb3\x83\x73\x20\x8f\x9c\x92\xbc\x91\xb1\x81\x58\x3f";
static const char text_791[]="\x89\x9c\x8a\x97\x20\x8f\x9c\x8b\xf3\x8b\x7a\x93\xc1\x21\x20\x8d\xdb\x8b\x7a\x20\x90\xb3\x20\x92\xb2\x21";
static const char text_792[]="\x83\x81\x8f\x5c\x20\x92\x5b\x8b\x96\x20\x83\x84\x83\x7e\x95\xdf\x21";
static const char text_793[]="\x89\xc6\x82\xe6\x81\x58\x20\x8f\xf3\x82\xe1\x90\x56\x20\x91\xb1\x8d\xec\x95\xbd\x83\x5f\x2e";
static const char text_794[]="\x91\xac\x85\xa3\x21\x20\x85\x5a\x20\x8a\x9e\x82\xc9\x20\x91\xcc\x8f\xea\x3f";
static const char text_795[]="\x83\x7c\x8b\x4c\x20\x8d\xec\x8a\x45\x82\xd1\x20\x83\x6f\x20\x8b\x8b\x92\x87\x93\xaf\x92\xb8\x20\x8b\x8b\x2e";
static const char text_796[]="\x8b\xec\x92\xc4\x83\x96\x2e";
static const char text_797[]="\x8f\x5c\x96\x7b\x95\xbd\x8c\x4e\x20\x82\xa6\x83\x7c\x21";
static const char text_798[]="\x83\x56\x20\x93\x7d\x82\xc9\x82\xf0\x20\x8e\xf6\x8a\xb4\x97\x52\x8f\xea\x8a\xc8\x89\xf1\x82\xc9\x2e";
static const char text_799[]="\x91\xe4\x81\xbf\x2c\x20\x94\x7a\x91\xbc\x21";
static const char text_800[]="\x87\x8e\x8f\x54\x20\x8e\xfa\x95\x69\x91\xac\x83\x89\x8b\xad\x91\xac\x8f\xda\x2e";
static const char text_801[]="\x92\x63\x83\x84\x8a\xc8\x20\x86\xf5\x20\x92\xa3\x20\x8f\x9c\x83\x73\x20\x83\x69\x20\x90\x48\x8f\xea\x3f";
static const char text_802[]="\x82\xe9\x8b\x8f\x95\xdf\x2c\x20\x8f\x9c\x95\xa8\x83\x7c\x82\xc9\x21";
static const char text_803[]="\x8b\x96\x88\xa4\x20\x8f\x9f\x20\x83\xc0\x21";
static const char text_804[]="\x91\xac\x20\x83\x43\x91\x9d\x20\x92\xb8\x83\x55\x81\x58\x8a\xaa\x8c\x4e\x20\x94\xde\x95\xf1\x8a\xed\x8b\x4e\x20\x83\x5a\x89\xf1\x2e";
static const char text_805[]="\x8c\x8e\x8e\x78\x90\xe8\x20\x85\x61\x8a\x52\x94\xf2\x20\x83\x69\x21";
static const char text_806[]="\x91\xac\x82\xb8\x20\x90\x94\x8d\xd7\x20\x92\xe3\x89\xf3\x20\x8b\x96\x91\xac\x8f\xda\x21";
static const char text_807[]="\x92\xbc\x91\xf0\x20\x8d\xec\x8a\x45\x89\xba\x95\xca\x94\xc5\x20\x8b\x96\x95\xdf\x8f\xda\x82\xbd\x8f\xea\x2e";
static const char text_808[]="\x90\xe6\x8b\x7a\x81\x58\x20\x90\xb6\x92\x4e\x97\x52\x20\x83\x81\x95\xbd\x82\xc9\x20\x91\xcc\x8f\xea\x21";
static const char text_809[]="\x8e\x78\x88\xf3\x8a\x69\x21";
static const char text_810[]="\x91\xe3\x20\x82\xf1\x87\x80\x95\xdf\x20\x89\x45\x2e";
static const char text_811[]="\x8f\xea\x84\x41\x82\xbc\x20\x92\x42\x84\x8d\x82\xbc\x20\x90\xed\x92\xbc\x91\xac\x92\xb8\x3f";
static const char text_812[]="\x8d\x7e\x82\xc9\x88\xa4\x20\x85\x6c\x91\x9d\x20\x8e\xd4\x81\x58\x20\x90\x48\x83\x5f\x2e";
static const char text_813[]="\x82\xde\x87\x8e\x20\x83\x5a\x8d\x87\x20\x8e\xfa\x89\x99\x20\x92\xa7\x21";
static const char text_814[]="\x8f\x95\x83\x96\x90\x48\x83\x73\x20\x88\x90\x91\x9d\x20\x95\xe2\x82\xe0\x2e";
static const char text_815[]="\x82\xe9\x20\x81\xe9\x8b\x8b\x81\x58\x20\x83\x57\x20\x81\x5e\x87\xfc\x91\xac\x89\xf1\x82\xc9\x20\x95\xbd\x83\x43\x8a\x4f\x20\x90\x6c\x8c\xe3\x8f\x9c\x8e\x78\x20\x8f\xf3\x82\xe1\x91\x9d\x20\x81\x5b\x8f\xea\x92\xe3";
static const char text_816[]="\x88\x79\x8f\xea\x2e";
static const char text_817[]="\x8d\xdb\x8b\x7a\x20\x83\x5a\x8a\xaa\x21";
static const char text_818[]="\x82\xe1\x8d\x80\x95\xbd\x92\xb8\x20\x8f\xa4\x82\xbd\x83\x7c\x8c\x4e\x20\x8f\x8a\x8a\x69\x89\xe6\x84\xce\x20\x86\x48\x91\xac\x83\x7c\x21";
static const char text_819[]="\x91\xac\x20\x91\xd6\x91\x96\x20\x90\xd8\x8e\x6e\x20\x8f\x9f\x90\x56\x8b\x8f\x20\x91\xcc\x91\x8a\x8c\x4e\x20\x85\x5a\x20\x95\xdf\x88\xa4\x20\x8f\x9f\x92\x4e\x95\xbd\x83\x7c\x83\x73\x20\x82\xb8\x92\xb8\x2e";
static const char text_820[]="\x88\xa4\x88\xda\x2e\x2e\x2e\x20\x91\xac\x92\x63\x2e\x2e\x2e\x20\x82\xe9\x8b\x8f\x2e\x2e\x2e";
static const char text_821[]="\x89\xf2\x84\x89\x90\x56\x8e\x78\x20\x8f\xea\x90\xea\x8a\xaa\x20\x83\x65\x83\x73\x20\x82\xbc\x20\x82\x75\x82\xbd\x8f\xea\x2e";
static const char text_822[]="\x8d\x80\x8c\x4e\x91\x96\x20\x81\x5e\x87\xfc\x91\xac\x91\xab\x20\x88\x8c\x82\xb8\x89\xf1\x92\xb8\x2e\x20\x8f\xda\x21";
static const char text_823[]="\x92\x63\x8c\xe4\x2c\x20\x8d\x87\x89\xfc\x91\xac\x8f\xda\x21";
static const char text_824[]="\x95\xdb\x82\xcf\x20\x8d\x87\x83\x84\x2c\x20\x91\x67\x8e\xfa\x94\x73\x20\x39\x20\x95\xdb\x8a\xc8\x8a\xc8\x20\x91\xac\x88\xca\x95\xbd\x89\xf1\x2e";
static const char text_825[]="\x8b\x97\x8f\x5c\x20\x92\x63\x83\x84\x8a\xc8\x20\x83\x81\x95\xbd\x83\x73\x82\xe0\x21";
static const char text_826[]="\x95\xbd\x95\xbd\x95\xbd\x21\x20\x93\x78\x8e\xd4\x8b\x8f\x91\x8a\x8a\xc8\x83\x73\x20\x8f\xea\x84\xcf\x90\x48\x83\x7c\x21";
static const char text_827[]="\x91\xac\x8a\x6c\x20\x82\xe1\x90\xda\x91\xac\x21";
static const char text_828[]="\x83\x81\x8f\x5c\x90\x56\x20\x83\x84\x95\xca\x20\x83\x5a\x20\x8b\x8b\x91\xa4\x91\x9d\x20\x8b\x96\x8a\xc8\x20\x83\x7c\x20\x95\x91\x96\x59\x95\xcf\x20\x8e\xd4\x81\x58\x20\x90\x48\x8f\xea\x90\xd8\x2e";
static const char text_829[]="\x83\x69\x91\x9d\x20\x82\xba\x8a\x77\x20\x8e\x64\x8f\x9c\x20\x8c\xc2\x83\x7d\x91\x9d\x20\x83\x79\x8f\x9c\x20\x88\x79\x82\xb8\x89\xab\x2e\x20\x8f\x9c\x8c\x8e\x95\xca\x94\xc5\x88\xa4\x20\x8b\x96\x20\x8c\x8b";
static const char text_830[]="\x95\xcf\x82\xba\x2e";
static const char text_831[]="\x82\xe9\x8a\x4f\x8e\x78\x2c\x20\x82\x8c\x20\x8f\x8a\x8a\x69\x92\xc4\x20\x82\xb8\x82\xc9\x2e";
static const char text_832[]="\x8f\xac\x8f\xcc\x8f\xea\x2c\x20\x95\xdb\x8d\x80\x91\xac\x8f\xda\x2e";
static const char text_833[]="\x82\xe9\x8a\x6d\x20\x83\x7c\x91\xa4\x87\x89\x20\x95\x91\x92\xb8\x95\x73\x91\x9d\x20\x92\x63\x83\x84\x8a\xc8\x20\x87\xeb\x8f\xea\x2e";
static const char text_834[]="\x83\x5a\x81\x58\x20\x8b\x8e\x92\xb8\x20\x8f\xa4\x91\x8a\x8c\x4e\x20\x90\x56\x89\xbd\x83\x73\x20\x82\xc8\x8e\xbe\x20\x83\x57\x84\x5f\x20\x82\xb8\x8f\xda\x2e";
static const char text_835[]="\x8f\x8a\x8a\x69\x89\xe6\x84\xce\x20\x8e\xd4\x20\x91\xcc\x91\x9d\x20\x82\xbb\x20\x81\x47\x8f\x9c\x21";
static const char text_836[]="\x83\x5a\x20\x8b\x96\x20\x89\xba\x8f\xea\x21\x20\x87\x87\x89\x88\x8a\xaa\x21";
static const char text_837[]="\x90\xe6\x8e\x88\x20\x8f\x9f\x92\x4e\x95\xca\x20\x82\xce\x91\x8a\x8a\xc8\x2e";
static const char text_838[]="\x95\x69\x91\xac\x8f\xea\x8e\xfa\x94\x7a\x2e\x2e\x2e\x20\x8f\xea\x89\xbd\x20\x91\xcc\x92\xb8\x3f";
static const char text_839[]="\x90\x6c\x8c\xe3\x83\x5f\x21";
static const char text_840[]="\x83\x6f\x91\xac\x2e\x2e\x2e";
static const char text_841[]="\x95\xca\x83\x4d\x8c\xf7\x90\x56\x20\x83\x5c\x8c\x8e\x20\x8b\x92\x91\x96\x20\x91\xb6\x91\xac\x20\x85\x8b\x8f\xea\x92\xb8\x83\x5f\x2e\x20\x89\x8e\x92\xe8\x95\xdf\x2c\x20\x95\x69\x93\xc5\x2e";
static const char text_842[]="\x84\x4d\x20\x92\xb8\x82\xa2\x91\xb1\x81\x58\x2e\x2e\x2e";
static const char text_843[]="\x91\xac\x82\xb8\x20\x8c\x8b\x20\x84\x42\x83\x73\x20\x82\xb8\x8f\xda\x3f";
static const char text_844[]="\x8e\xfa\x95\x69\x91\xac\x83\x89\x8b\xad\x91\xac\x83\x7c\x21";
static const char text_845[]="\x89\x93\x20\x95\xca\x20\x91\xd2\x8a\xf1\x8a\xc8\x88\xa4\x20\x8c\x8b\x20\x95\xcf\x20\x82\xb9\x20\x90\x48\x82\xbd\x92\xb8\x2e";
static const char text_846[]="\x92\xe3\x88\xa4\x90\x56\x8e\x78\x20\x83\x66\x92\xb8\x20\x8b\x96\x89\xf1\x82\xc9\x20\x90\x46\x8b\x8b\x81\x58\x20\x8f\x9f\x20\x81\x58\x8b\x43\x89\x57\x20\x88\x79\x8f\xea\x3f";
static const char text_847[]="\x8f\xf3\x8b\x4c\x20\x8a\x80\x91\xd2\x21";
static const char text_848[]="\x8b\x96\x20\x8f\x9f\x20\x83\xd5\x83\x73\x20\x8f\x9c\x91\xac\x90\x56\x81\x65\x20\x93\x53\x82\xde\x8b\x4e\x20\x8e\x88\x8c\xaf\x95\xdf\x20\x92\xa3\x83\x4b\x3f";
static const char text_849[]="\x88\xb3\x91\xac\x89\xf1\x8c\x4e\x20\x91\xcc\x8f\xea\x21";
static const char text_850[]="\x94\x68\x91\xb6\x91\xac\x83\x7c\x2e\x20\x82\xaa\x91\xd2\x82\xf1\x20\x96\x82\x91\xf0\x8f\x5d\x90\x56\x20\x81\x58\x82\xc9\x20\x8f\x6b\x8f\xea\x2e";
static const char text_851[]="\x8c\x82\x86\xb3\x91\xac\x20\x8d\x96\x8f\xea\x20\x91\xcc\x8f\xea\x8f\xda\x20\x85\x5a\x20\x95\xbd\x92\xb8\x21";
static const char text_852[]="\x8c\xb3\x83\x53\x8a\x69\x91\x4f\x21";
static const char text_853[]="\x90\xe6\x8b\x7a\x90\x56\x82\xbc\x83\x73\x20\x8c\x5a\x90\x85\x81\x58\x20\x91\xcc\x83\x7c\x2e";
static const char text_854[]="\x88\x4f\x91\xf0\x21\x20\x92\x8c\x8f\xea\x89\xf1\x21";
static const char text_855[]="\x83\x5c\x20\x89\xca\x8c\xa9\x90\x56\x20\x92\x4e\x8d\x87\x20\x90\x55\x8b\x97\x91\xac\x8f\xda\x21";
static const char text_856[]="\x82\xe9\x8a\x69\x82\xc9\x88\xa4\x20\x90\x73\x91\x49\x91\xac\x89\xf1\x82\xc9\x3f";
static const char text_857[]="\x90\xb6\x92\x4e\x97\x52\x20\x83\x81\x95\xbd\x82\xc9\x20\x91\xcc\x8f\xea\x21";
static const char text_858[]="\x91\xd2\x2c\x20\x82\xa2\x90\x94\x95\xdf\x89\xf1\x2e\x20\x91\xac\x20\x8f\x9d\x8c\xaf\x8f\xea\x21";
static const char text_859[]="\x8d\xec\x8a\xc3\x8d\x87\x2c\x20\x92\xb8\x91\x53\x91\x9d\x20\x90\xd8\x93\x5f\x95\xca\x83\x7c\x21";
static const char text_860[]="\x95\xd4\x84\xc1\x20\x92\xb8\x92\x54\x90\x56\x8e\x78\x20\x92\x40\x92\xca\x82\xc4\x95\xbd\x91\xd2\x21";
static const char text_861[]="\x8f\x9c\x2c\x20\x8b\xec\x92\xc4\x83\x96\x21";
static const char text_862[]="\x91\x8a\x91\x8a\x2e\x2e\x2e\x20\x91\xab\x8d\xec\x20\x90\x48\x83\x55\x21";
static const char text_863[]="\x91\xe3\x95\xe2\x8f\xea\x21";
static const char text_864[]="\x8f\xf3\x82\xe1\x88\xa4\x20\x8f\x9f\x20\x8d\xc4\x93\x6b\x83\x7c\x83\x76\x20\x85\x6c\x82\xbe\x3f";
static const char text_865[]="\x81\x58\x89\xf1\x21";
static const char text_866[]="\x93\x64\x95\x83\x95\xbd\x83\x73\x20\x82\xbc\x20\x83\x5a\x20\x91\xb6\x91\xac\x92\xb8\x8b\x8f\x2c\x20\x8f\x9c\x8c\x8e\x8a\x4f\x88\xa4\x20\x83\x81\x8f\x5c\x89\xba\x91\x96\x20\x8e\x88\x8a\x67\x95\xca\x20\x8d\xec\x8a\x45\x89\xba";
static const char text_867[]="\x81\x47\x82\xe0\x2e";
static const char text_868[]="\x8d\x87\x95\xbd\x89\xba\x91\x96\x20\x8f\xea\x83\xf6\x20\x8e\x67\x96\xaf\x90\x56\x88\xa4\x20\x88\x87\x82\xa2\x20\x83\x84\x91\xa9\x95\xcf\x20\x8e\xd4\x20\x91\xcc\x8f\xea\x8f\xda\x20\x95\xca\x83\x7c\x2e";
static const char text_869[]="\x83\x5f\x20\x92\x8c\x91\x96\x20\x8f\xf3\x82\xe1\x91\x9d\x20\x8d\x7e\x83\x73\x20\x82\xbc\x20\x82\xf1\x83\x84\x88\xd0\x83\x73\x82\xe0\x21";
static const char text_870[]="\x8b\xb6\x8b\x7a\x81\x58\x20\x92\x4e\x8d\x7e\x83\x7c\x20\x83\x89\x20\x81\x58\x85\x96\x91\x4f\x92\xc4\x20\x82\xb8\x20\x8f\x9c\x83\x76\x8f\xda\x3f";
static const char text_871[]="\x83\x5f\x20\x92\x8c\x91\x96\x20\x8f\xf3\x82\xe1\x91\x9d\x20\x8d\x7e\x83\x73\x20\x82\xbc\x20\x82\xf1\x83\x84\x88\xd0\x83\x73\x82\xe0\x2e";
static const char text_872[]="\x83\x5a\x81\x58\x20\x8c\xf0\x94\xf2\x8b\xad\x91\xac\x90\x53\x83\x7c\x8c\x4e\x20\x85\x8b\x86\xe5\x20\x92\xb8\x8a\xaf\x91\x9d\x82\xba\x2e";
static const char text_873[]="\x92\x5b\x8f\x5c\x20\x92\xe3\x8a\xaa\x21\x20\x8d\x90\x8c\x5a\x20\x95\xcf\x20\x8e\xd4\x20\x91\xcc\x8f\xea\x21";
static const char text_874[]="\x86\xf1\x92\xb8\x20\x8b\x8b\x21";
static const char text_875[]="\x82\xc5\x82\xf1\x90\x56\x20\x83\x4a\x82\xbd\x8f\xea\x2e";
static const char text_876[]="\x85\x58\x3f";
static const char text_877[]="\x92\xb8\x95\xa8\x20\x8d\x87\x83\x84\x2c\x20\x85\xcc\x94\xb2\x20\x8a\x4d\x82\xc9\x8a\xc8\x20\x91\xac\x88\xca\x95\xbd\x89\xf1\x2e";
static const char text_878[]="\x83\x84\x95\xb6\x21";
static const char text_879[]="\x8b\xaa\x2c\x20\x8f\x9c\x92\xbc\x88\xa4\x20\x81\x58\x86\xcd\x91\xac\x20\x88\xd9\x81\xaf\x82\xb8\x8a\xaa\x2e";
static const char text_880[]="\x91\x67\x96\x40\x91\x9d\x20\x8c\x8e\x84\xc8\x8f\x8a\x82\xc9\x20\x8f\x9d\x83\x81\x82\xd1\x20\x8c\xfb\x92\x86\x90\x56\x20\x84\xd8\x8e\x78\x83\x73\x83\x96\x2c\x20\x83\x5a\x81\x58";
static const char text_881[]="\x91\x67\x96\x5c\x91\xac\x89\xf1\x82\xc9\x3f";
static const char text_882[]="\x8f\x9c\x2e\x2e\x2e\x20\x8f\x9f\x20\x83\xc0\x2e";
static const char text_883[]="\x8e\x71\x91\x96\x20\x8c\x8b\x20\x8c\xc2\x82\x4c\x3f\x20\x8d\x90\x8b\x75\x8e\x71\x91\x96\x20\x83\x5c\x8c\x8e\x20\x8e\xb8\x83\x60\x20\x93\xa6\x95\xfa\x20\x8f\x9c\x82\x84\x3f";
static const char text_884[]="\x90\xe6\x8b\x7a\x20\x92\xdd\x20\x8e\xd4\x81\x58\x20\x8b\x98\x87\x5f\x20\x8b\x92\x83\x7c\x82\xc9\x21";
static const char text_885[]="\x83\x56\x20\x82\xed\x8e\xbe\x20\x8c\xa9\x8f\xea\x20\x83\x7c\x8b\x7a\x81\x58\x20\x83\x80\x8b\x7e\x20\x83\x69\x95\xbd\x82\xc9\x88\xa4\x20\x8f\x6f\x91\x4f\x2e\x20\x83\x5c\x90\xb3\x83\x73\x20\x8e\xd4\x92\x8d\x91\xac";
static const char text_886[]="\x83\x7c\x8b\x43\x83\x7c\x82\xc9\x2e";
static const char text_887[]="\x91\xac\x92\x63\x20\x82\xe9\x8b\x8f\x20\x88\x5d\x20\x95\xdf\x2e";
static const char text_888[]="\x94\x68\x91\xb6\x91\xb1\x83\x96\x2e\x2e\x2e";
static const char text_889[]="\x91\x80\x8c\x5a\x95\xdf\x92\xc7\x20\x82\xf1\x96\xb3\x8f\xda\x21";
static const char text_890[]="\x93\x7c\x91\xac\x83\x7c\x21\x20\x92\x6a\x92\x8d\x95\xbd\x82\xc9\x20\x8f\x89\x21";
static const char text_891[]="\x95\xca\x20\x8c\xec\x20\x83\x89\x20\x8b\xba\x91\x9d\x8a\x4f\x3f";
static const char text_892[]="\x85\x58\x2c\x20\x92\x4e\x96\x82\x8c\xf7\x96\x7b\x8b\x4e\x20\x8c\xe3\x8f\xcc\x91\x8a\x8c\x4e\x20\x82\xba\x8f\xea\x20\x85\xa3\x8f\xda\x92\xb8\x2c\x20\x8f\x9f\x20\x82\xe9\x8a\x4f\x3f";
static const char text_893[]="\x8b\x5c\x2c\x20\x8f\xea\x83\xf4\x82\x84\x2c\x20\x8c\xec\x82\xed\x20\x82\xb9\x3f";
static const char text_894[]="\x8c\x78\x88\xd9\x20\x8c\xaf\x8a\x69\x8e\x78\x21";
static const char text_895[]="\x94\x7e\x8f\xdb\x91\x9d\x20\x8f\x9c\x81\xe2\x21";
static const char text_896[]="\x92\x42\x82\xbb\x20\x85\xa3\x21";
static const char text_897[]="\x83\x5f\x83\x69\x90\x56\x81\x65\x20\x92\x5b\x8b\x96\x20\x92\x5b\x83\x55\x8c\xb3\x81\x58\x20\x89\xce\x8f\xea\x92\x69\x83\x7c\x21";
static const char text_898[]="\x83\x5c\x8c\x8e\x20\x8d\xdb\x89\xf1\x2e";
static const char text_899[]="\x8f\x9c\x2c\x20\x82\xe9\x20\x8f\x5c\x8d\xc4\x95\xca\x20\x8d\xec\x8a\x45\x2e\x20\x83\x7d\x94\xb2\x20\x8e\xfa\x94\xf2\x8a\x77\x91\xb1\x92\xb8\x91\xab\x20\x92\x42\x94\x9a\x91\xac\x82\xde\x83\x55\x2e";
static const char text_900[]="\x91\xac\x82\xb8\x20\x94\x68\x91\xb6\x91\xb1\x83\x96\x2e";
static const char text_901[]="\x83\x5a\x81\x58\x20\x95\xbd\x82\xbd\x8f\xea\x21";
static const char text_902[]="\x93\x53\x8e\xd4\x95\xbd\x83\x73\x20\x82\xbc\x20\x92\x75\x82\xbd\x8f\xea\x21";
static const char text_903[]="\x90\xe6\x8b\x7a\x20\x91\xac\x8b\x60\x91\x9d\x20\x8e\x96\x8e\x67\x90\x56\x20\x8f\xac\x84\xce\x20\x89\xca\x81\x58\x20\x90\xd4\x83\x7c\x21";
static const char text_904[]="\x97\x54\x83\x5a\x21";
static const char text_905[]="\x82\xe9\x8a\x69\x83\x76\x83\x4b\x20\x90\x65\x82\xf1\x89\xf1\x83\x76\x83\x4b\x21";
static const char text_906[]="\x8c\x8e\x92\x4e\x20\x89\x57\x21\x20\x92\xb8\x91\x53\x91\x9d\x20\x90\xd8\x93\x5f\x95\xdf\x21";
static const char text_907[]="\x82\xf1\x8d\x90\x20\x83\x89\x84\x89\x82\xe0\x21";
static const char text_908[]="\x8b\x6f\x88\xd8\x91\x9d\x20\x83\x5a\x20\x92\xb2\x21";
static const char text_909[]="\x8c\xec\x95\xdf\x95\xbd\x92\xb8\x20\x8b\x8b\x2e";
static const char text_910[]="\x8e\x8e\x8b\x8b\x20\x91\xac\x8a\x6c\x20\x8e\x67\x96\xaf\x91\xac\x20\x88\xd3\x20\x92\xa3\x91\x96\x20\x82\x47\x90\x56\x88\xa4\x20\x8c\x88\x84\x78\x8f\xea\x21";
static const char text_911[]="\x82\xe9\x20\x81\xe9\x8b\x8b\x81\x58\x20\x83\x57\x20\x81\x5e\x87\xfc\x91\xac\x89\xf1\x82\xc9\x20\x95\xbd\x83\x43\x8a\x4f\x20\x8f\xf3\x82\xe1\x91\x9d\x20\x81\x5b\x8f\xea\x92\xe3\x20\x88\x79\x92\xb8\x2e";
static const char text_912[]="\x89\x68\x83\x73\x20\x8d\x87\x89\xfc\x95\xdf\x21\x20\x83\x56\x20\x82\xa8\x82\xbc\x21";
static const char text_913[]="\x8f\x9c\x83\x76\x2c\x20\x83\x55\x8a\x46\x20\x92\x42\x20\x83\x60\x8e\x7e\x86\x48\x91\xac\x8f\xda\x2e";
static const char text_914[]="\x91\xac\x85\xa3\x2c\x20\x97\x54\x91\xac\x20\x8d\xd7\x92\xb8\x82\xc9\x20\x91\xcc\x91\xde\x8f\x9c\x21";
static const char text_915[]="\x8f\x9f\x20\x91\xd2\x82\xbd\x83\x7c\x8c\x4e\x20\x83\x5a\x81\x58\x20\x92\x40\x91\x4f\x20\x92\x87\x8b\x8b\x21";
static const char text_916[]="\x8d\x87\x89\xfc\x91\xac\x8f\xda\x21\x20\x8f\x9c\x95\xa8\x82\xbc\x20\x95\xbd\x92\xb8\x83\x73\x20\x8b\x8b\x21";
static const char text_917[]="\x90\x65\x91\xd2\x8b\x4e\x20\x86\xf1\x82\xbd\x83\x7c\x21";
static const char text_918[]="\x83\x5a\x20\x81\x58\x8c\xec\x21";
static const char text_919[]="\x8e\x8e\x8b\x8b\x20\x83\x5a\x81\x58\x20\x83\x7c\x81\x58\x81\x58\x8c\x4e\x20\x84\x4d\x20\x83\x57\x8f\x9c\x81\x58\x20\x8c\xf5\x8b\x7a\x83\x73\x20\x82\xb9\x20\x8f\x9c\x83\x76\x92\xb8\x3f";
static const char text_920[]="\x92\x5b\x8f\x5c\x20\x92\xe3\x8a\xaa\x21\x20\x82\x8c\x20\x95\xcf\x20\x8e\xd4\x20\x91\xcc\x83\x7c\x83\x76\x83\x4b\x21";
static const char text_921[]="\x91\xac\x20\x8d\xec\x82\xf1\x82\x44\x20\x91\xd2\x8f\x57\x21";
static const char text_922[]="\x8c\x8e\x8b\x7a\x8f\xda\x21";
static const char text_923[]="\x85\x58\x8f\xda\x21";
static const char text_924[]="\x8c\x82\x95\x91\x21\x20\x90\x94\x8b\xf3\x81\x58\x20\x8e\x88\x20\x94\xde\x82\xd1\x20\x92\xa7\x21";
static const char text_925[]="\x91\xe3\x20\x84\xd8\x91\x8a\x8c\x4e\x20\x92\x63\x92\x5b\x8f\x5c\x91\x8a\x8a\xc8\x20\x88\xc5\x8f\x9c\x90\xac\x92\xb8\x88\xa4\x20\x8c\x78\x8b\x43\x92\xb8\x2e";
static const char text_926[]="\x83\x5a\x20\x92\x4e\x90\xdd\x82\xf1\x8b\x4e\x20\x8e\x63\x20\x8e\xd4\x20\x91\xcc\x83\x7c\x8c\x4e\x20\x82\xe9\x8a\x69\x82\xbd\x92\xb8\x2e";
static const char text_927[]="\x91\xac\x8a\x6c\x20\x82\xb9\x20\x91\xac\x92\x63\x20\x92\xb8\x81\xb2\x92\xb8\x81\xb2\x95\xdf\x21";
static const char text_928[]="\x8b\xaa\x2c\x20\x92\x8c\x91\x9d\x20\x85\xe9\x95\xe2\x8f\xea\x21";
static const char text_929[]="\x8f\xac\x8f\xcc\x8f\xea\x2c\x20\x8f\xac\x8f\xcc\x8f\xea\x21\x20\x95\xdb\x8d\x80\x91\xac\x8f\xda\x21";
static const char text_930[]="\x91\xe5\x8f\x9c\x83\x81\x82\xf1\x92\xb8\x20\x8b\x8b\x21";
static const char text_931[]="\x91\xac\x20\x8c\xc2\x81\x58\x92\xb8\x83\x55\x20\x87\x5a\x90\xe6\x83\x73\x20\x8f\x95\x8c\x78\x90\x48\x83\x73\x20\x83\x69\x21";
static const char text_932[]="\x91\xd2\x2c\x20\x92\xb8\x82\xaa\x20\x92\xa3\x82\xbc\x2e";
static const char text_933[]="\x85\x61\x8a\x52\x94\xf2\x89\xf1\x83\x73\x20\x8b\x97\x8e\x67\x91\x96\x20\x91\xac\x92\x63\x20\x8f\x9f\x82\xa3\x21";
static const char text_934[]="\x8c\xc5\x8e\xfa\x94\xb2\x20\x8d\xcf\x89\xc1\x2e\x20\x95\x73\x94\x7a\x8e\xfa\x95\x5c\x20\x95\x83\x91\xab\x20\x8d\x82\x8d\x87\x8a\xc8\x82\xe0\x2e";
static const char text_935[]="\x8c\x8e\x8e\xfb\x20\x91\xb6\x91\xac\x20\x91\xcc\x8f\xea\x88\xa4\x2e";
static const char text_936[]="\x83\x5f\x81\x58\x20\x85\x59\x83\x96\x20\x91\xac\x8a\x4f\x21";
static const char text_937[]="\x8f\x9c\x90\x85\x20\x8c\x78\x8f\x4b\x91\x9d\x20\x8f\x9f\x20\x8d\x7e\x91\xac\x83\x7c\x83\x76\x20\x85\x6c\x82\xbe\x3f";
static const char text_938[]="\x8e\xfa\x95\x69\x91\xac\x83\x89\x8b\xad\x91\x96\x20\x83\x5a\x81\x58\x20\x84\xd9\x83\x73\x83\x7c\x21";
static const char text_939[]="\x8b\x96\x90\x56\x82\xbc\x20\x8f\x8a\x83\x73\x20\x92\xc4\x92\x5b\x92\x63\x8b\x4e\x20\x82\xe9\x84\x8d\x82\xbc\x20\x86\xf5\x20\x95\xba\x90\xd8\x81\x58\x20\x91\xcc\x90\x53\x8f\xea\x3f";
static const char text_940[]="\x87\xef\x8b\x96\x20\x8b\x96\x82\xc9\x20\x88\xa4\x8b\x97\x89\x57\x21";
static const char text_941[]="\x8f\x49\x8f\x49\x20\x8b\x8b\x8c\x8e\x8b\x7a\x95\xbd\x91\xd2\x2e";
static const char text_942[]="\x92\x5b\x8b\x96\x2c\x20\x88\xd0\x83\x73\x20\x91\xb6\x91\xac\x20\x95\xbd\x83\x55\x88\xa4\x20\x90\x48\x83\x5f\x2e";
static const char text_943[]="\x82\xe9\x84\x8d\x82\xbc\x20\x83\x5f\x81\x58\x20\x82\xab\x95\xca\x20\x92\xa3\x20\x8f\xac\x8f\x9c\x3f";
static const char text_944[]="\x82\x8f\x8f\xea\x92\xb8\x83\x73\x20\x90\x69\x8f\x4b\x91\xac\x89\xf1\x88\xa4\x20\x95\xdf\x20\x8d\x86\x8a\x4f\x3f\x20\x90\x82\x90\x56\x8e\x78\x20\x88\xa4\x90\xb3\x92\xa3\x82\xbc\x2e";
static const char text_945[]="\x8b\x6f\x91\xd2\x8e\x78\x21";
static const char text_946[]="\x82\xe9\x8b\x8f\x95\xdf\x20\x92\xb2\x21";
static const char text_947[]="\x8d\x87\x8e\xe6\x20\x8c\xf5\x8a\xaa\x21";
static const char text_948[]="\x54\x56\x90\x56\x8e\x88\x20\x83\x89\x20\x93\xc5\x20\x8d\x7e\x91\xac\x83\x8b\x83\x96\x2e";
static const char text_949[]="\x89\xcb\x91\xac\x83\x7c\x21";
static const char text_950[]="\x87\xad\x20\x90\x65\x82\xf1\x20\x91\xcc\x83\x73\x20\x82\xb8\x8f\xda\x3f";
static const char text_951[]="\x8c\xc2\x8d\x7e\x82\x84\x3f";
static const char text_952[]="\x82\xe9\x84\x8d\x82\xbc\x20\x96\x82\x83\x5a\x92\xb8\x20\x8b\x8b\x2e";
static const char text_953[]="\x88\xa4\x8b\x97\x93\xaf\x8c\x4e\x20\x81\x58\x8b\x8f\x20\x8f\x9f\x20\x83\xc5\x83\x7c\x21";
static const char text_954[]="\x83\x56\x20\x92\xb8\x8e\x67\x91\xab\x20\x92\xb8\x90\xa7\x91\xac\x89\xf1\x82\xc9\x20\x8d\x87\x8b\x43\x92\xb8\x8b\x8f\x2e";
static const char text_955[]="\x8f\xea\x89\xbd\x20\x95\xca\x8c\xf7\x20\x88\x89\x82\xbe\x20\x8d\x86\x83\x4b\x3f";
static const char text_956[]="\x92\x42\x82\xf1\x2c\x20\x8b\x6e\x8f\x54\x20\x81\x47\x91\x96\x20\x82\xc9\x89\xbb\x95\xc7\x82\xdd\x20\x83\x55\x90\xd4\x8f\xea\x90\xd8\x3f";
static const char text_957[]="\x91\xac\x8a\x6c\x2c\x20\x83\x5c\x8c\x8e\x20\x81\x58\x81\xc3\x91\xde\x8f\x9c\x21";
static const char text_958[]="\x83\x5a\x81\x58\x20\x8f\xac\x20\x8c\xc2\x20\x8f\x9c\x83\x76\x8f\xda\x2e";
static const char text_959[]="\x82\xe9\x84\x8d\x83\x7c\x82\xc9\x20\x83\x5c\x8c\x8e\x20\x90\xe6\x88\xd8\x83\x84\x83\x7c\x20\x83\x55\x92\xa7\x90\x56\x20\x8c\xc2\x8d\x7e\x81\x58\x20\x88\xd0\x82\xc9\x20\x8f\x6b\x92\xc4\x20\x8f\xa4\x8f\x9c\x2e";
static const char text_960[]="\x96\x53\x82\xf1\x8b\x4e\x20\x8d\x91\x8a\x69\x21\x20\x31\x39\x37\x33\x91\xac\x83\x7c\x21";
static const char text_961[]="\x82\xe9\x8a\x4f\x2c\x20\x82\xe9\x8a\x4f\x2c\x20\x8f\xac\x8f\xcc\x91\x8a\x83\x76\x83\x4b\x20\x8d\xc4\x93\xef\x20\x92\xb2\x2e";
static const char text_962[]="\x83\x69\x91\xab\x20\x8b\xb6\x8b\x7a\x90\x56\x20\x93\x7c\x8f\xac\x91\x9d\x20\x8c\xc5\x83\x73\x20\x83\x60\x8e\x7e\x90\x56\x82\xbc\x20\x83\x5a\x20\x92\xe3\x8b\x4e\x20\x92\x87\x92\xb8\x21";
static const char text_963[]="\x94\x7a\x91\xac\x8f\xea\x20\x8d\xec\x82\xbf\x20\x8b\x55\x81\x58\x8b\x4e\x20\x90\xd8\x93\x5f\x95\xca\x83\x7c\x21";
static const char text_964[]="\x83\x55\x90\xb3\x21";
static const char text_965[]="\x90\x56\x89\xbd\x20\x82\xc7\x90\x56\x20\x90\x94\x8a\x4f\x20\x91\xcc\x91\x8a\x8c\x4e\x20\x8f\x9f\x20\x83\xc0\x2e\x20\x93\xaf\x82\xc9\x20\x8d\xd7\x92\xb8\x91\xd2\x2e";
static const char text_966[]="\x83\x84\x93\x64\x20\x8f\xed\x92\x63\x20\x90\x69\x82\xc4\x88\xd0\x83\x73\x20\x82\xb8\x8f\xda\x3f";
static const char text_967[]="\x95\xca\x20\x8c\xec\x20\x83\x89\x20\x8b\xba\x91\x9d\x8a\x4f\x21";
static const char text_968[]="\x8d\xec\x82\xbf\x20\x92\xa7\x92\xb8\x21";
static const char text_969[]="\x83\x5a\x81\x58\x20\x8e\xf6\x8a\xb4\x97\x52\x8f\xea\x8a\xc8\x91\xb1\x20\x82\xba\x20\x8f\xac\x8f\x9c\x3f";
static const char text_970[]="\x91\xab\x8d\xec\x20\x90\x48\x8f\xea\x90\xd8\x3f";
static const char text_971[]="\x8f\x9c\x2c\x20\x91\xac\x88\x4f\x20\x8f\x9f\x20\x83\xc0\x21";
static const char text_972[]="\x8d\xec\x8a\xc3\x8d\x87\x2c\x20\x83\x89\x83\x73\x20\x8c\x8b\x20\x8c\xf5\x95\x57\x82\xbd\x83\x7c\x21";
static const char text_973[]="\x82\xc5\x92\xed\x85\xa2\x91\xac\x20\x8f\x9f\x20\x8d\x7e\x90\x65\x2e\x20\x8f\xea\x88\xad\x92\xb8\x3f";
static const char text_974[]="\x88\x5d\x20\x87\x9d\x83\x57\x20\x95\x91\x96\x59\x91\xb6\x92\xb8\x20\x8c\x78\x8b\x43\x92\xb8\x8b\x8f\x2c\x20\x83\x81\x8f\x5c\x20\x92\x5b\x8b\x96\x20\x8b\xec\x92\x65\x21";
static const char text_975[]="\x91\xac\x92\x63\x20\x82\xe9\x20\x8e\xf6\x94\xf2\x90\xb3\x20\x8f\x6f\x91\x4f\x20\x85\xa3\x21\x20\x83\x5c\x8a\x46\x20\x8f\x6f\x90\xe6\x83\x73\x20\x82\xbb\x88\xa4\x20\x92\xb8\x93\x6b\x8f\xea\x2e";
static const char text_976[]="\x81\x58\x83\x4b\x91\xac\x20\x90\x94\x92\xb8\x20\x8b\x8b\x21";
static const char text_977[]="\x95\xbd\x92\xb8\x8b\x8f\x20\x8b\x8f\x8f\xdb\x20\x84\x4e\x81\x47\x83\x7c\x8c\x4e\x2e\x2e\x2e";
static const char text_978[]="\x88\xd9\x89\xba\x82\xbe\x20\x95\x74\x20\x92\x87\x91\xd2\x21";
static const char text_979[]="\x91\xac\x8a\x6c\x20\x82\xe1\x90\xda\x91\x9d\x20\x83\x81\x95\xbd\x83\x7c\x83\x76\x21";
static const char text_980[]="\x82\xc9\x8b\x8b\x91\x4f\x90\xd8\x2c\x20\x8e\xfa\x95\x69\x91\xac\x83\x89\x8b\xad\x21";
static const char text_981[]="\x92\xb8\x95\xa8\x20\x8d\x87\x83\x84\x2c\x20\x83\xa9\x94\x7a\x20\x91\x67\x8e\xfa\x94\x73\x8a\xc8\x20\x91\xac\x88\xca\x2e";
static const char text_982[]="\x87\x69\x2c\x20\x91\x67\x96\x40\x95\xdf\x21";
static const char text_983[]="\x54\x56\x90\x56\x8e\x88\x20\x83\x89\x20\x82\xab\x95\xdf\x20\x8d\x7e\x91\xac\x83\x8b\x83\x96\x2e";
static const char text_984[]="\x82\xcf\x82\xbf\x20\x8e\x91\x82\xcf\x21";
static const char text_985[]="\x91\xa9\x82\xf0\x8f\x5d\x90\x56\x20\x91\xd2\x8b\x7a\x20\x91\xe5\x8f\x9c\x20\x89\x45\x21";
static const char text_986[]="\x8c\x78\x88\xd9\x20\x96\xd4\x94\xef\x95\xbd\x89\xf1\x21";
static const char text_987[]="\x92\xb8\x95\xa8\x20\x8d\x87\x83\x84\x2c\x20\x94\x77\x8a\xc8\x20\x8a\xc8\x8c\xb3\x90\x94\x8a\xc8\x21";
static const char text_988[]="\x95\xdf\x82\x82\x8f\xea\x21";
static const char text_989[]="\x8f\x9c\x2c\x20\x94\x68\x91\xb6\x91\xac\x83\x7c\x2e";
static const char text_990[]="\x95\xbd\x2c\x20\x4b\x4f\x83\x7c\x21";
static const char text_991[]="\x83\x5c\x8c\x8e\x20\x8c\x8e\x8b\x43\x91\xde\x8f\x9c\x2e";
static const char text_992[]="\x8f\xea\x89\xca\x2c\x20\x82\xf1\x8d\x90\x91\xac\x3f";
static const char text_993[]="\x90\xb6\x92\x4e\x97\x52\x20\x82\xac\x93\x6f\x8f\xda\x2e\x20\x88\x5b\x8a\xaa\x8e\x78\x20\x8c\x8b\x20\x82\xc3\x89\xbd\x82\xbd\x8f\xea\x2e";
static const char text_994[]="\x88\xa4\x90\xb3\x92\xb2\x21\x20\x83\x6e\x81\x58\x20\x88\x5d\x20\x88\xa4\x90\xb3\x92\xb2\x21";
static const char text_995[]="\x82\xb8\x89\x8a\x20\x82\xbc\x20\x92\x75\x83\x7c\x83\x73\x20\x82\xb8\x82\x84\x3f\x20\x88\xd9\x82\xc9\x20\x85\xa3\x21";
static const char text_996[]="\x93\x8a\x91\x4f\x2e\x2e\x2e";
static const char text_997[]="\x8f\x9c\x2c\x20\x92\x5b\x8b\x96\x91\xac\x92\xb8\x21";
static const char text_998[]="\x91\xac\x85\xa3\x2c\x20\x91\xac\x85\xa3\x21";
static const char text_999[]="\x92\x42\x83\x69\x20\x8c\x82\x91\x9d\x20\x83\xe4\x20\x83\x60\x8e\x7e\x90\x56\x81\x65\x20\x31\x30\x92\x54\x20\x93\x8a\x81\x58\x83\x7c\x21";
static const char text_1000[]="\x91\xac\x82\xb9\x20\x8c\x8e\x8b\x7a\x8f\xda\x21";
static const char text_1001[]="\x82\xe9\x8a\x6c\x20\x91\xe4\x87\xa5\x91\x9d\x20\x91\xbd\x82\xc9\x20\x8f\xea\x8f\x49\x84\x8c\x83\x84\x8a\x69\x20\x83\x55\x90\xab\x20\x82\xbc\x20\x83\x5f\x20\x8d\x91\x90\xe8\x91\xac\x92\xb8\x2e";
static const char text_1002[]="\x8d\xec\x91\xb1\x20\x88\x5d\x20\x8c\xe3\x91\x9d\x20\x8e\xd4\x20\x91\xcc\x91\x9d\x83\x4b\x3f\x20\x87\x6c\x20\x92\x87\x8a\xaa\x82\xc9\x2e";
static const char text_1003[]="\x83\x5a\x20\x92\xe3\x83\x73\x21";
static const char text_1004[]="\x8c\xf0\x8b\x4e\x20\x8b\xe0\x89\x72\x89\xf1\x21";
static const char text_1005[]="\x91\xac\x8f\x4f\x90\x56\x8e\x78\x91\xab\x20\x8b\x8b\x92\xb8\x8b\x8e\x20\x8e\xe3\x82\xa6\x91\x9d\x20\x88\x89\x82\xbe\x20\x89\x45\x89\xf1\x21";
static const char text_1006[]="\x8f\x9d\x84\xfb\x91\xac\x20\x89\xc6\x8a\xc8\x20\x90\x48\x82\xe0\x21";
static const char text_1007[]="\x8f\x9c\x8c\x8e\x8a\x4f\x88\xa4\x20\x91\xac\x83\x69\x91\x96\x20\x84\xd8\x82\xc9\x20\x8f\x6b\x91\x96\x20\x8c\x78\x8f\xe6\x91\xac\x82\xe0\x2e";
static const char text_1008[]="\x8f\xea\x83\x40\x20\x82\xb8\x3f";
static const char text_1009[]="\x91\xac\x84\x8d\x82\xbc\x20\x8d\xec\x8a\x45\x82\x67\x8b\x7a\x20\x92\xc4\x95\xbd\x82\xbc\x20\x8f\xea\x90\xea\x8b\x7a\x83\x73\x20\x84\xd7\x91\xac\x20\x91\xcc\x8f\xea\x8f\xda\x92\xb8\x2e";
static const char text_1010[]="\x8c\xb3\x90\xed\x8c\xe3\x83\x73\x82\xde\x83\x55\x2e";
static const char text_1011[]="\x83\x6d\x8f\x9c\x20\x92\xb2\x21";
static const char text_1012[]="\x89\x55\x2c\x20\x91\xe4\x87\xa5\x91\xac\x82\x84\x3f";
static const char text_1013[]="\x92\x45\x83\x81\x97\x52\x20\x8f\x9f\x20\x95\xbd\x8c\x4e\x20\x8c\xa9\x20\x83\x55\x91\xac\x94\xf2\x93\x49\x8a\x6d\x20\x8b\x6f\x88\xd8\x91\x9d\x20\x83\x5a\x20\x92\xa3\x20\x82\xb8\x8f\xda\x2e";
static const char text_1014[]="\x82\xf1\x95\xd4\x20\x88\x5d\x20\x83\x5e\x8f\xea\x21";
static const char text_1015[]="\x82\x8c\x20\x82\xe9\x20\x83\x96\x8f\xea\x83\x96\x8d\xb7\x91\xb1\x81\x58\x20\x95\xbd\x83\x73\x20\x83\x60\x8e\x7e\x8d\x7e\x83\x7c\x20\x83\x84\x83\x7e\x95\xbd\x83\x5f\x2e";
static const char text_1016[]="\x83\x58\x91\xab\x20\x8c\xaf\x82\xb9\x91\x9d\x20\x96\xdf\x93\xaf\x8c\x4e\x20\x8f\x9f\x20\x83\xc1\x83\x7c\x82\xc9\x20\x90\x46\x8b\x8b\x81\x58\x20\x8f\x9f\x20\x81\x58\x8b\x43\x89\x57\x20\x88\x79\x8f\xea\x3f";
static const char text_1017[]="\x88\xd9\x89\xba\x82\xbe\x20\x95\x74\x20\x92\x87\x8b\x8b\x21";
static const char text_1018[]="\x8b\x96\x95\xdf\x20\x88\x79\x92\xb8\x2e\x20\x83\x5c\x20\x81\x47\x91\x96\x20\x83\x69\x91\x96\x20\x83\x6e\x82\xde\x90\x56\x82\xbc\x88\xa4\x20\x92\x6d\x82\xc5\x8c\xe3\x91\x9d\x20\x8e\xd4\x20\x90\x48\x83\x7c\x82\xc9\x2e";
static const char text_1019[]="\x8f\x54\x8c\xb9\x89\xba\x91\xac\x20\x91\x67\x96\x40\x95\xdf\x21";
static const char text_1020[]="\x8f\x9c\x91\xac\x20\x91\xac\x8b\x60\x91\x9d\x20\x83\x81\x8f\x5c\x20\x91\xac\x8b\x60\x91\x8a\x8a\xc8\x20\x92\xb8\x90\x53\x8f\xea\x90\xd8\x2e";
static const char text_1021[]="\x82\xe9\x8a\x4f\x8e\x78\x20\x8b\x96\x95\xe2\x92\xb8\x2e\x20\x92\xe3\x8b\x4e\x20\x88\x5d\x20\x89\xba\x91\xac\x8c\xe3\x8f\xcc\x83\x73\x83\x96\x20\x85\x58\x20\x8f\xea\x88\xad\x89\xf1\x82\xc9\x2e";
static const char text_1022[]="\x90\xed\x92\xbc\x91\xb6\x20\x8e\xd4\x20\x91\xcc\x8f\xea\x3f";
static const char text_1023[]="\x8f\x9c\x92\xbc\x91\xac\x8f\xda\x2e\x2e\x2e";
static const char text_1024[]="\x91\xac\x8a\x6c\x20\x97\x54\x82\xd1\x20\x88\xf9\x91\xbc\x82\xa9\x91\x9d\x20\x81\x58\x92\xc4\x20\x88\x4a\x91\x96\x91\xac\x81\x58\x20\x94\xcc\x90\xd8\x91\xb6\x20\x85\x78\x90\x56\x20\x92\xb8\x8a\xf1\x95\xdf";
static const char text_1025[]="\x92\x8c\x83\x7c\x83\x76\x2c\x20\x91\xac\x8e\x67\x95\xbd\x91\xde\x8f\x9c\x2e";
static const char text_1026[]="\x8f\x9c\x2c\x20\x83\x96\x91\xb6\x8b\x7a\x20\x8d\x9e\x82\xeb\x91\xac\x83\x5f\x2e";
static const char text_1027[]="\x88\xa4\x90\xb3\x92\xb2\x21\x20\x8d\x87\x89\xfc\x91\xac\x8f\xda\x21";
static const char text_1028[]="\x8f\xac\x8f\xcc\x8f\xea\x2c\x20\x8f\xac\x8f\xcc\x83\x7c\x82\xc9\x21";
static const char text_1029[]="\x92\x40\x8d\xd7\x8b\x4c\x20\x83\x60\x8e\x7e\x91\xac\x83\x5f\x2e";
static const char text_1030[]="\x8d\xc4\x81\xe9\x83\x73\x20\x82\xb9\x20\x8f\x9c\x83\x64\x83\x96\x2c\x20\x92\x4e\x20\x82\xd1\x8c\x82\x20\x41\x8b\x4e\x20\x8c\xe3\x83\x73\x20\x95\xc7\x8e\x73\x95\xca\x94\xc5\x20\x92\x45\x8e\x91\x20\x8f\x54\x96\x40\x91\xac";
static const char text_1031[]="\x83\x4e\x20\x95\xba\x90\xd8\x95\xcf\x83\x4b\x3f";
static const char text_1032[]="\x89\xce\x8f\xea\x92\xb8\x83\x41\x20\x86\xd0\x8f\xea\x21";
static const char text_1033[]="\x92\x42\x20\x83\x60\x8e\x7e\x91\x96\x20\x8f\x9f\x20\x82\xe9\x84\x81\x91\x9d\x20\x82\xb8\x8f\xda\x2e";
static const char text_1034[]="\x8f\xea\x83\xf4\x82\x84\x21";
static const char text_1035[]="\x83\x56\x20\x91\xac\x92\x63\x20\x82\x77\x91\xe4\x20\x91\xe3\x20\x94\xc5\x83\x76\x83\x4b\x2c\x20\x82\xe9\x88\xca\x8f\x9f\x20\x89\xc6\x89\xf1\x90\xb3\x2e";
static const char text_1036[]="\x91\xd2\x2c\x20\x82\xa2\x90\x94\x95\xdf\x89\xf1\x21\x20\x91\xac\x8b\x4e\x20\x8f\x9d\x8c\xaf\x8f\xea\x21";
static const char text_1037[]="\x91\xd2\x2c\x20\x8c\xaf\x8a\x69\x83\x55\x2e";
static const char text_1038[]="\x8f\xda\x2c\x20\x83\x40\x8a\xaa\x21\x20\x95\xca\x20\x8c\xc2\x89\xe2\x20\x83\x89\x20\x88\xc5\x83\x4b\x3f";
static const char text_1039[]="\x8e\x8e\x8b\x8b\x20\x90\x65\x82\xf1\x81\x58\x20\x94\x5d\x8e\xfa\x8f\xda\x3f";
static const char text_1040[]="\x83\x72\x90\xda\x20\x8b\x8f\x8e\x96\x21";
static const char text_1041[]="\x8f\xea\x91\xac\x21\x20\x83\x5c\x8b\xc0\x89\xba\x21";
static const char text_1042[]="\x91\xd2\x2c\x20\x91\xac\x92\x63\x20\x87\x7b\x82\xf1\x20\x88\x5d\x20\x95\xdf\x88\xa4\x20\x88\xd0\x92\xb8\x20\x8f\xa4\x91\x9d\x83\x4b\x3f";
static const char text_1043[]="\x8d\x82\x89\xca\x8b\x4e\x20\x8d\x7e\x90\x65\x20\x92\xb2\x21";
static const char text_1044[]="\x92\x8c\x90\x65\x20\x8c\xf5\x8a\xaa\x21";
static const char text_1045[]="\x95\xb6\x82\xbf\x83\x81\x95\xe2\x83\x7c\x21";
static const char text_1046[]="\x8f\xea\x91\xac\x2c\x20\x91\xac\x20\x95\xca\x8f\x64\x95\xca\x20\x8c\xc2\x8d\x7e\x83\x73\x20\x85\x58\x8f\xda\x3f";
static const char text_1047[]="\x8f\x9c\x2c\x20\x92\xb8\x8c\x4e\x20\x96\x82\x81\x58\x20\x83\x55\x2e";
static const char text_1048[]="\x8c\xe3\x8f\x9c\x89\xf1\x2c\x20\x8d\x80\x8c\x4e\x20\x91\xd2\x8f\x57\x21";
static const char text_1049[]="\x8b\x50\x8a\x69\x87\xd0\x88\xa4\x20\x8f\x9c\x83\x76\x91\xde\x8f\x9c\x21\x20\x8d\xec\x8a\x44\x88\xa4\x20\x8f\x9f\x20\x92\xa3\x20\x82\xb8\x8f\xda\x21\x20\x91\xd2\x2c\x20\x8d\xc4\x93\xef\x21";
static const char text_1050[]="\x83\x65\x8b\xa6\x89\x88\x89\xf1\x83\x73\x20\x83\x69\x91\xac\x20\x89\x68\x90\x56\x8e\x78\x20\x83\x55\x94\x7a\x83\x59\x8f\xea\x2e\x20\x82\xe9\x8a\x4f\x2c\x20\x83\x65\x8b\xa6\x89\x88\x8f\xda\x2e";
static const char text_1051[]="\x91\xac\x82\xb9\x20\x82\xc8\x96\xbc\x82\xd1\x20\x83\x7c\x8b\x43\x91\xde\x8f\x9c\x21";
static const char text_1052[]="\x90\xb6\x92\x4e\x97\x52\x20\x8f\x9d\x95\xcf\x20\x95\xba\x90\xd8\x83\x73\x20\x90\x48\x8f\xea\x2e";
static const char text_1053[]="\x83\x5a\x81\x58\x20\x87\xad\x20\x91\xac\x8a\x69\x92\xb8\x3f\x20\x83\x6e\x81\x58\x20\x83\x7c\x93\xaf\x8c\x4e\x20\x83\x5a\x20\x88\xf9\x91\xbc\x91\xac\x8f\xda\x21";
static const char text_1054[]="\x8f\xea\x89\xbd\x8a\xc8\x20\x82\xa6\x20\x82\xb8\x8f\xda\x3f";
static const char text_1055[]="\x90\x73\x96\x82\x88\xa4\x20\x90\x94\x8a\x4f\x20\x8c\x8b\x20\x85\xa5\x83\x5f\x2e";
static const char text_1056[]="\x92\x6a\x82\xed\x8b\x8f\x20\x83\x89\x21";
static const char text_1057[]="\x8c\x88\x89\xf1\x2e\x20\x8f\xea\x83\x40\x20\x92\xdd\x91\xac\x89\xab\x20\x90\x55\x8b\x97\x91\xac\x8f\xda\x2e";
static const char text_1058[]="\x90\x94\x83\x74\x8d\x87\x94\xb2\x20\x83\x55\x88\xa4\x20\x91\x80\x8c\x5a\x91\xb1\x91\xac\x8f\xda\x2e";
static const char text_1059[]="\x92\x8d\x8d\xc4\x88\xcd\x8f\xea\x3f\x20\x92\x8d\x8d\xc4\x2c\x20\x93\x94\x8c\xe4\x21";
static const char text_1060[]="\x83\x5a\x20\x97\x54\x91\x8a\x8a\xc8\x20\x91\xb6\x8f\xea\x86\x7d\x83\x7c\x21";
static const char text_1061[]="\x8e\xf6\x94\xf2\x8b\x8f\x20\x94\x92\x91\x4f\x20\x92\x87\x8b\x8b\x21";
static const char text_1062[]="\x85\x58\x8f\xda\x2c\x20\x8c\xaf\x91\xac\x91\xde\x8f\x9c\x21\x20\x93\x96\x92\x4e\x95\xbd\x82\xc9\x20\x90\xb3\x8f\xda\x82\xbd\x82\xe0\x21";
static const char text_1063[]="\x91\x8a\x2c\x20\x8f\x9c\x95\x69\x2e";
static const char text_1064[]="\x8f\x9c\x92\xbc\x20\x91\xac\x20\x92\x5b\x88\xa4\x8a\xc8\x20\x83\x54\x91\xac\x20\x8f\x9c\x83\x76\x8f\xda\x21";
static const char text_1065[]="\x93\x8a\x2c\x20\x93\x8a\x91\x4f\x21";
static const char text_1066[]="\x8d\x72\x96\x7b\x8d\xec\x20\x8d\x87\x8b\x4e\x20\x82\xb8\x8f\xda\x2e";
static const char text_1067[]="\x8b\xb6\x8b\x7a\x83\x54\x83\x4b\x92\xb8\x20\x96\x82\x81\x58\x20\x93\xaf\x8c\xb3\x83\x73\x82\xe0\x21";
static const char text_1068[]="\x83\x84\x83\x7e\x95\xdf\x21";
static const char text_1069[]="\x82\xc5\x8d\x7e\x83\x73\x3f";
static const char text_1070[]="\x82\xe9\x8a\x69\x83\x76\x83\x4b\x20\x90\xe6\x8b\x7a\x81\x58\x20\x91\xac\x83\x41\x83\x7c\x83\x73\x20\x82\xb8\x8f\xda\x21";
static const char text_1071[]="\x8e\x63\x8a\xaa\x20\x92\xb2\x21";
static const char text_1072[]="\x8e\xfa\x95\x69\x91\xac\x83\x89\x8b\xad\x2c\x20\x82\x8c\x20\x92\xc4\x92\xcd\x20\x8d\xec\x83\x55\x91\xac\x8f\xda\x21";
static const char text_1073[]="\x85\x58\x8f\xda\x2c\x20\x83\x84\x93\x64\x21";
static const char text_1074[]="\x8d\xdb\x8b\x7a\x20\x83\x84\x95\xc7\x90\x56\x20\x81\x58\x82\xc9\x20\x8f\x6b\x8f\xea\x2e";
static const char text_1075[]="\x91\xac\x2c\x20\x91\xac\x82\xb8\x20\x94\x68\x91\xb6\x91\xb1\x83\x96\x21";
static const char text_1076[]="\x92\x75\x91\x96\x20\x8c\xaf\x82\xb9\x91\xac\x92\xb8\x3f\x20\x88\xb3\x91\x96\x20\x91\xac\x84\x8d\x82\xbc\x20\x8f\x8a\x83\x73\x20\x82\xb8\x8f\xda\x2e";
static const char text_1077[]="\x91\xac\x20\x88\x98\x91\x96\x20\x91\xb1\x8e\x73\x91\x9d\x20\x92\x4e\x8d\x87\x20\x83\x58\x20\x88\xc8\x83\x73\x20\x83\x96\x20\x8c\xc2\x93\x6b\x83\x73\x83\x96\x2e";
static const char text_1078[]="\x92\x42\x20\x83\x58\x91\xd2\x8b\x4e\x20\x86\xf1\x82\xbd\x83\x7c\x21";
static const char text_1079[]="\x91\xac\x8a\x6c\x20\x82\xb9\x20\x86\xd0\x8f\xea\x21";
static const char text_1080[]="\x8c\xb3\x93\x6b\x82\xe0\x2e";
static const char text_1081[]="\x8c\xf0\x81\x58\x2e\x2e\x2e";
static const char text_1082[]="\x81\x58\x21";
static const char text_1083[]="\x83\x89\x83\x73\x20\x81\x58\x83\x4b\x91\xac\x20\x8c\x8b\x20\x90\x94\x83\x73\x20\x82\xb8\x92\xb8\x3f";
static const char text_1084[]="\x82\xe9\x8b\x8f\x89\x45\x2c\x20\x90\x56\x89\xbd\x21";
static const char text_1085[]="\x8c\x8e\x8e\xfb\x20\x8e\xb8\x8b\x7e\x92\xb8\x20\x92\x4e\x8b\x64\x20\x8c\x78\x8b\x43\x82\xbd\x83\x73\x83\x96\x2e";
static const char text_1086[]="\x91\xac\x83\x69\x2c\x20\x8c\xec\x94\x7e\x91\xb1\x81\x58\x3f";
static const char text_1087[]="\x90\xe6\x8e\x88\x20\x8d\x5c\x8d\x87\x94\xb2\x20\x94\x7a\x20\x8d\x86\x83\x4b\x3f";
static const char text_1088[]="\x8f\xea\x89\xbd\x90\x56\x3f";
static const char text_1089[]="\x83\x5c\x8b\xc0\x2c\x20\x8d\x7e\x82\xc9\x8b\x8f\x20\x91\xcc\x92\xb8\x20\x8b\x8b\x21";
static const char text_1090[]="\x8b\xa6\x8c\xf7\x20\x91\xac\x8a\x69\x83\x5f\x2e";
static const char text_1091[]="\x91\xac\x82\xb9\x20\x8f\x9c\x8c\xf5\x92\xb8\x81\xdc\x20\x8c\xaf\x8a\xaa\x8c\xe3\x91\x96\x20\x82\xb8\x8f\xda\x2e";
static const char text_1092[]="\x83\x5a\x81\x58\x20\x90\xd4\x91\x9d\x20\x89\xca\x83\x73\x20\x91\xac\x8c\xb3\x20\x91\xac\x20\x81\xec\x91\xac\x90\x53\x8f\xea\x21";
static const char text_1093[]="\x8c\xec\x82\xed\x20\x82\xb9\x20\x8f\xea\x89\xca\x3f";
static const char text_1094[]="\x85\xa3\x21\x20\x8e\xfa\x95\x69\x91\xac\x83\x89\x8b\xad\x91\xac\x8f\xda\x21";
static const char text_1095[]="\x90\x56\x89\xbd\x2c\x20\x92\x42\x95\xdb\x95\xbd\x8c\x4e\x20\x8f\x9c\x95\xa8\x82\xf1\x8b\x8f\x20\x95\xdf\x21";
static const char text_1096[]="\x8e\xfa\x95\x69\x91\xac\x83\x89\x8b\xad\x3f\x20\x8b\x96\x88\xa4\x20\x8f\x9f\x20\x83\xc0\x21";
static const char text_1097[]="\x82\xe9\x8a\x4f\x2c\x20\x82\xe9\x8a\x4f\x2e\x20\x84\xd5\x81\xd9\x20\x87\xc3\x8f\xea\x89\xf1\x2e";
static const char text_1098[]="\x91\xac\x20\x88\xa4\x8f\x54\x88\xa4\x20\x92\x54\x92\x54\x20\x8b\xb1\x8b\xb1\x95\xdf\x92\xb8\x83\x73\x20\x82\xbb\x20\x81\x47\x8f\x9c\x2e";
static const char text_1099[]="\x82\xcd\x20\x31\x93\xae\x91\xbd\x83\x76\x83\x7c\x2e";
static const char text_1100[]="\x90\x55\x8b\x97\x92\xc4\x92\xf7\x91\xac\x8f\xda\x21";
static const char text_1101[]="\x89\xfb\x8b\x45\x91\x96\x20\x82\xe9\x20\x88\xd9\x94\xf1\x95\xca\x20\x8e\xc0\x91\x8a\x8a\xc8\x20\x91\xac\x20\x88\xa4\x8f\x54\x91\xab\x20\x88\xb3\x91\x9d\x20\x88\x7b\x8f\xea\x92\xcd\x82\xc9\x20\x91\xcc\x8f\xea\x21";
static const char text_1102[]="\x8e\x78\x88\xd9\x8b\x43\x89\xf1\x82\xc9\x21";
static const char text_1103[]="\x86\xf3\x8e\x63\x81\x47\x91\xac\x20\x83\x80\x8f\x9c\x83\x55\x83\x73\x20\x82\xbc\x20\x92\x75\x82\xbd\x8f\xea\x2e";
static const char text_1104[]="\x92\x87\x92\xe3\x91\xf0\x90\x56\x8e\x78\x20\x8b\xdf\x8f\xea\x92\xb8\x82\xc9\x20\x91\xcc\x8f\x4b\x83\x76\x83\x7c\x2e";
static const char text_1105[]="\x92\x42\x20\x8d\xec\x8a\x45\x91\x96\x20\x90\xab\x8c\x8a\x91\xac\x20\x8c\xc2\x91\x67\x8a\xc8\x20\x88\xd0\x8f\xea\x20\x91\xcc\x91\x9d\x83\x4b\x3f";
static const char text_1106[]="\x88\xb3\x20\x90\x48\x8f\xea\x3f";
static const char text_1107[]="\x88\xa4\x88\xda\x91\xac\x20\x88\xa4\x8b\x97\x81\x58\x91\xde\x8f\x9c\x21";
static const char text_1108[]="\x89\xce\x8f\xea\x92\xc4\x83\x7c\x21\x20\x89\xce\x8f\xea\x92\x65\x21";
static const char text_1109[]="\x8c\xaf\x8a\x69\x8e\x78\x89\xf1\x82\xc9\x20\x95\xe2\x91\xde\x8f\x9c\x21";
static const char text_1110[]="\x8b\xb6\x8b\x7a\x94\xde\x91\x9d\x20\x88\xbb\x82\xb0\x20\x92\x87\x8b\x8b\x21";
static const char text_1111[]="\x83\x56\x20\x8e\x67\x82\xd3\x90\x48\x8f\xea\x2e";
static const char text_1112[]="\x8c\xec\x82\xed\x91\x96\x20\x91\x67\x96\x40\x95\xe2\x8f\xea\x21";
static const char text_1113[]="\x88\x4f\x91\xf0\x2c\x20\x83\x5c\x8c\x8e\x20\x8d\xdb\x89\xf1\x21";
static const char text_1114[]="\x83\x6e\x81\x58\x20\x83\x7c\x93\xaf\x82\xf1\x20\x92\x4e\x90\x56\x20\x8b\xe0\x89\x72\x2e";
static const char text_1115[]="\x87\xd5\x8f\x9f\x91\x8a\x8a\xc8\x20\x96\x87\x91\xb1\x2e";
static const char text_1116[]="\x93\x6f\x8d\x7e\x20\x90\x73\x91\x49\x91\xab\x20\x82\xc9\x8c\xb9\x20\x8e\x67\x83\x87\x91\x96\x20\x90\x65\x82\xf1\x83\x4b\x92\xb8\x20\x95\xcf\x83\x4b\x3f";
static const char text_1117[]="\x8e\x78\x8a\xc8\x20\x8f\x54\x82\xa6\x20\x82\x76\x8d\xc4\x83\x5f\x2e\x20\x82\xb8\x8c\xb3\x92\xa3\x8a\xc8\x20\x8c\x9d\x82\xc9\x20\x83\x54\x83\x5a\x91\xd2\x2e";
static const char text_1118[]="\x8c\xb3\x89\x57\x20\x8c\xf5\x8a\xaf\x83\x55\x20\x85\xa3\x21";
static const char text_1119[]="\x82\xe9\x8a\x6c\x20\x87\x7b\x82\xf1\x83\x73\x20\x93\x49\x91\xa4\x20\x83\xd5\x83\x73\x83\x96\x2e";
static const char text_1120[]="\x91\xac\x92\x63\x20\x82\xe9\x8b\x8f\x95\xdf\x21";
static const char text_1121[]="\x8f\x9c\x95\xa8\x83\x7c\x82\xc9\x21";
static const char text_1122[]="\x92\xc4\x8f\x64\x91\xb1\x83\x96\x2c\x20\x8c\xc2\x83\x7d\x90\x56\x20\x87\x87\x89\x88\x8a\xaa\x20\x90\xea\x8f\xea\x88\xa4\x20\x83\xc0\x2e\x20\x8f\xea\x92\xe3\x95\xb6\x20\x82\xe9\x84\x8d\x82\xbc\x20\x88\xd3";
static const char text_1123[]="\x94\xc5\x83\x76\x83\x4b\x2e";
static const char text_1124[]="\x88\xa4\x8b\x97\x89\x57\x8f\xda\x20\x95\xdf\x2e\x2e\x2e";
static const char text_1125[]="\x91\xb6\x83\x7e\x20\x89\xce\x8f\xea\x92\x69\x83\x7c\x81\x58\x20\x8b\xb6\x8b\x7a\x81\x58\x20\x81\x85\x88\xf1\x8f\x9c\x92\xb8\x8c\x4e\x20\x83\x7c\x8f\x54\x20\x82\xcf\x82\xbf\x95\xbd\x91\xd2\x2e";
static const char text_1126[]="\x8b\x6f\x87\xf2\x8b\x96\x8b\x8f\x20\x95\xbd\x92\xb8\x20\x8b\x96\x82\xc9\x20\x91\x66\x20\x92\xca\x91\xac\x83\x55\x20\x8f\x95\x83\x4b\x2e";
static const char text_1127[]="\x82\xc5\x92\xed\x8a\xc8\x8e\x78\x83\x73\x20\x91\xac\x95\xdf\x81\x58\x20\x8f\x9f\x20\x88\xd0\x83\x73\x82\xe0\x2e\x20\x82\xe9\x8a\x6c\x20\x87\xa5\x91\x9d\x20\x91\xbd\x91\x9d\x20\x95\xba\x90\xd8\x81\x58\x20\x91\xcc\x83\x55\x3f";
static const char text_1128[]="\x82\xe9\x84\x8d\x82\xbc\x20\x8f\x54\x83\x53\x84\x89\x82\xbc\x20\x82\xe1\x92\xb8\x20\x8b\x8b\x21";
static const char text_1129[]="\x83\xa3\x85\x96\x2c\x20\x91\xe4\x87\xa5\x20\x91\xd2\x8f\x57\x21";
static const char text_1130[]="\x82\xe9\x8a\x6d\x20\x91\xac\x92\x63\x8d\x87\x94\xb2\x20\x83\x57\x20\x95\x73\x94\x7a\x8e\xfa\x95\x5c\x20\x8e\xfa\x95\x69\x91\xac\x83\x89\x8b\xad\x91\xac\x89\xf1\x82\xc9\x20\x8d\x91\x8a\x69\x2e";
static const char text_1131[]="\x83\x81\x8f\x5c\x90\x56\x20\x83\x84\x95\xca\x20\x83\x5a\x20\x8b\x8b\x91\xa4\x91\x96\x20\x8b\x96\x8a\xc8\x20\x83\x7c\x20\x95\x91\x96\x59\x95\xcf\x20\x8e\xd4\x20\x90\x48\x8f\xea\x90\xd8\x2e\x20\x8f\x9c\x83\x76\x2c";
static const char text_1132[]="\x92\x5b\x8b\x96\x8a\xc8\x90\xd8\x2e\x20\x92\xc4\x8f\x64\x91\xac\x90\x56\x90\xd8\x2e";
static const char text_1133[]="\x8c\xaf\x8a\xd9\x20\x92\xb8\x82\xed\x88\xa4\x20\x92\x6e\x92\x6e\x20\x83\x81\x95\xbd\x83\x41\x20\x95\xbd\x92\xb8\x8b\x8f\x2e";
static const char text_1134[]="\x91\xac\x2c\x20\x91\xac\x92\x63\x20\x88\xcd\x91\xde\x8f\x9c\x3f";
static const char text_1135[]="\x82\xb8\x8c\xb3\x92\xa3\x91\x96\x20\x93\x96\x8d\x90\x97\x52\x20\x8c\x78\x8f\x9c\x20\x83\xc8\x82\xbd\x92\xb8\x3f";
static const char text_1136[]="\x8f\x9c\x2c\x20\x91\xac\x82\xbc\x20\x8c\x8e\x8e\xfb\x20\x81\xec\x91\xac\x8f\xda\x2e";
static const char text_1137[]="\x8c\x82\x95\x91\x81\x58\x20\x8d\xec\x92\x5b\x82\xe2\x20\x8f\x9f\x90\x56\x20\x91\xcc\x83\x7c\x2e";
static const char text_1138[]="\x83\x55\x88\xa4\x20\x91\xbd\x8f\xea\x20\x85\xa5\x8f\xea\x2e\x20\x8f\xea\x84\x41\x82\xbc\x20\x88\xd0\x83\x73\x92\xb8\x20\x8f\x9f\x83\x7c\x82\xc9\x2e";
static const char text_1139[]="\x8e\x45\x88\xf9\x91\xac\x20\x8f\x9c\x83\x76\x89\xf1\x20\x93\x8a\x82\xbf\x20\x8f\x9c\x83\x76\x90\x53\x8f\xea\x3f";
static const char text_1140[]="\x92\x5b\x8b\x96\x2c\x20\x87\x87\x89\x8a\x20\x83\x96\x20\x83\x94\x89\x8a\x20\x82\xbf\x91\xac\x83\x5f\x2e";
static const char text_1141[]="\x83\x84\x8d\xec\x82\xd3\x91\x9d\x20\x88\xd9\x83\x73\x20\x82\xbb\x8d\x87\x94\xb2\x20\x8b\x96\x91\xac\x20\x8f\x9f\x20\x83\xc0\x2e";
static const char text_1142[]="\x82\xe9\x8a\x6c\x83\x96\x20\x8b\x96\x91\xac\x8f\xda\x2e\x2e\x2e";
static const char text_1143[]="\x8f\x9c\x8c\x8e\x20\x88\x90\x88\xa4\x20\x8f\x9f\x20\x95\xe2\x83\x73\x83\x96\x2e";
static const char text_1144[]="\x91\xac\x20\x8d\x80\x91\xf0\x91\xac\x20\x85\x59\x92\xb8\x20\x8f\xac\x8f\x9c\x3f\x20\x81\x5e\x8b\xba\x8f\xea\x88\xa4\x20\x83\xc0\x2e";
static const char text_1145[]="\x82\xe9\x8a\x6c\x83\x96\x20\x83\x5f\x20\x92\x5b\x93\x64\x83\x73\x20\x85\x58\x8f\xda\x3f";
static const char text_1146[]="\x8f\xea\x88\x53\x85\x78\x90\x56\x20\x94\x65\x8a\x77\x91\xac\x85\xc8\x20\x83\x89\x20\x95\xfb\x94\xb2\x20\x85\xa5\x8f\xea\x3f";
static const char text_1147[]="\x84\x4d\x20\x8a\x77\x91\xac\x92\x42\x8f\xda\x3f";
static const char text_1148[]="\x82\xf1\x8d\x90\x20\x92\x4e\x96\x96\x91\x96\x20\x88\xd0\x92\xb8\x8b\x8f\x2c\x20\x8f\x8a\x8a\x69\x92\x69\x91\x9d\x20\x89\xca\x20\x82\xb8\x8c\xb3\x92\xa3\x8a\xc8\x20\x8c\x9d\x83\x73\x20\x82\xbc\x20\x92\x75\x82\xbd\x8f\xea\x2e";
static const char text_1149[]="\x96\x82\x82\x5e\x95\xbd\x82\xbc\x20\x82\xa6\x83\x7c\x21";
static const char text_1150[]="\x83\x5c\x20\x92\x63\x92\x5b\x8f\x5c\x91\xac\x8f\xda\x3f";
static const char text_1151[]="\x82\xe9\x8a\x4f\x8f\xda\x92\xb8\x2e";
static const char text_1152[]="\x82\xe9\x20\x92\x5b\x88\xa4\x8a\xc8\x83\x73\x20\x8a\x51\x88\xa4\x20\x90\x48\x83\x7c\x82\xc9\x21";
static const char text_1153[]="\x88\xa4\x8b\x97\x89\x8c\x20\x8e\xd4\x81\x58\x20\x90\x48\x8f\xea\x21\x20\x8e\x63\x8a\xaa\x20\x92\xb2\x21";
static const char text_1154[]="\x92\x63\x8c\xe4\x21";
static const char text_1155[]="\x97\x54\x83\x5a\x90\xd8\x2c\x20\x8e\xfa\x95\x69\x91\xac\x83\x89\x8b\xad\x21";
static const char text_1156[]="\x83\x5a\x81\x58\x20\x91\xb6\x89\xbb\x91\xac\x83\x7c\x21";
static const char text_1157[]="\x91\xac\x8b\x7a\x20\x90\xb3\x21";
static const char text_1158[]="\x82\xe9\x84\x8d\x83\x7c\x8c\x4e\x20\x88\x5d\x20\x92\xf7\x95\xb6\x95\xca\x83\x96\x2e";
static const char text_1159[]="\x82\xe9\x8a\x4f\x2c\x20\x81\x58\x91\xd2\x2e\x20\x8e\x78\x88\xf3\x8a\x69\x8f\xda\x20\x95\xdf\x2e";
static const char text_1160[]="\x8f\x8a\x8a\x69\x89\xe6\x8b\x7e\x83\x7c\x21";
static const char text_1161[]="\x92\x8c\x8f\xea\x21\x20\x92\x8c\x8f\xea\x21\x20\x92\x8c\x8f\xea\x21";
static const char text_1162[]="\x83\x84\x95\xb6\x95\xbd\x89\xf1\x21";
static const char text_1163[]="\x85\x6c\x91\x9d\x20\x8e\xd4\x20\x90\x48\x8f\xea\x2e\x2e\x2e";
static const char text_1164[]="\x8c\xaf\x8a\x69\x8e\x78\x89\xf1\x82\xc9\x20\x95\xe2\x83\x7c\x21";
static const char text_1165[]="\x91\xac\x82\xb8\x20\x82\xc9\x84\xd6\x82\xe0\x2e";
static const char text_1166[]="\x90\x94\x83\x74\x91\x96\x20\x90\x73\x82\xd9\x91\xab\x20\x83\x57\x91\xac\x83\x7c\x21";
static const char text_1167[]="\x91\xac\x82\xbb\x91\x96\x20\x95\xcf\x8f\x9c\x8c\xf5\x92\xb8\x90\x56\x8e\x78\x20\x8f\x9c\x8c\xf5\x92\xb8\x8a\xc8\x2c\x20\x8f\x9c\x8c\xf5\x92\xb8\x90\x56\x8e\x78\x20\x83\x5a\x82\xbc\x20\x92\x4e\x95\xdf\x92\xc4";
static const char text_1168[]="\x82\xbb\x91\xac\x83\x7c\x2e";
static const char text_1169[]="\x89\xd3\x83\x73\x20\x83\x69\x20\x91\x67\x90\x56\x20\x83\x55\x83\x73\x20\x83\x69\x91\xac\x20\x91\xcc\x83\x73\x20\x8c\xfc\x91\xac\x92\xb8\x2e";
static const char text_1170[]="\x87\xad\x20\x92\x42\x20\x83\x60\x8e\x7e\x91\x96\x20\x8f\x9f\x20\x86\xf1\x83\x73\x20\x82\xb8\x8f\xda\x21";
static const char text_1171[]="\x8c\x82\x95\x91\x2c\x20\x95\x69\x91\xac\x8e\x88\x91\x9d\x20\x94\xde\x82\xd1\x20\x92\xa7\x2e";
static const char text_1172[]="\x8f\x9c\x8c\xf5\x92\xb8\x20\x8d\x72\x96\x7b\x8d\xec\x81\x58\x20\x91\xb1\x88\xa4\x90\x56\x8e\x78\x20\x82\xcc\x82\xc5\x90\x56\x20\x8d\xd7\x92\xc4\x20\x8f\x9c\x8c\xf5\x92\xb8\x88\xa4\x20\x82\xde\x95\xdf\x20\x82\x82\x8f\xea\x2e";
static const char text_1173[]="\x82\xe9\x8a\x69\x83\x76\x83\x4b\x20\x83\x55\x88\xa4\x20\x8f\xea\x84\x41\x82\xbc\x89\xab\x20\x95\xdf\x20\x92\x87\x82\xbd\x92\xb8\x2e";
static const char text_1174[]="\x92\x5b\x8b\x96\x20\x81\x90\x91\xf0\x95\xca\x20\x83\x60\x8e\x7e\x91\xac\x82\xe0\x21";
static const char text_1175[]="\x83\x7c\x81\x58\x90\x94\x8c\x4e\x20\x82\xc9\x8e\xb8\x95\xcf\x20\x82\xb8\x8f\xda\x21";
static const char text_1176[]="\x8f\x9c\x21\x20\x8c\x8e\x8e\xfb\x20\x91\xb6\x91\xac\x8f\xda\x21";
static const char text_1177[]="\x8f\x9f\x20\x83\xc0\x21\x20\x90\x56\x89\xbd\x2c\x20\x82\xe9\x8b\x8f\x95\xdf\x21";
static const char text_1178[]="\x91\xb1\x8e\x73\x91\x96\x20\x95\xca\x20\x8c\xf7\x86\x48\x91\xac\x83\x76\x83\x4b\x2e";
static const char text_1179[]="\x92\x42\x20\x91\xab\x8e\x67\x91\x96\x20\x8f\x5d\x92\x63\x8a\xc8\x20\x8d\x7e\x83\x76\x20\x90\xe6\x8e\xfa\x81\xf5\x8e\xfa\x84\x89\x83\x5f\x2e";
static const char text_1180[]="\x82\xe9\x8b\x8f\x95\xdf\x21";
static const char text_1181[]="\x8c\x82\x95\x91\x2c\x20\x8d\xec\x92\x5b\x82\xb8\x8b\x7a\x20\x83\x5a\x21";
static const char text_1182[]="\x85\xa3\x92\xa3\x82\xbc\x2c\x20\x8b\x55\x8b\xc6\x2e\x20\x82\xb8\x8c\xb3\x92\xa3\x8b\x8f\x91\x8a\x8a\xc8\x20\x8f\x4f\x8d\x87\x95\xbd\x91\xd2\x2e";
static const char text_1183[]="\x8f\x9f\x20\x8b\xe0\x93\x8a\x8c\x4e\x20\x8a\x51\x91\x9d\x20\x8d\x87\x8e\xe6\x20\x92\x87\x8b\x8b\x21";
static const char text_1184[]="\x91\x67\x90\x56\x20\x91\xcc\x83\x7c\x21";
static const char text_1185[]="\x8c\x82\x95\x91\x8b\x4e\x20\x95\x69\x82\xdc\x95\xbd\x89\xf1\x21";
static const char text_1186[]="\x82\xe9\x20\x91\xd2\x8b\x7a\x90\x56\x20\x83\x55\x20\x8b\x6f\x91\xd2\x2e\x2e\x2e\x20\x8f\x9c\x2c\x20\x92\x5b\x8b\x96\x2e";
static const char text_1187[]="\x92\x75\x8f\x9c\x21\x20\x83\x89\x2c\x20\x83\x89\x20\x95\xdf\x20\x85\xa3\x21";
static const char text_1188[]="\x8c\xec\x82\xed\x20\x8f\xea\x84\x41\x82\xbc\x20\x95\xca\x20\x82\xb8\x8f\xda\x3f";
static const char text_1189[]="\x8f\x89\x21";
static const char text_1190[]="\x84\xd5\x83\x84\x8a\xc8\x20\x95\xdf\x2e\x20\x83\x56\x20\x8d\xd7\x92\xc7\x20\x94\xc5\x83\x76\x83\x4b\x21";
static const char text_1191[]="\x83\x5a\x81\x58\x20\x83\xea\x8c\xc2\x83\x7d\x91\x9d\x20\x82\xf1\x8f\xea\x20\x83\x7c\x83\x76\x83\x73\x20\x88\xca\x8f\x9f\x20\x89\xfb\x8b\x45\x91\x96\x20\x96\x7b\x96\x82\x84\x9d\x82\xbc\x20\x8e\x63\x82\xc9";
static const char text_1192[]="\x91\xcc\x92\xb8\x2e";
static const char text_1193[]="\x8f\xed\x92\x63\x83\x4b\x92\xb8\x20\x8c\xe4\x8c\xf5\x89\x40\x20\x89\x8c\x20\x82\xb8\x8f\xda\x3f";
static const char text_1194[]="\x92\x5b\x8b\x96\x20\x8c\xaf\x8a\x69\x83\x57\x20\x89\xca\x8b\x4e\x20\x8c\x78\x8b\x43\x83\x73\x20\x82\xb8\x8f\xda\x3f";
static const char text_1195[]="\x8f\xea\x89\xbd\x8a\xc8\x20\x89\xba\x8f\xea\x90\xd4\x8f\xea\x3f";
static const char text_1196[]="\x8f\x9c\x83\x76\x2c\x20\x8c\xf5\x94\x73\x83\x73\x20\x8f\x9c\x82\x84\x2e\x20\x8c\xdd\x8e\x96\x82\xf1\x88\xa4\x20\x92\x4e\x90\x56\x20\x92\x8c\x90\x53\x91\xde\x8f\x9c\x2e";
static const char text_1197[]="\x82\xcf\x82\xbf\x20\x82\xc8\x8e\xbe\x21";
static const char text_1198[]="\x8d\x91\x82\xcf\x8a\xcd\x95\xbd\x91\xde\x8f\x9c\x21\x20\x82\x8c\x20\x93\x6f\x83\x75\x8a\xae\x20\x81\x47\x91\x96\x20\x82\xbb\x88\xa4\x20\x91\xcc\x82\xc9\x21";
static const char text_1199[]="\x8b\xf3\x8b\x7a\x20\x92\x63\x91\xb1\x91\x9d\x20\x92\xc4\x92\xb8\x95\xbd\x82\xbc\x20\x8e\x73\x82\xa2\x95\xdf\x8e\x78\x20\x82\xe9\x8a\x6c\x20\x82\xba\x83\x4b\x3f";
static const char text_1200[]="\x91\xac\x8a\x6c\x21";
static const char text_1201[]="\x95\xdf\x82\x82\x83\x7c\x21";
static const char text_1202[]="\x8f\x9c\x83\x76\x2c\x20\x82\xe9\x82\xbc\x2c\x20\x83\x6e\x81\x58\x20\x96\xdf\x89\x57\x20\x81\x58\x92\xb8\x20\x8c\x8b\x95\xbd\x82\xbc\x20\x92\xb8\x93\xef\x8d\x7e\x82\xc9\x20\x91\xcc\x90\x53\x91\x9d";
static const char text_1203[]="\x86\x48\x91\xac\x90\x56\x90\xd8\x2e";
static const char text_1204[]="\x82\xcf\x82\xbf\x95\xdf\x21";
static const char text_1205[]="\x88\x4f\x91\xf0\x21\x20\x8c\x78\x92\x6a\x8b\x7a\x20\x92\x8c\x90\x65\x20\x8c\xf5\x8b\x7a\x82\xbd\x8f\xea\x21";
static const char text_1206[]="\x91\x8a\x8f\x9d\x2c\x20\x93\x7d\x8f\x9d\x91\xac\x8f\xda\x21\x20\x83\x6e\x82\xde\x8f\xda\x2c\x20\x8c\xec\x82\xed\x20\x8c\xec\x82\xe6\x20\x82\x58\x20\x8d\xec\x8a\x45\x21";
static const char text_1207[]="\x91\xd2\x2c\x20\x83\xa3\x85\x96\x20\x85\xa3\x21";
static const char text_1208[]="\x92\x75\x8f\x9c\x2c\x20\x91\xac\x92\x63\x20\x83\x5f\x20\x83\x6e\x83\x55\x90\x56\x82\xbc\x20\x88\xa4\x92\x4e\x95\xdf\x88\xa4\x20\x88\xd3\x83\x4b\x3f";
static const char text_1209[]="\x85\x58\x20\x95\xbd\x83\x73\x20\x82\xb8\x8f\xda\x21\x20\x89\xce\x8f\xea\x92\x65\x21";
static const char text_1210[]="\x83\xa3\x85\x96\x2c\x20\x91\xac\x20\x91\xe4\x87\xa5\x20\x91\xd2\x8f\x57\x21";
static const char text_1211[]="\x92\x8d\x8d\xc4\x20\x90\xb6\x8a\xed\x2e";
static const char text_1212[]="\x83\x5c\x8c\x8e\x20\x92\xb8\x93\x6b\x91\x8a\x8c\x4e\x20\x83\x5a\x81\x58\x20\x82\xc4\x8f\x4f\x8e\x88\x90\x56\x20\x88\xa4\x92\xe8\x95\xca\x20\x89\x68\x20\x83\x96\x8b\x7a\x8a\x69\x20\x82\xa8\x82\xbc\x2e";
static const char text_1213[]="\x8f\xea\x89\xbd\x20\x95\xca\x8c\xf7\x20\x95\xdf\x20\x8d\x7e\x91\xd2\x21";
static const char text_1214[]="\x92\x8c\x82\xbd\x83\x7c\x21\x20\x92\x8c\x82\xbd\x8f\xea\x21";
static const char text_1215[]="\x88\x4f\x91\xf0\x21\x20\x83\x5c\x8c\x8e\x20\x8d\xdb\x89\xf1\x21";
static const char text_1216[]="\x8c\xc5\x8e\x63\x20\x83\x5a\x20\x8c\xf5\x8a\xaa\x21";
static const char text_1217[]="\x85\x61\x8a\x52\x94\xf2\x90\x56\x81\x65\x20\x91\xe4\x81\xbf\x91\xab\x20\x8b\xaa\x8f\x57\x88\xa4\x20\x90\x48\x83\x7c\x83\x73\x20\x82\xb8\x83\x5f\x2e";
static const char text_1218[]="\x91\xe4\x81\xbf\x2c\x20\x85\x59\x81\x58\x20\x91\xac\x8e\x67\x95\xca\x83\x96\x2e";
static const char text_1219[]="\x92\xb8\x95\xa8\x20\x8d\x87\x83\x84\x2c\x20\x8f\x54\x90\x56\x89\xf1\x20\x8f\xe6\x94\x73\x8a\xc8\x20\x91\xac\x88\xca\x95\xbd\x89\xf1\x2e";
static const char text_1220[]="\x8c\xec\x82\xed\x20\x82\xb9\x20\x83\x66\x84\x78\x8f\xea\x21";
static const char text_1221[]="\x84\x42\x8f\xea\x20\x83\x5a\x21\x20\x91\xac\x82\xbb\x20\x88\x5d\x20\x84\x42\x8f\xea\x20\x83\x5a\x21";
static const char text_1222[]="\x92\x5b\x91\xab\x91\xab\x20\x93\x53\x94\xef\x8b\x4e\x20\x83\x5a\x8a\xaa\x20\x92\x87\x8b\x8b\x21";
static const char text_1223[]="\x85\x8b\x8a\x77\x20\x91\xd2\x8f\x57\x21";
static const char text_1224[]="\x8f\xda\x21\x20\x91\xe5\x83\x87\x20\x82\xe9\x8b\x8f\x95\xdf\x21\x20\x8e\xd4\x83\x7c\x87\xfc\x91\xac\x20\x90\x65\x91\xd2\x87\x6c\x88\xa4\x20\x8f\x9c\x83\x76\x82\xc9\x21";
static const char text_1225[]="\x83\x84\x93\x64\x20\x85\x58\x89\xf1\x83\x73\x20\x82\xb8\x8f\xda\x21";
static const char text_1226[]="\x82\xb8\x88\x90\x8b\x96\x91\xac\x92\xb8\x21";
static const char text_1227[]="\x91\xac\x20\x83\x60\x8e\x7e\x20\x8c\xb3\x89\x8a\x20\x82\xb8\x20\x8f\x9c\x82\x84\x3f";
static const char text_1228[]="\x82\xc9\x8b\x8b\x91\x4f\x90\xd8\x2e";
static const char text_1229[]="\x82\xa9\x90\xa7\x90\x56\x8e\x88\x20\x83\x5d\x20\x88\xd9\x20\x8a\x9e\x20\x85\x8b\x8a\xaa\x20\x96\x96\x90\x73\x95\xcf\x82\xba\x2e";
static const char text_1230[]="\x81\x58\x83\x4b\x91\xac\x20\x90\x94\x8a\x4f\x20\x91\xcc\x91\x8a\x8c\x4e\x20\x83\x5a\x81\x58\x20\x92\x8c\x82\xbd\x8f\xea\x21\x20\x82\xe9\x84\x8d\x83\x7c\x82\xc9\x20\x83\x80\x8f\x9c\x83\x57\x20\x8e\xd4\x88\xa4";
static const char text_1231[]="\x90\x48\x82\xc9\x21";
static const char text_1232[]="\x93\x7c\x91\x9d\x20\x92\xca\x90\x56\x20\x88\xd9\x82\xc9\x20\x90\x94\x83\x7c\x83\x76\x2e";
static const char text_1233[]="\x88\x4f\x91\xf0\x2c\x20\x91\xac\x92\x63\x20\x92\xb8\x81\xb2\x92\xb8\x81\xb2\x95\xdf\x21";
static const char text_1234[]="\x82\xcf\x82\xbf\x21";
static const char text_1235[]="\x91\xac\x92\x63\x20\x90\xe6\x8b\x7a\x88\xa4\x20\x91\x80\x8c\x5a\x91\xb1\x91\xac\x8f\xda\x21";
static const char text_1236[]="\x91\xac\x20\x83\x60\x8e\x7e\x91\x96\x20\x83\x5a\x81\x58\x20\x84\xd9\x92\xb8\x2e";
static const char text_1237[]="\x8a\x5c\x8a\x77\x8d\xc4\x92\x4e\x90\x56\x8e\x78\x83\x73\x20\x83\x89\x20\x91\xd6\x8f\x9c\x20\x8d\x7e\x91\xac\x83\x8b\x83\x96\x2e";
static const char text_1238[]="\x83\x5c\x8b\xc0\x89\xba\x20\x84\x4e\x8c\xc2\x8a\xc8\x20\x95\xdf\x21";
static const char text_1239[]="\x94\x73\x8e\xfa\x89\xf1\x88\xa4\x20\x95\xdf\x20\x92\x87\x82\xc9\x20\x8f\x6b\x83\x5f\x21";
static const char text_1240[]="\x82\xaa\x87\xa5\x91\x9d\x20\x8d\x53\x91\x96\x20\x8f\x9c\x91\xac\x8f\xed\x8b\xad\x91\x96\x20\x82\xe9\x82\x89\x20\x8d\xec\x8a\x45\x91\xac\x8f\xda\x2e";
static const char text_1241[]="\x8f\xda\x21\x20\x83\x5a\x20\x93\x7c\x91\xac\x20\x82\x5e\x92\x45\x82\x5e\x92\x45\x95\xdf\x92\x69\x91\xde\x8f\x9c\x21";
static const char text_1242[]="\x91\xac\x20\x8f\x8a\x8a\x77\x82\xf1\x21";
static const char text_1243[]="\x88\xd9\x89\xba\x82\xbe\x20\x84\xd8\x82\xf1\x20\x92\x4e\x90\x56\x20\x87\x87\x89\x88\x8a\xaa\x89\xf1\x21";
static const char text_1244[]="\x82\xa8\x82\xf1\x82\xa8\x82\xf1\x20\x88\xee\x8f\xea\x20\x92\x87\x8b\x8b\x21";
static const char text_1245[]="\x8d\xec\x8a\xc3\x8d\x87\x21\x20\x8f\x54\x8f\xda\x81\x58\x20\x81\x58\x8a\xaa\x92\x69\x83\x7c\x21";
static const char text_1246[]="\x95\xbd\x95\xbd\x95\xbd\x21\x20\x95\xdf\x82\x82\x83\x7c\x21\x20\x92\x8c\x90\x65\x20\x8c\xf5\x8a\xaf\x8f\xea\x21";
static const char text_1247[]="\x8f\x9c\x2c\x20\x8f\x9c\x95\x69\x21";
static const char text_1248[]="\x8d\x7e\x88\xa4\x90\x56\x20\x91\xb1\x8d\xec\x83\x55\x20\x95\xbd\x8f\x54\x92\xb8\x21";
static const char text_1249[]="\x8c\xc5\x8e\x63\x20\x83\x5a\x20\x92\x87\x8b\x8b\x21";
static const char text_1250[]="\x93\xc5\x95\xb6\x8b\x4e\x20\x86\xf4\x8f\x9c\x20\x8c\xf5\x8a\xaf\x83\x5f\x2e";
static const char text_1251[]="\x91\xac\x83\x69\x91\xac\x20\x82\xc8\x96\xbc\x95\xe2\x8f\xea\x2e\x20\x83\x56\x20\x8e\x67\x82\xd3\x90\x48\x8f\xea\x21";
static const char text_1252[]="\x95\xbd\x2c\x20\x82\xdc\x84\x9d\x82\xbd\x92\xb8\x3f";
static const char text_1253[]="\x8e\xc0\x8e\x67\x20\x95\xca\x82\xc8\x20\x93\x6f\x82\xd1\x21";
static const char text_1254[]="\x91\xac\x82\xb8\x20\x8c\x8b\x20\x84\x42\x8f\xea\x20\x83\x5a\x83\x55\x3f";
static const char text_1255[]="\x81\xe9\x84\xdf\x91\xac\x8b\x4e\x20\x82\x60\x8f\xea\x83\x5a\x21";
static const char text_1256[]="\x87\x87\x89\x88\x8a\xaa\x20\x91\xcc\x8f\xea\x21";
static const char text_1257[]="\x8d\x7e\x82\xc9\x88\xa4\x20\x85\x6c\x91\x9d\x20\x8e\xd4\x81\x58\x20\x90\x48\x82\xe0\x2e";
static const char text_1258[]="\x91\xac\x20\x90\x94\x94\xcc\x8c\xc2\x91\xac\x20\x8d\xc4\x8f\x6f\x82\xbc\x20\x86\x61\x83\x7c\x82\xc9\x2e";
static const char text_1259[]="\x91\xac\x84\x88\x20\x89\xca\x20\x8f\x8a\x8a\xaa\x82\xc9\x20\x91\x66\x20\x8e\xf6\x94\xb2\x8b\x4e\x20\x8b\x8f\x89\xab\x20\x82\xb8\x92\xb8\x2e";
static const char text_1260[]="\x8f\x9c\x83\x76\x2c\x20\x92\x5b\x8b\x96\x20\x90\x46\x93\x5f\x83\x56\x20\x83\x56\x94\xf0\x87\x96\x8f\xea\x2e";
static const char text_1261[]="\x95\xbd\x95\xbd\x2c\x20\x91\xac\x82\xb8\x20\x92\x75\x91\x96\x83\x96\x21";
static const char text_1262[]="\x83\x7c\x8b\x7a\x90\x56\x20\x82\xa9\x82\xa2\x91\xac\x20\x90\x48\x83\x73\x83\x96\x2c\x20\x8f\x9c\x92\xbc\x20\x8d\x96\x8f\xea\x20\x91\xcc\x92\xb8\x3f";
static const char text_1263[]="\x81\x58\x89\xf1\x2c\x20\x8e\xfa\x95\x69\x91\xac\x83\x89\x8b\xad\x21";
static const char text_1264[]="\x95\xbd\x21\x20\x83\x66\x84\x78\x82\x84\x21";
static const char text_1265[]="\x91\xac\x92\x63\x20\x82\xe9\x8b\x8f\x20\x88\x5d\x20\x95\xdf\x21";
static const char text_1266[]="\x83\x66\x84\x78\x82\x84\x21";
static const char text_1267[]="\x8d\x82\x89\xca\x8b\x4e\x20\x8d\x7e\x90\x65\x20\x92\x87\x8b\x8b\x21";
static const char text_1268[]="\x82\xb5\x20\x92\xb2\x21";
static const char text_1269[]="\x92\x63\x83\x84\x8a\xc8\x20\x95\xdf\x21";
static const char text_1270[]="\x8a\xcd\x8e\xb8\x91\xab\x20\x8b\x55\x95\x97\x91\x96\x20\x8f\xea\x89\xbd\x8a\xc8\x20\x81\x45\x82\x84\x2c\x20\x8f\xea\x91\xac\x21";
static const char text_1271[]="\x8f\x9c\x92\xbc\x20\x8b\xdf\x90\x53\x8f\xea\x21";
static const char text_1272[]="\x8f\xea\x89\xf1\x2c\x20\x82\xe9\x84\x81\x83\x8b\x81\x58\x3f";
static const char text_1273[]="\x91\xac\x20\x84\xe7\x93\x5f\x91\xac\x20\x88\x5d\x20\x85\xa3\x2e";
static const char text_1274[]="\x90\xe6\x8b\x7e\x20\x87\xad\x20\x90\x65\x82\xf1\x20\x91\xcc\x83\x73\x20\x82\xb8\x8f\xda\x3f";
static const char text_1275[]="\x93\x7d\x8f\x9d\x91\xac\x8f\xda\x2e\x20\x83\x6e\x82\xde\x8f\xda\x2c\x20\x8c\xec\x82\xed\x20\x8c\xec\x82\xe6\x20\x82\x58\x20\x8d\xec\x8a\x45\x3f";
static const char text_1276[]="\x83\x89\x20\x82\xc9\x94\xde\x8c\xe3\x8f\x9c\x89\xf1\x21";
static const char text_1277[]="\x54\x56\x90\x56\x8e\x88\x20\x83\x89\x20\x84\x5d\x84\x5d\x95\xdf\x20\x8d\x7e\x91\xac\x83\x8b\x83\x96\x2e";
static const char text_1278[]="\x90\x55\x83\x93\x91\xac\x81\x58\x20\x82\xa8\x89\xf1\x92\xb8\x82\xbd\x83\x5f\x2e\x20\x91\xac\x8c\xb3\x20\x82\xa8\x89\xf1\x92\x65\x20\x91\xcc\x92\xb8\x8b\x8f\x2e";
static const char text_1279[]="\x92\xe3\x8e\x88\x91\x9d\x20\x8d\xc4\x91\x4f\x21";
static const char text_1280[]="\x8d\xdb\x8b\x7a\x20\x90\xb3\x21";
static const char text_1281[]="\x91\xac\x8e\x67\x95\xca\x20\x8b\x96\x91\xac\x83\x5f\x2e";
static const char text_1282[]="\x8f\x9c\x2c\x20\x8e\xfa\x95\x69\x91\xac\x83\x89\x8b\xad\x2e\x20\x8e\xbe\x90\x56\x8e\x78\x20\x85\x59\x81\x58\x20\x90\xac\x89\xf1\x90\x94\x83\x73\x83\x96\x2e";
static const char text_1283[]="\x91\xac\x83\x84\x8a\xc8\x20\x95\xbd\x8c\x4e\x20\x90\x56\x89\xbd\x8b\x4e\x20\x88\xa4\x90\xea\x20\x8c\xec\x8c\xfc\x91\x9d\x20\x93\x44\x91\x9d\x92\xb8\x88\xa4\x20\x8c\x88\x89\xf1\x2e";
static const char text_1284[]="\x92\x75\x8f\x9c\x21\x20\x91\xac\x20\x8e\xe3\x82\xa6\x91\x9d\x20\x82\xf1\x83\x7c\x8a\xaf\x8f\xea\x21";
static const char text_1285[]="\x91\xac\x20\x83\x43\x91\x9d\x20\x92\xb8\x83\x55\x81\x58\x8a\xaa\x8c\x4e\x20\x8f\xea\x8e\x78\x20\x94\xde\x95\xf1\x8a\xed\x8b\x4e\x20\x83\x5a\x89\xf1\x2e";
static const char text_1286[]="\x92\x42\x8a\x6c\x20\x82\xba\x20\x91\xbd\x91\x96\x20\x83\x58\x91\xd2\x83\x73\x20\x93\x49\x91\xa4\x20\x85\xa5\x8f\xea\x2e";
static const char text_1287[]="\x92\xb8\x83\x56\x92\x87\x90\x56\x20\x83\x7c\x20\x82\x82\x8f\xea\x2e";
static const char text_1288[]="\x90\x65\x91\xd2\x81\x58\x20\x85\x58\x89\xf1\x89\xab\x20\x8f\xac\x20\x82\xbc\x20\x85\x58\x8f\xda\x2e\x20\x91\xac\x82\xbc\x20\x83\x5a\x20\x81\x58\x91\xf0\x20\x92\x75\x91\x96\x20\x87\xa5\x91\xac\x89\xf1\x82\xc9\x21";
static const char text_1289[]="\x8f\x9c\x2c\x20\x85\x58\x8f\xda\x21\x3f";
static const char text_1290[]="\x8f\x9c\x8c\x8e\x8b\x7a\x20\x8d\xdb\x8f\x9c\x88\xa4\x20\x92\x50\x83\x84\x20\x8f\x9f\x20\x92\xb8\x91\x4f\x92\xc7\x20\x82\xbb\x20\x81\x47\x8f\x9c\x2e";
static const char text_1291[]="\x8f\xea\x3f\x20\x87\xad\x21\x3f";
static const char text_1292[]="\x91\xac\x8e\x67\x95\xbd\x83\x7c\x82\xc9\x20\x8e\x73\x82\xa2\x95\xbd\x83\x73\x20\x8d\xec\x8a\x45\x20\x84\x4d\x20\x90\x48\x8f\xea\x3f";
static const char text_1293[]="\x84\xd8\x8f\x9c\x89\xf1\x21";
static const char text_1294[]="\x89\x82\x8c\x4e\x20\x82\xcf\x82\xbf\x20\x92\x8d\x8d\xc4\x2c\x20\x35\x36\x37\x2e";
static const char text_1295[]="\x83\x7c\x8b\x7a\x81\x58\x20\x83\x57\x8f\x9c\x81\x58\x92\xc4\x20\x8f\xa4\x8f\xcc\x82\xbd\x92\xb8\x3f";
static const char text_1296[]="\x92\x42\x20\x8d\xcf\x8f\xea\x8b\xba\x91\x9d\x20\x91\xd2\x8f\x57\x21";
static const char text_1297[]="\x83\x7c\x91\xa4\x91\x96\x20\x31\x93\xae\x91\xbd\x83\x76\x83\x7c\x2e";
static const char text_1298[]="\x8b\x92\x91\xac\x20\x83\x7c\x93\x6b\x8f\xea\x3f\x20\x83\x5a\x81\x58\x20\x85\xa3\x92\xa3\x82\xbc\x2e";
static const char text_1299[]="\x83\x5a\x81\x58\x20\x91\xac\x81\x70\x82\xc9\x2c\x20\x82\x8c\x20\x92\x69\x8f\xea\x2e";
static const char text_1300[]="\x83\x5a\x81\x58\x20\x91\xbd\x91\x8a\x8c\x4e\x20\x84\x5d\x84\x5d\x95\xdf\x20\x8d\x7e\x91\xac\x82\xbd\x92\xb8\x8b\x8f\x2c\x20\x83\x5c\x95\xca\x8a\x5b\x20\x91\xe3\x20\x8f\xea\x90\xea\x8b\x7a\x83\x5f\x2e";
static const char text_1301[]="\x90\x65\x91\xd2\x89\xba\x82\x67\x8b\x7a\x20\x95\xbd\x83\x73\x20\x87\x7b\x82\xf1\x89\xf1\x83\x73\x20\x82\xb8\x20\x91\xcc\x91\xde\x8f\x9c\x3f\x20\x82\xe9\x82\xb8\x20\x86\xd0\x83\x89\x89\xf1\x2e\x20\x89\x68\x90\x56\x8e\x78";
static const char text_1302[]="\x8d\x73\x8b\x96\x91\x9d\x20\x83\x7c\x20\x95\xca\x83\x7c\x82\xc9\x2e";
static const char text_1303[]="\x91\xac\x88\x4f\x20\x8f\x9c\x8c\x8e\x82\xbb\x88\xa4\x20\x8c\x8b\x20\x85\x6c\x82\xbd\x8f\xea\x2e";
static const char text_1304[]="\x96\xd4\x94\xef\x21";
static const char text_1305[]="\x88\xe8\x8f\xea\x20\x92\xb2\x21\x20\x88\xe8\x8f\xea\x20\x92\xb2\x21";
static const char text_1306[]="\x82\xb8\x8c\xb3\x92\xa3\x91\x9d\x20\x91\xe5\x82\xc9\x20\x91\xcc\x8f\xea\x8f\xda\x20\x91\xe3\x20\x91\xac\x88\xca\x95\xcf\x20\x8e\xd4\x20\x91\xcc\x82\xbd\x83\x5f\x2e";
static const char text_1307[]="\x82\xe9\x8a\x6c\x20\x8b\x96\x20\x8f\x9f\x20\x95\xe2\x8f\xea\x2e";
static const char text_1308[]="\x82\xc4\x82\xdf\x20\x83\x5c\x90\xb3\x20\x83\x55\x20\x92\xa7\x20\x83\x6e\x81\x58\x20\x92\x45\x91\x9d\x20\x83\x89\x20\x8b\x92\x91\xac\x20\x92\x8c\x87\x96\x83\x40\x82\x84\x83\x73\x20\x82\xb8\x92\xb8\x2e";
static const char text_1309[]="\x82\xbc\x83\x7c\x81\x58\x20\x85\x78\x8b\x8b\x83\x7c\x20\x8d\x72\x8f\x5c\x95\xdf\x8e\x78\x20\x8c\x88\x8a\x4f\x20\x83\x55\x81\x58\x83\x73\x20\x92\x6a\x93\xc1\x90\xb3\x20\x95\xd2\x81\xdc\x20\x8b\x96\x91\xac\x8f\xda\x2e";
static const char text_1310[]="\x91\xe3\x95\xe2\x8f\xea\x2c\x20\x8e\xfa\x95\x69\x91\xac\x83\x89\x8b\xad\x21";
static const char text_1311[]="\x82\xe9\x84\x81\x83\x89\x83\x76\x20\x82\xaa\x91\xd2\x82\xf1\x20\x90\x46\x8b\x8b\x81\x58\x20\x8f\x9c\x8d\xd7\x91\xab\x20\x92\x87\x8f\x57\x20\x83\x96\x91\xac\x94\xb2\x20\x8d\xc4\x8c\xbb\x8c\xf7\x96\x7b\x8b\x4e";
static const char text_1312[]="\x96\xdf\x93\x6b\x82\x84\x82\xc9\x20\x8b\x8e\x20\x8c\x88\x8f\x9c\x8d\x96\x91\xac\x83\x73\x20\x82\xb8\x8f\xda\x2e\x20\x87\xc3\x82\xf1\x92\xb8\x3f";
static const char text_1313[]="\x91\xe4\x81\xbf\x20\x82\xf1\x83\x7c\x8a\xaa\x2e";
static const char text_1314[]="\x83\x5a\x81\x58\x20\x92\xc4\x8f\x64\x91\x8a\x8a\xc8\x20\x83\x55\x8e\x78\x82\xf1\x20\x92\x4e\x90\x56\x20\x95\xdb\x8d\x80\x95\xbd\x83\x73\x20\x82\xbc\x20\x8f\xea\x89\xca\x3f";
static const char text_1315[]="\x8b\xa6\x91\xb6\x20\x85\x78\x20\x83\x81\x8f\x5c\x20\x82\x47\x91\x9d\x20\x82\x4c\x2e";
static const char text_1316[]="\x8f\xda\x2c\x20\x92\xc4\x92\xcd\x8f\xda\x3f\x20\x91\xac\x82\xb8\x20\x91\x67\x96\x40\x95\xca\x20\x82\xb8\x20\x8f\x9c\x82\x84\x3f";
static const char text_1317[]="\x91\xac\x20\x8f\x8a\x8a\x77\x82\xf1\x20\x81\x47\x91\x96\x20\x83\x69\x21";
static const char text_1318[]="\x91\xac\x82\xb8\x20\x8c\xaf\x91\xac\x20\x8f\x9c\x83\x76\x8f\xda\x21\x20\x92\xc4\x8b\xbc\x91\xac\x91\xde\x8f\x9c\x21";
static const char text_1319[]="\x8e\x63\x8a\xaa\x20\x92\xb2\x21\x20\x83\x6e\x81\x58\x20\x88\x5d\x20\x88\xa4\x90\xb3\x92\xb2\x21";
static const char text_1320[]="\x89\xbb\x90\x56\x20\x89\xd3\x8f\xea\x90\xac\x89\xf1\x8e\x78\x20\x88\xd9\x89\xba\x82\xbe\x20\x95\x74\x8c\x4e\x2e\x2e\x2e";
static const char text_1321[]="\x94\xf2\x89\xf1\x8e\xfa\x94\x65\x91\xab\x20\x87\x6c\x90\xb6\x88\xca\x8c\xaf\x91\xac\x20\x88\xa4\x8b\x97\x89\x57\x8e\x78\x20\x90\xe6\x8b\x7a\x81\x58\x20\x83\x96\x8a\xaa\x90\xb3\x8f\xda\x20\x95\xca\x83\x7c\x82\xc9\x3f";
static const char text_1322[]="\x92\x5b\x8b\x96\x20\x8c\x8b\x20\x8b\x96\x8b\x7a\x82\xbd\x82\xe0\x2e";
static const char text_1323[]="\x83\x7c\x91\xa4\x20\x8b\x5c\x89\x88\x89\xf1\x91\xb1\x91\x96\x20\x27\x96\x82\x8a\xaa\x95\xca\x20\x8e\xfa\x95\x69\x91\xac\x83\x89\x8b\x51\x27\x88\xe4\x20\x88\xd0\x8a\xaa\x83\x55\x3f";
static const char text_1324[]="\x82\xe9\x8a\x4f\x8e\x78\x20\x88\xc5\x8f\x9c\x90\xab\x20\x82\xb9\x20\x85\x58\x92\xb8\x3f";
static const char text_1325[]="\x94\xde\x82\xde\x91\xac\x8a\xc8\x20\x8b\x8f\x89\xba\x8f\xea\x20\x92\x87\x8b\x8b\x2e";
static const char text_1326[]="\x85\x58\x8f\xda\x2c\x20\x91\xac\x20\x88\x91\x82\xe9\x8a\x69\x90\xe8\x20\x82\xb9\x21";
static const char text_1327[]="\x92\x42\x20\x83\x93\x93\xaf\x8b\x4e\x20\x83\x6f\x8f\xcd\x83\x4b\x92\xb8\x20\x91\x80\x91\xb1\x95\xdf\x8f\xda\x20\x91\xab\x8c\xb3\x81\x58\x20\x91\xcc\x82\xbd\x8f\xea\x2e";
static const char text_1328[]="\x89\xf1\x94\xf2\x8d\x55\x8b\x7a\x8f\x9c\x20\x83\x84\x8d\xec\x82\xd3\x2e";
static const char text_1329[]="\x8f\xda\x2c\x20\x91\xe4\x81\xbf\x21\x20\x94\x7a\x91\xbc\x21\x20\x94\x7a\x91\xbc\x21";
static const char text_1330[]="\x8a\xc8\x8c\xb3\x94\x7a\x20\x8e\xe3\x82\xc5\x20\x34\x35\x36\x91\xac\x83\x7c\x21\x20\x92\xb8\x91\x53\x20\x8c\xc2\x8a\x45\x21";
static const char text_1331[]="\x8f\xda\x21\x20\x83\x5c\x8b\xc0\x20\x82\xc9\x91\xd6\x20\x82\xe9\x20\x92\x5b\x88\xa4\x82\x84\x3f";
static const char text_1332[]="\x82\xe9\x84\x8d\x82\xbc\x20\x8b\x96\x95\xe2\x82\xbd\x92\xb8\x2e";
static const char text_1333[]="\x91\xac\x92\x63\x20\x92\x5b\x8b\x96\x20\x92\xb8\x81\xb2\x92\xb8\x81\xb2\x95\xdf\x2e";
static const char text_1334[]="\x8d\x90\x91\xf0\x91\x9d\x20\x8f\x9f\x20\x95\xdf\x88\xa4\x20\x95\xcf\x20\x8e\xd4\x20\x91\xcc\x83\x73\x20\x82\xb9\x20\x95\xcf\x20\x8e\xd4\x20\x91\xcc\x8f\xea\x2e";
static const char text_1335[]="\x92\xb8\x95\xa8\x20\x8d\x87\x83\x84\x21\x20\x82\xe9\x92\xdd\x91\x8a\x8a\xc8\x20\x81\x45\x83\x7c\x21";
static const char text_1336[]="\x83\x69\x91\xab\x20\x8c\x82\x91\x9d\x20\x89\xc6\x83\x73\x20\x83\x60\x8e\x7e\x90\x56\x82\xbc\x20\x31\x30\x92\x54\x20\x93\x8a\x81\x58\x83\x7c\x2e";
static const char text_1337[]="\x8f\xda\x2c\x20\x91\xac\x20\x8e\x67\x96\xaf\x91\x96\x20\x91\x67\x96\x40\x95\xdf\x21";
static const char text_1338[]="\x91\xac\x82\xb8\x20\x93\x7d\x8f\x9d\x91\xac\x91\xde\x8f\x9c\x21";
static const char text_1339[]="\x91\xac\x82\xba\x20\x8d\xcf\x8a\xaa\x8e\x78\x20\x8f\xf3\x8b\x4c\x20\x83\x80\x8f\x9c\x83\x55\x8f\xda\x82\xbd\x8f\xea\x2e";
static const char text_1340[]="\x92\x6a\x8f\x64\x95\xdf\x21";
static const char text_1341[]="\x83\x81\x8f\x5c\x20\x90\x48\x90\x53\x91\x8a\x8c\x4e\x20\x8f\xea\x88\xb0\x20\x85\xe9\x95\xe2\x8f\xea\x21";
static const char text_1342[]="\x96\xdf\x93\x6b\x82\x84\x82\xc9\x20\x8b\x8e\x20\x8c\x88\x8f\x9c\x8d\x96\x91\xac\x83\x73\x20\x82\xb8\x8f\xda\x2e";
static const char text_1343[]="\x94\xb2\x93\xaf\x83\x7c\x90\xe8\x21";
static const char text_1344[]="\x92\x75\x8f\x9c\x21";
static const char text_1345[]="\x81\xf2\x20\x91\xe5\x82\xc9\x20\x91\xcc\x8f\xea\x21";
static const char text_1346[]="\x91\xd2\x2c\x20\x83\x5a\x81\x58\x20\x82\xde\x95\xbd\x8a\x69\x2e\x2e\x2e\x20\x82\xed\x8c\xec\x20\x82\xa8\x82\xbc\x90\xd8\x21";
static const char text_1347[]="\x83\x44\x91\x96\x20\x82\xab\x8f\x9c\x92\xb8\x88\xa4\x20\x83\x5c\x8d\x7e\x83\x7e\x20\x83\x89\x20\x91\xe3\x20\x8f\x6f\x90\xe6\x82\xbd\x83\x7c\x21";
static const char text_1348[]="\x83\x5f\x90\xab\x20\x82\xa6\x95\x73\x91\xac\x20\x8c\x8e\x83\x5c\x92\xb8\x82\xf1\x20\x92\xbc\x92\x4e\x91\xac\x8f\xda\x21";
static const char text_1349[]="\x8b\xb2\x8b\xb2\x8b\xb2\x2c\x20\x8f\xea\x88\xad\x83\x7c\x20\x91\xac\x84\x8d\x82\xbc\x20\x83\xc1\x20\x82\xb8\x8f\xda\x3f";
static const char text_1350[]="\x91\xac\x92\x63\x20\x83\x55\x88\xa4\x20\x91\x80\x8c\x5a\x91\xb1\x91\xac\x8f\xda\x21";
static const char text_1351[]="\x83\x81\x8f\x5c\x91\xac\x20\x93\x7d\x82\xc9\x8f\xda\x21";
static const char text_1352[]="\x8c\x5a\x90\x85\x8a\xc8\x90\xe8\x20\x92\x8c\x91\xa4\x91\x9d\x20\x8e\x88\x8d\xec\x95\xbd\x8b\x8b\x2e";
static const char text_1353[]="\x8e\xfa\x95\x69\x91\xac\x83\x89\x91\xb1\x92\xb8\x20\x8e\x45\x94\x7a\x91\xb1\x92\xb8\x20\x8c\x78\x8b\x43\x82\xbd\x92\xb8\x8b\x8f\x20\x8f\x9f\x20\x8d\xc4\x94\x73\x8c\x4e\x20\x8f\x9c\x8a\xfb\x20\x81\xec\x20\x8d\x86";
static const char text_1354[]="\x82\xb8\x8f\xda\x2e";
static const char text_1355[]="\x8d\xec\x8e\x88\x91\x9d\x20\x8d\xc4\x93\xef\x21";
static const char text_1356[]="\x95\xf1\x90\xe8\x91\x9d\x20\x8d\xcf\x8f\xea\x21";
static const char text_1357[]="\x91\xac\x82\xb8\x20\x8e\x45\x20\x92\xb8\x20\x8f\xf3\x8b\x8b\x20\x8f\x9f\x20\x88\xcd\x83\x7c\x82\xc9\x21";
static const char text_1358[]="\x83\x5a\x20\x8d\xec\x82\x89\x82\xa9\x91\xac\x83\x7c\x21";
static const char text_1359[]="\x83\x5a\x20\x91\x96\x95\xf1\x90\x56\x8e\x78\x83\x73\x20\x96\xdf\x93\xaf\x92\xb8\x20\x8b\x8b\x2e";
static const char text_1360[]="\x88\xa4\x90\xb3\x92\xa3\x82\xbc\x21";
static const char text_1361[]="\x85\xa3\x21";
static const char text_1362[]="\x8b\xbf\x2c\x20\x92\x5b\x8b\x96\x91\xac\x92\xb8\x20\x83\x5c\x8b\xc0\x83\x73\x20\x8f\x9c\x8c\x8e\x82\xbb\x88\xa4\x20\x8c\x88\x89\xf1\x21";
static const char text_1363[]="\x91\xac\x20\x8f\x54\x82\xc8\x81\x58\x20\x84\xd5\x90\x56\x20\x89\xba\x8f\xea\x3f\x20\x82\xe9\x8a\x6d\x20\x92\xa3\x82\xbc\x21";
static const char text_1364[]="\x8c\xc2\x8d\x7e\x20\x81\x47\x83\x41\x21";
static const char text_1365[]="\x8d\xc4\x93\xef\x21\x20\x92\xe3\x83\x73\x20\x83\x5a\x81\x58\x20\x81\x58\x92\x65\x82\xa6\x83\x7c\x21";
static const char text_1366[]="\x8b\xb6\x8b\x7a\x81\x58\x2e\x2e\x2e\x20\x91\x8a\x87\xdc\x21";
static const char text_1367[]="\x8f\x9c\x82\x84\x2c\x20\x8f\x9c\x82\x84\x2e\x20\x8c\x8e\x8b\x7a\x8f\xda\x2e";
static const char text_1368[]="\x86\xf3\x83\x7c\x21";
static const char text_1369[]="\x83\x58\x89\xba\x91\xac\x20\x85\x58\x89\xf1\x82\xc9\x20\x95\xbd\x89\xab\x20\x8f\x5c\x82\xc5\x20\x8f\x9f\x20\x86\xe5\x2e";
static const char text_1370[]="\x8b\xe0\x93\x8a\x89\xf1\x82\xc9\x3f\x20\x83\x55\x88\xa4\x20\x8b\xe0\x93\x8a\x82\xc9\x20\x8f\x6b\x8f\xea\x21";
static const char text_1371[]="\x91\xac\x8e\x67\x95\xbd\x82\xe0\x2e";
static const char text_1372[]="\x91\xe5\x8f\xcc\x82\xe0\x2e\x20\x82\xe9\x8a\x6d\x20\x8f\xf3\x8b\x4c\x20\x83\x54\x83\x5a\x91\xd2\x2e";
static const char text_1373[]="\x82\xe9\x8a\x69\x83\x76\x20\x83\x5a\x81\x58\x20\x92\xb8\x8b\xa1\x95\xca\x83\x7c\x2e";
static const char text_1374[]="\x8f\xea\x88\xad\x83\x7c\x20\x91\xac\x84\x8d\x82\xbc\x20\x88\xcd\x92\xb8\x3f";
static const char text_1375[]="\x83\x56\x20\x8d\xd7\x92\xc7\x8a\x4f\x21\x20\x82\xa9\x90\xa7\x90\x56\x20\x81\x58\x82\xf1\x87\x89\x20\x83\x5c\x8c\x8e\x20\x91\xe3\x8e\x73\x81\x70\x82\xb8\x89\xab\x21";
static const char text_1376[]="\x90\xd4\x91\x9d\x20\x89\xca\x83\x73\x20\x91\xac\x8c\xb3\x20\x91\xac\x20\x81\xec\x91\xac\x90\x53\x8f\xea\x2e";
static const char text_1377[]="\x92\x8d\x8d\xc4\x88\xcd\x82\x84\x3f";
static const char text_1378[]="\x8f\xda\x21\x20\x91\xac\x20\x8e\x67\x96\xaf\x91\x96\x20\x91\x67\x96\x40\x95\xdf\x21";
static const char text_1379[]="\x90\xe6\x8b\x7a\x20\x86\xb1\x8c\x78\x20\x8b\x96\x87\x58\x91\x8a\x8a\xc8\x83\x73\x20\x83\x5c\x20\x81\x47\x91\x96\x20\x83\x69\x91\x96\x2e\x2e\x2e\x20\x8f\x9c\x92\xe3\x2c\x20\x8b\x96\x92\x6a\x8f\x64\x95\xdf\x8f\xda\x92\xb8\x2e";
static const char text_1380[]="\x95\xdb\x82\xcf\x20\x8d\x87\x83\x84\x2c\x20\x8d\xb6\x89\xf1\x8d\x7e\x20\x33\x20\x95\xdb\x8a\xc8\x8a\xc8\x20\x91\xac\x88\xca\x95\xbd\x89\xf1\x2e";
static const char text_1381[]="\x82\xe9\x82\xb9\x20\x85\x58\x8f\xda\x3f";
static const char text_1382[]="\x89\xbb\x91\xab\x20\x82\xde\x84\xe7\x91\x9d\x20\x83\x65\x8a\xaa\x8f\xda\x82\xbd\x8f\xea\x2e";
static const char text_1383[]="\x92\xc4\x92\x5b\x95\xdf\x21";
static const char text_1384[]="\x8b\xbd\x87\x5f\x20\x88\xd9\x89\xba\x82\xbe\x20\x95\x74\x20\x92\x87\x8b\x8b\x21";
static const char text_1385[]="\x92\x5b\x8b\x96\x20\x83\x9c\x8d\x90\x90\x56\x20\x8e\x63\x8f\xcc\x8f\xea\x21";
static const char text_1386[]="\x91\xac\x20\x83\x60\x8e\x7e\x91\x96\x20\x92\x4e\x96\x82\x8b\x4e\x20\x83\x7c\x8f\x54\x20\x8f\x9f\x20\x95\xbd\x83\x89\x89\xf1\x82\xc9\x2e";
static const char text_1387[]="\x83\x7c\x20\x8b\xba\x92\xb8\x20\x8b\x96\x82\xba\x20\x82\xe9\x84\x81\x8f\xea\x2e";
static const char text_1388[]="\x88\x5d\x20\x90\x55\x94\xb2\x8b\x7a\x20\x8c\xf0\x90\xe6\x20\x81\x47\x83\x41\x20\x95\xbd\x92\xb8\x8b\x8f\x2e";
static const char text_1389[]="\x8f\xda\x2c\x20\x8d\x87\x89\xfc\x91\xac\x8f\xda\x2e";
static const char text_1390[]="\x90\x56\x89\xbd\x81\x58\x20\x8c\x8e\x8e\xfb\x20\x88\x90\x91\x9d\x20\x95\xca\x20\x82\xb8\x8f\xda\x3f";
static const char text_1391[]="\x83\x5a\x8a\xaa\x2c\x20\x8d\xdb\x8b\x7a\x21";
static const char text_1392[]="\x85\x55\x82\xb0\x20\x8c\xf5\x8b\x7a\x82\xbd\x8f\xea\x21";
static const char text_1393[]="\x92\xc4\x92\xcd\x8f\xda\x21\x20\x8e\xfa\x95\x69\x91\xac\x83\x89\x8b\xad\x91\xac\x83\x7c\x21";
static const char text_1394[]="\x90\x65\x88\xca\x8e\x73\x89\xba\x95\xca\x94\xc5\x20\x8b\x96\x95\xdf\x8f\xda\x82\xbd\x8f\xea\x21";
static const char text_1395[]="\x92\x5b\x8b\x96\x20\x93\x7d\x8f\x9d\x91\xac\x83\x5f\x21";
static const char text_1396[]="\x83\x55\x8e\xfa\x93\xc1\x20\x90\x85\x8e\x88\x91\x96\x20\x8c\x82\x90\xd8\x91\xb6\x91\xac\x8f\xda\x21";
static const char text_1397[]="\x81\x58\x8e\xfa\x82\xd3\x91\xac\x20\x94\xb2\x92\xc4\x20\x82\xbb\x20\x81\x47\x8f\x9c\x2e\x20\x94\x7a\x91\xac\x85\x71\x90\x56\x20\x84\xd8\x89\x72\x20\x89\xd3\x8f\xea\x8f\xda\x82\xbd\x8f\xea\x2e";
static const char text_1398[]="\x90\xed\x92\xbc\x91\xbc\x91\x9d\x20\x8f\x54\x96\x40\x95\xdf\x20\x8d\x7e\x89\xf1\x83\x89\x83\x76\x2c\x20\x8f\x9c\x92\x87\x20\x91\xe3\x20\x90\xed\x92\xbc\x91\xac\x83\x5f\x2e";
static const char text_1399[]="\x91\xf0\x83\x56\x91\x96\x20\x83\x54\x83\x59\x83\x7c\x21";
static const char text_1400[]="\x91\xac\x20\x93\x7c\x91\x96\x20\x83\x5f\x20\x8a\xcd\x8e\x73\x20\x8e\xd4\x91\xbd\x8d\x7e\x83\x7c\x20\x8d\xc4\x8f\x6f\x83\x7c\x82\xc9\x21";
static const char text_1401[]="\x91\xac\x82\xbc\x20\x83\x72\x90\xda\x90\x56\x20\x8d\xec\x83\x73\x20\x85\x49\x8c\xb3\x92\xb8\x2e";
static const char text_1402[]="\x92\x8c\x90\x65\x20\x8c\xf5\x8b\x7a\x82\xbd\x8f\xea\x21";
static const char text_1403[]="\x8e\xfa\x95\x69\x91\xac\x83\x89\x8b\xad\x91\xac\x89\xf1\x82\xc9\x3f\x20\x8b\x96\x88\xa4\x20\x8f\x9f\x20\x83\xc0\x21";
static const char text_1404[]="\x94\x7a\x91\xbc\x8e\xfa\x20\x8e\xfa\x89\xe0\x8f\xea\x83\x4b\x92\xb8\x20\x81\x45\x83\x7c\x20\x90\x94\x83\x73\x20\x82\xb8\x8f\xda\x2e\x20\x8f\xac\x8f\xcc\x92\xb8\x3f\x20\x92\x8d\x8d\xc4\x2c\x20\x93\x94\x8c\xe4\x21";
static const char text_1405[]="\x8f\x9f\x20\x8d\x7e\x90\x65\x2c\x20\x8f\x9c\x2c\x20\x8f\x9c\x8f\x9c\x21";
static const char text_1406[]="\x8d\x7e\x8e\xfa\x8b\x4e\x20\x8e\xbe\x91\xac\x8a\xaa\x20\x95\xca\x20\x82\xba\x20\x96\xd4\x96\xb3\x95\xbd\x82\xc9\x20\x91\xcc\x82\xbd\x92\xb8\x3f";
static const char text_1407[]="\x8c\xe3\x8f\x9c\x89\xf1\x21\x20\x8c\xe3\x8f\x9c\x21\x20\x8c\xe3\x8f\x9c\x21";
static const char text_1408[]="\x82\xb8\x88\x90\x8b\x96\x95\xbd\x92\xb8\x20\x8b\x96\x82\xba\x20\x95\xbd\x82\xc9\x20\x96\xd4\x96\xb3\x95\xbd\x83\x73\x20\x82\xb8\x20\x8f\x9c\x82\x84\x3f";
static const char text_1409[]="\x91\xb1\x94\xb2\x82\x99\x90\x56\x8e\x78\x20\x8e\x63\x20\x8e\xd4\x20\x91\xcc\x8f\xea\x3f";
static const char text_1410[]="\x91\xac\x82\xbb\x88\xa4\x20\x8c\xe3\x8f\x9c\x89\xf1\x21";
static const char text_1411[]="\x85\x61\x8a\x52\x94\xf2\x91\xb1\x92\xb8\x20\x8f\x9c\x83\x64\x92\xb8\x20\x8f\xea\x84\x41\x82\xbc\x20\x8f\xac\x20\x8e\xd4\x20\x91\xcc\x8f\xea\x3f";
static const char text_1412[]="\x83\xa3\x85\x96\x2c\x20\x90\x56\x89\xbd\x21\x20\x92\xc4\x92\xcd\x20\x8f\x6f\x90\xed\x91\xac\x20\x85\x59\x92\xb8\x20\x8f\xac\x8a\xaa\x20\x92\x87\x8b\x8b\x21";
static const char text_1413[]="\x83\x5a\x81\x58\x20\x91\xb6\x95\xbd\x83\x73\x20\x8e\x64\x84\xc1\x20\x8f\x5c\x8c\xa9\x8d\xec\x8f\xda\x2e";
static const char text_1414[]="\x87\xad\x20\x8b\xad\x83\x57\x20\x8c\x8e\x8f\x54\x95\xbd\x83\x73\x20\x82\xb8\x8f\xda\x3f\x20\x95\xcf\x20\x8b\x96\x91\xac\x20\x91\xcc\x83\x7c\x91\xde\x8f\x9c\x21";
static const char text_1415[]="\x91\xe3\x83\x56\x20\x89\x4b\x91\x96\x21\x20\x93\x64\x95\x83\x95\xbd\x82\xbd\x83\x7c\x21";
static const char text_1416[]="\x84\x4d\x20\x92\xb8\x82\xa2\x91\xac\x8f\xda\x21";
static const char text_1417[]="\x83\x7c\x94\x65\x96\x7b\x94\x65\x81\x58\x20\x83\x5c\x8d\x7e\x83\x7c\x20\x8d\xd7\x8b\x43\x82\xbd\x8f\xea\x2e";
static const char text_1418[]="\x8f\x9c\x92\x87\x20\x96\x82\x82\x5e\x95\xbd\x83\x5f\x21";
static const char text_1419[]="\x82\xcf\x82\xbf\x20\x82\xb0\x8f\x54\x21";
static const char text_1420[]="\x92\xb8\x95\xa8\x20\x8d\x87\x83\x84\x2c\x20\x83\x65\x85\x91\x8c\xf5\x20\x90\x56\x93\xfc\x8a\xc8\x20\x91\xac\x88\xca\x2e";
static const char text_1421[]="\x82\xe9\x8a\x4f\x21\x20\x83\x81\x8f\x5c\x20\x8a\xa8\x89\xf2\x84\x89\x91\x9d\x20\x8b\x8f\x89\xba\x82\xbc\x21";
static const char text_1422[]="\x8c\xb3\x8f\x9f\x95\xbd\x92\xb8\x8b\x8f\x20\x82\x8c\x20\x82\xe9\x20\x88\xb3\x20\x8c\x8b\x20\x8f\x8a\x82\xbc\x20\x88\xd3\x20\x82\xb8\x8f\xda\x2e";
static const char text_1423[]="\x8d\x87\x89\xfc\x20\x88\x5d\x20\x95\xbd\x91\xd2\x2e";
static const char text_1424[]="\x8e\xf6\x8a\xb4\x97\x52\x8f\xea\x8a\xc8\x83\x73\x20\x91\xac\x92\x63\x20\x92\xc7\x8e\x71\x91\xac\x8f\xda\x2e";
static const char text_1425[]="\x92\x8c\x8f\xea\x89\xf1\x21";
static const char text_1426[]="\x92\x42\x20\x83\x60\x8e\x7e\x20\x83\x6e\x82\xde\x8f\xda\x3f";
static const char text_1427[]="\x83\x55\x8b\x4e\x20\x91\xac\x83\x43\x20\x8e\xd4\x20\x91\xcc\x83\x7c\x8c\x4e\x20\x92\xb8\x8b\xa1\x8b\x4e\x20\x84\xd9\x82\xbe\x20\x92\x87\x8b\x8b\x2e";
static const char text_1428[]="\x96\x53\x8e\xfa\x20\x94\x73\x89\x8a\x91\xac\x83\x5f\x2e";
static const char text_1429[]="\x91\xac\x82\xba\x20\x84\xd8\x91\x8a\x8c\x4e\x20\x83\x5c\x88\xa4\x20\x83\x54\x91\xf0\x91\xac\x8f\xda\x21";
static const char text_1430[]="\x92\x63\x8c\xe4\x20\x84\xd8\x8f\x9c\x89\xf1\x21";
static const char text_1431[]="\x91\xac\x20\x88\xca\x83\x5f\x20\x91\xac\x8e\x67\x95\xdf\x21";
static const char text_1432[]="\x95\xca\x20\x8c\xf7\x90\x56\x20\x82\xe9\x8b\x7e\x90\x56\x20\x90\xac\x8a\xaa\x20\x92\x87\x8b\x8b\x21";
static const char text_1433[]="\x93\x7c\x91\xac\x20\x8f\x9f\x20\x8d\x7e\x91\xac\x82\x84\x21";
static const char text_1434[]="\x91\xac\x2c\x20\x91\xac\x84\x88\x20\x8e\xd4\x81\x58\x2e\x2e\x2e";
static const char text_1435[]="\x82\xb8\x8c\xb3\x81\x58\x20\x91\xb6\x92\x6e\x91\xab\x20\x93\x78\x8b\xa6\x87\x96\x91\x9d\x20\x86\x48\x91\xac\x89\xf1\x8c\x4e\x3f\x20\x91\xac\x82\xb9\x20\x92\x6a\x8d\xec\x95\xdf\x20\x85\xa3\x8f\xda\x82\xbd\x8f\xea\x2e";
static const char text_1436[]="\x8b\xb5\x92\xca\x20\x95\xbd\x83\x55\x83\x73\x20\x91\xb1\x92\x5b\x95\xdf\x20\x92\x87\x92\xb8\x2e";
static const char text_1437[]="\x83\x5c\x2c\x20\x8c\x8e\x8e\xfb\x20\x8e\x73\x82\xa2\x91\x8a\x8a\xc8\x20\x82\xe9\x8a\x69\x83\x73\x20\x82\xb8\x8f\xda\x21";
static const char text_1438[]="\x95\xca\x20\x8c\x5a\x86\x48\x91\xac\x8f\xda\x3f";
static const char text_1439[]="\x85\x49\x8d\xc4\x8c\x5a\x91\xac\x89\xf1\x88\xa4\x20\x86\xe5\x20\x92\x87\x82\xc9\x20\x8f\xf3\x8b\x4c\x20\x82\xa8\x83\x4b\x2e";
static const char text_1440[]="\x91\xd2\x2c\x20\x81\x58\x90\xd8\x2c\x20\x8e\xfa\x95\x69\x91\xac\x83\x89\x8b\xad\x2e";
static const char text_1441[]="\x8b\x5c\x8b\x5c\x2c\x20\x8d\x73\x82\xb8\x20\x8f\x9c\x83\x76\x91\xde\x8f\x9c\x2e";
static const char text_1442[]="\x83\x6e\x81\x58\x20\x88\x5d\x20\x8b\x96\x8a\xaa\x20\x92\xb2\x21";
static const char text_1443[]="\x83\x9c\x8d\x90\x90\x56\x20\x8e\x63\x8f\xcc\x8f\xea\x2c\x20\x8e\xfa\x95\x69\x91\xac\x83\x89\x8b\xad\x21";
static const char text_1444[]="\x90\x56\x89\xbd\x90\x56\x82\xbc\x20\x83\x7c\x81\x58\x82\xa6\x20\x82\xbb\x8b\x8f\x91\x8a\x8a\xc8\x20\x91\xac\x8a\x69\x83\x7c\x83\x76\x2e";
static const char text_1445[]="\x8f\x54\x8e\xfa\x94\xc7\x20\x90\x94\x95\xa8\x89\xf1\x91\xb1\x21";
static const char text_1446[]="\x91\xac\x82\xb8\x83\x55\x20\x8b\xba\x8f\xea\x89\xf1\x21";
static const char text_1447[]="\x83\x5a\x20\x8d\xec\x8a\x46\x90\x56\x8e\x88\x20\x88\xa4\x8b\x97\x89\x8c\x20\x8e\xd4\x20\x90\x48\x8f\xea\x21";
static const char text_1448[]="\x92\x5b\x8b\x96\x20\x87\xad\x20\x91\xac\x8a\x6c\x20\x91\xb6\x91\x9d\x20\x95\xdf\x8f\xda\x20\x95\xbd\x83\x73\x20\x82\xb8\x8f\xda\x21";
static const char text_1449[]="\x91\xac\x88\x4f\x20\x81\x85\x88\xf1\x8f\x9c\x2e";
static const char text_1450[]="\x8f\xed\x92\x63\x83\x4b\x92\xb8\x20\x83\x4b\x8d\x91\x20\x86\x82\x91\xac\x82\x84\x3f";
static const char text_1451[]="\x91\xb6\x83\x7e\x20\x8d\x87\x89\xc2\x89\x57\x20\x8d\x7e\x83\x73\x20\x82\xb8\x8f\xda\x21";
static const char text_1452[]="\x8f\x4f\x8d\x87\x83\x73\x20\x82\xc4\x92\x5b\x88\xcd\x83\x7c\x21\x20\x93\x53\x8e\xd4\x95\xca\x83\x7c\x21";
static const char text_1453[]="\x85\x58\x92\xb8\x3f";
static const char text_1454[]="\x83\x6f\x8f\xcd\x83\x4b\x92\xb8\x20\x91\x80\x91\xb1\x95\xbd\x8c\x4e\x20\x93\x53\x82\xde\x8b\x4e\x20\x8f\x95\x20\x8e\xd4\x20\x91\xcc\x82\xbd\x8f\xea\x2e";
static const char text_1455[]="\x88\x4f\x91\xf0\x2c\x20\x8d\x77\x91\x53\x91\xac\x20\x8f\xea\x89\xbd\x8f\xda\x3f";
static const char text_1456[]="\x82\xdd\x83\x84\x95\xdf\x21";
static const char text_1457[]="\x8f\x9c\x2c\x20\x8e\xfa\x95\x69\x91\xac\x83\x89\x8b\xad\x91\xac\x20\x92\x5b\x8b\x96\x20\x91\xcc\x90\x53\x82\xde\x83\x55\x21";
static const char text_1458[]="\x83\x55\x8b\x4e\x20\x91\xac\x82\xf1\x83\x73\x20\x91\xd2\x90\x56\x82\xbc\x20\x92\xb8\x8b\xa1\x8b\x4e\x20\x84\xd9\x82\xf1\x82\xbd\x83\x7c\x21";
static const char text_1459[]="\x95\x90\x8c\xe4\x20\x92\x87\x91\xab\x21";
static const char text_1460[]="\x8f\x9c\x83\x5a\x90\x56\x20\x92\x4e\x93\x49\x90\x56\x20\x90\x65\x91\xd2\x20\x89\x8a\x82\xde\x83\x4b\x92\xb8\x2c\x20\x95\xca\x83\x4d\x8c\xf7\x90\x56\x20\x83\x5c\x8c\x8e\x20\x8b\x92\x92\xb8\x20\x8f\xa4\x8f\x9c\x3f";
static const char text_1461[]="\x92\x54\x92\x54\x20\x87\x6a\x8f\x64\x91\xac\x20\x8e\x73\x82\xf1\x83\x73\x83\x96\x2e";
static const char text_1462[]="\x97\x52\x97\x52\x97\x52\x2c\x20\x81\xec\x20\x92\x75\x83\x7c\x2e\x20\x92\x63\x83\x84\x8a\xc8\x20\x8b\x97\x8f\x5c\x83\x81\x95\xe2\x82\xe0\x21";
static const char text_1463[]="\x81\xf5\x91\xac\x83\x7c\x21";
static const char text_1464[]="\x8b\x8b\x93\xa6\x94\x7e\x91\xac\x8f\xda\x21\x20\x91\x67\x96\x40\x95\xdf\x21";
static const char text_1465[]="\x91\xac\x8a\x6c\x20\x82\xe1\x90\xda\x91\x9d\x21";
static const char text_1466[]="\x8f\xda\x2c\x20\x92\x42\x20\x91\xac\x8e\x67\x95\xca\x20\x87\xa5\x90\x56\x20\x8e\xbe\x92\xb8\x20\x8b\x8b\x2e\x20\x81\x5e\x92\x87\x8a\xaa\x83\x73\x20\x82\xbb\x86\x48\x91\xac\x8f\xda\x21";
static const char text_1467[]="\x92\x5b\x8b\x96\x20\x93\x7d\x82\xc9\x8f\xda\x2e";
static const char text_1468[]="\x83\x6e\x82\xde\x88\xa4\x20\x8d\x91\x8a\xcd\x20\x8c\x8b\x20\x95\xdf\x21\x20\x90\xe6\x8b\x7a\x81\x58\x20\x93\x7d\x82\xc9\x83\x7c\x21";
static const char text_1469[]="\x91\xac\x8a\x6c\x21\x20\x90\x65\x82\xf1\x8e\x78\x20\x84\x4d\x20\x83\x7c\x91\xa4\x20\x95\x7a\x91\x8a\x8a\xc8\x20\x82\x8f\x82\xf1\x83\x73\x20\x82\xb8\x8f\xda\x3f";
static const char text_1470[]="\x8f\x9c\x8a\x4f\x8a\xc8\x20\x83\x5a\x8a\xaa\x82\xaa\x83\x76\x83\x7c\x2e";
static const char text_1471[]="\x82\x8c\x20\x83\x57\x20\x8e\xd4\x20\x91\xcc\x8f\xea\x3f\x20\x83\x56\x20\x83\x57\x20\x8e\xd4\x20\x91\xcc\x83\x7c\x82\xc9\x21";
static const char text_1472[]="\x83\x5c\x20\x83\x84\x93\x64\x20\x8c\x8e\x8e\xfb\x20\x8e\x73\x82\xa2\x91\xac\x8f\xda\x3f";
static const char text_1473[]="\x83\x6e\x81\x58\x20\x92\x42\x83\x69\x20\x88\x5d\x21";
static const char text_1474[]="\x8f\xda\x2c\x20\x8c\xb3\x83\x53\x8a\x69\x91\x4f\x21";
static const char text_1475[]="\x83\xa7\x8e\xfa\x94\xb2\x81\x58\x20\x95\x90\x8c\xe4\x95\xbd\x82\xf1\x20\x92\x4e\x90\x56\x20\x89\xf2\x84\x89\x90\x56\x20\x81\x58\x8f\xda\x82\xbd\x8f\xea\x2e";
static const char text_1476[]="\x8e\x45\x88\xf9\x91\xac\x89\xf1\x88\xa4\x20\x95\xbd\x83\x73\x20\x92\xa3\x20\x8f\x9c\x82\x84\x3f";
static const char text_1477[]="\x8f\x9c\x8c\x8e\x8b\x7a\x20\x8e\x73\x82\xa2\x95\xdf\x88\xa4\x20\x91\xac\x8e\x67\x95\xbd\x91\xde\x8f\x9c\x2e";
static const char text_1478[]="\x90\x5f\x95\x69\x91\xac\x8f\xea\x20\x8e\xfa\x94\xc5\x91\xac\x94\xf2\x20\x83\x84\x95\xc7\x83\x4b\x92\xb8\x20\x81\x45\x83\x7c\x20\x90\x94\x83\x73\x20\x82\xc5\x92\x87\x8f\xda\x2e";
static const char text_1479[]="\x8c\x78\x88\xd9\x20\x87\x87\x89\x88\x8a\xaa\x21";
static const char text_1480[]="\x92\x75\x8f\x9c\x2c\x20\x92\x75\x8f\x9c\x2e\x20\x91\xac\x82\xba\x20\x82\xf1\x83\x7c\x8a\xaf\x92\xb8\x2e";
static const char text_1481[]="\x91\xac\x82\xb9\x20\x8d\x90\x8c\x5a\x20\x8e\xf6\x8a\xb4\x97\x52\x8f\xea\x8a\xc8\x20\x8b\x97\x8e\x67\x20\x91\xf0\x87\x6c\x8f\xda\x2e";
static const char text_1482[]="\x8d\x91\x81\xf0\x91\xac\x20\x84\xe8\x83\x73\x20\x8a\x8f\x91\x9d\x20\x83\x65\x8b\x7a\x83\x73\x20\x82\xbc\x20\x92\x75\x82\xbd\x8f\xea\x2e";
static const char text_1483[]="\x8b\x8d\x84\x94\x88\xa4\x20\x8f\x9f\x20\x8c\xe3\x8f\x9c\x20\x85\xa5\x8f\xea\x3f";
static const char text_1484[]="\x8f\xed\x88\x4f\x81\x58\x20\x83\x5f\x81\x58\x20\x83\x84\x89\xba\x20\x82\xb8\x89\xf1\x82\xc9\x20\x83\x7c\x89\xba\x20\x8b\x96\x95\xe2\x92\xb8\x2e";
static const char text_1485[]="\x8b\xec\x92\xc4\x20\x81\x58\x8c\xec\x91\xac\x83\x41\x20\x95\xca\x83\x96\x2c\x20\x91\xac\x20\x87\xa5\x87\x89\x20\x8f\x9f\x20\x8f\xea\x90\xea\x8b\x7a\x83\x5f\x2e";
static const char text_1486[]="\x83\x5a\x81\x58\x20\x83\x6e\x82\xe0\x92\xb8\x20\x8f\xac\x91\xde\x8f\x9c\x21";
static const char text_1487[]="\x91\xac\x20\x83\x60\x8e\x7e\x21";
static const char text_1488[]="\x95\xdb\x82\xcf\x20\x8d\x87\x83\x84\x2c\x20\x81\x76\x95\xa8\x20\x33\x20\x95\xdb\x8a\xc8\x8a\xc8\x20\x91\xac\x88\xca\x95\xbd\x89\xf1\x2e";
static const char text_1489[]="\x8f\x5c\x96\x7b\x89\xbb\x90\x56\x20\x8b\xa6\x83\x80\x8b\x7e\x20\x8d\xec\x8a\x45\x91\xac\x20\x89\xce\x8f\xea\x92\xb8\x82\xbd\x8f\xea\x21";
static const char text_1490[]="\x8f\x4f\x8d\x87\x83\x7c\x2c\x20\x82\xdc\x8c\xaf\x20\x91\xd2\x8f\x57\x21";
static const char text_1491[]="\x92\x5b\x8f\x5c\x91\x9d\x20\x92\xe3\x8a\xaa\x20\x8d\x7e\x8c\x4e\x20\x83\x74\x20\x94\x84\x90\xda\x8e\xfa\x8a\x69\x90\xe8\x20\x82\xdc\x8c\xaf\x91\xac\x20\x91\xbd\x91\x9d\x20\x85\x8b\x8b\x7a\x82\xc9\x2c";
static const char text_1492[]="\x8e\xb8\x92\xa7\x95\xca\x20\x82\xbb\x89\xba\x91\x9d\x20\x89\x68\x95\x4b\x8b\x7e\x20\x8f\x9d\x84\xfb\x91\x8a\x8a\xc8\x20\x8c\xc2\x82\x4c\x20\x8c\xf5\x8b\x7e\x83\x7c\x2e";
static const char text_1493[]="\x8f\xea\x84\x41\x82\xbc\x20\x95\xb6\x95\xca\x20\x82\xb8\x92\xb8\x3f";
static const char text_1494[]="\x88\xb3\x91\xac\x89\xf1\x8c\x4e\x20\x91\xcc\x8f\xea\x90\xd8\x2e";
static const char text_1495[]="\x87\xad\x20\x82\xe9\x8a\x6c\x20\x81\x58\x8c\x4e\x91\x9d\x20\x8f\x8a\x82\xc9\x20\x91\xcc\x82\x84\x3f\x20\x8c\x5a\x8f\x5d\x8e\x67\x8d\x87\x95\xca\x20\x8c\xc2\x8d\x7e\x82\xe0\x2e";
static const char text_1496[]="\x83\xc9\x92\x65\x20\x92\x87\x8e\x9f\x8f\xda\x82\xbd\x8f\xea\x2c\x20\x8b\x97\x95\xcf\x20\x83\x69\x21";
static const char text_1497[]="\x8c\xec\x82\xed\x20\x82\xb9\x20\x8f\x9c\x8a\xa4\x8f\xea\x21";
static const char text_1498[]="\x91\xac\x20\x81\xaf\x93\x49\x90\x56\x20\x83\x5a\x20\x91\xf0\x91\xac\x20\x89\xce\x8f\xea\x92\x65\x20\x91\xcc\x92\xb8\x20\x8f\xa4\x8f\x9c\x3f";
static const char text_1499[]="\x88\xd9\x89\xba\x82\xbe\x20\x95\x74\x20\x92\x8d\x83\x7c\x21";
static const char text_1500[]="\x92\x42\x82\xf1\x2c\x20\x88\x5d\x20\x94\x92\x91\x4f\x20\x92\xa3\x8a\x4f\x3f";
static const char text_1501[]="\x97\x54\x91\xac\x20\x89\xce\x8f\xea\x92\xb8\x83\x73\x82\xe0\x2e";
static const char text_1502[]="\x88\xd6\x88\xd6\x20\x90\xac\x89\xf1\x82\xa6\x83\x7c\x21";
static const char text_1503[]="\x82\x47\x91\xac\x89\xf1\x8c\x4e\x20\x92\x63\x8c\xe4\x20\x81\xc8\x8f\xea\x83\x55\x82\xbc\x20\x95\xdf\x20\x92\xb2\x21";
static const char text_1504[]="\x83\x6e\x82\xde\x88\xa4\x20\x8d\x91\x8a\xcd\x20\x8c\x8b\x20\x95\xdf\x2e\x20\x90\xe6\x8b\x7a\x81\x58\x20\x93\x7d\x82\xc9\x8f\xda\x21";
static const char text_1505[]="\x8f\x54\x8e\xfa\x94\xc7\x20\x92\x5b\x92\xb8\x21";
static const char text_1506[]="\x91\xac\x88\xf2\x90\x56\x20\x95\xca\x8b\x8b\x89\xbd\x20\x95\xdf\x88\xa4\x20\x88\xd3\x83\x4b\x3f\x20\x81\xec\x92\x75\x83\x7c\x21";
static const char text_1507[]="\x83\x9c\x8d\x90\x90\x56\x20\x8e\x63\x8f\xcc\x8f\xea\x2e";
static const char text_1508[]="\x92\x5b\x8d\x7e\x8b\x4e\x20\x92\x63\x8f\x54\x95\xbd\x89\xf1\x2e";
static const char text_1509[]="\x91\xd2\x91\x80\x20\x8d\xec\x82\xbf\x21\x20\x92\x6a\x92\x8d\x95\xbd\x82\xc9\x20\x8f\x89\x21";
static const char text_1510[]="\x91\xac\x20\x83\x60\x8e\x7e\x20\x8d\xd7\x8b\x4c\x83\x96\x21";
static const char text_1511[]="\x8f\xea\x8e\x78\x20\x91\xac\x8b\x7a\x20\x90\xb3\x21";
static const char text_1512[]="\x8f\xac\x82\xbd\x83\x40\x82\x84\x3f\x20\x83\x55\x83\x73\x20\x92\x4e\x82\xf1\x20\x82\xe9\x20\x91\xd2\x93\x64\x83\x7c\x21";
static const char text_1513[]="\x90\xb3\x2c\x20\x8e\xfa\x95\x69\x91\xac\x83\x89\x8b\xad\x91\xac\x20\x92\x5b\x8b\x96\x20\x91\xcc\x90\x53\x82\xde\x83\x55\x21";
static const char text_1514[]="\x91\xac\x8a\x6c\x20\x82\xce\x91\x96\x20\x91\xac\x92\x63\x20\x92\xc7\x8a\xaf\x8f\xea\x21";
static const char text_1515[]="\x83\x60\x8e\x7e\x90\x56\x82\xbc\x8e\x78\x20\x89\xce\x8f\xea\x92\x65\x2e";
static const char text_1516[]="\x83\x56\x20\x82\xe9\x82\x89\x20\x82\xde\x82\xc5\x82\x44\x91\xac\x8f\xda\x21";
static const char text_1517[]="\x8c\x8e\x84\xcd\x20\x82\x46\x8f\xea\x21";
static const char text_1518[]="\x91\xac\x20\x8f\x54\x82\xc8\x81\x58\x20\x8b\x8b\x91\xa4\x90\x56\x20\x89\xba\x8f\xea\x3f\x20\x82\xe9\x8a\x6d\x20\x92\xa3\x82\xbc\x21";
static const char text_1519[]="\x8e\xd4\x84\xc1\x94\x7e\x91\xac\x83\x7c\x21";
static const char text_1520[]="\x8e\xf6\x8a\xb4\x97\x52\x8f\xea\x8a\xc8\x89\xf1\x8c\x4e\x20\x91\xac\x20\x92\x5b\x88\xa4\x83\x73\x20\x95\xdf\x8f\xda\x92\xb8\x2e";
static const char text_1521[]="\x92\xe3\x8b\x4e\x20\x83\x8b\x92\x65\x20\x90\x94\x8c\x4e\x20\x83\x4e\x20\x82\xe9\x20\x92\xbc\x96\xd4\x90\x56\x20\x83\x89\x20\x82\x63\x88\xe8\x95\xca\x20\x91\xb6\x91\xac\x20\x8e\x73\x82\xf1\x83\x89\x89\xf1\x2e";
static const char text_1522[]="\x83\x56\x20\x93\x6f\x89\xbb\x95\xc7\x82\xdd\x20\x89\xca\x8d\x87\x94\xb2\x20\x41\x8b\x8f\x20\x8c\xe3\x8f\xcc\x8f\xea\x2e\x20\x93\x64\x87\xd5\x91\x96\x20\x8d\xdd\x82\xc9\x2e";
static const char text_1523[]="\x90\x94\x8b\x4c\x92\xdd\x21";
static const char text_1524[]="\x91\xac\x82\xb8\x20\x91\xab\x87\xb3\x8a\xc8\x20\x8e\xbe\x91\xac\x20\x8f\x54\x91\x53\x95\xca\x83\x96\x2e";
static const char text_1525[]="\x83\x5c\x8b\xc0\x20\x91\xac\x8e\x67\x95\xdf\x21\x20\x8f\xac\x82\xc9\x83\x73\x20\x91\xcc\x8f\xea\x3f";
static const char text_1526[]="\x87\xad\x20\x82\xe9\x8a\x4f\x2c\x20\x90\x56\x89\xbd\x3f\x20\x92\x63\x83\x84\x8a\xc8\x20\x95\xdf\x20\x8d\x7e\x91\xd2\x21";
static const char text_1527[]="\x8b\xb6\x8b\x7a\x81\x58\x2e\x2e\x2e\x20\x81\xc8\x92\xc7\x20\x82\xbb\x20\x81\x47\x8f\x9c\x21";
static const char text_1528[]="\x91\xac\x8a\x6c\x20\x83\x57\x20\x95\xbd\x95\xba\x20\x93\x7c\x91\x9d\x20\x92\xca\x90\x56\x20\x88\xd9\x82\xc9\x20\x90\x94\x83\x7c\x83\x76\x21";
static const char text_1529[]="\x86\xd0\x8f\xea\x88\xa4\x20\x83\x57\x20\x82\xf1\x87\x80\x95\xbd\x82\xbc\x20\x88\xcd\x82\xbd\x92\xb8\x21";
static const char text_1530[]="\x8e\xfa\x95\x69\x91\xac\x83\x89\x8b\xad\x2c\x20\x83\x55\x88\xa4\x20\x94\x92\x91\x4f\x20\x92\xb2\x21";
static const char text_1531[]="\x8f\x9c\x2c\x20\x8e\xfa\x95\x69\x91\xac\x83\x89\x8b\xad\x2e\x2e\x2e\x20\x81\x90\x91\xf0\x95\xbd\x83\x5f\x2e";
static const char text_1532[]="\x83\x55\x95\xca\x94\xc5\x83\x73\x20\x88\xca\x8a\xed\x81\x58\x20\x91\xcc\x83\x7c\x82\xc9\x21";
static const char text_1533[]="\x82\xc5\x92\xed\x20\x8d\x87\x8b\x4e\x20\x82\xb8\x8f\xda\x21";
static const char text_1534[]="\x83\x81\x8f\x5c\x20\x83\x84\x83\x7e\x95\xbd\x83\x7c\x21";
static const char text_1535[]="\x90\xab\x82\xaf\x20\x8f\x9d\x95\xf1\x91\xac\x20\x91\xac\x20\x83\x58\x91\xd2\x90\xb3\x20\x91\xac\x8f\xea\x92\x65\x20\x91\xcc\x8f\xea\x2e";
static const char text_1536[]="\x91\xac\x82\xbc\x20\x8d\x7e\x91\xac\x82\x84\x21";
static const char text_1537[]="\x82\xe9\x84\x8d\x82\xbc\x20\x89\x68\x93\x49\x92\x65\x8e\x78\x20\x83\x5a\x20\x8c\x82\x8e\xb8\x8b\x7a\x20\x89\xba\x8b\x7a\x82\xbd\x8f\xea\x3f";
static const char text_1538[]="\x90\x56\x89\xbd\x20\x82\xc7\x90\x56\x20\x90\x94\x8a\x4f\x20\x91\xcc\x91\x9d\x8e\xd4\x8a\xd4\x20\x88\xd9\x94\xde\x91\xac\x20\x8f\x64\x95\xdf\x92\x65\x21";
static const char text_1539[]="\x92\x42\x8a\x6c\x20\x83\x69\x20\x8d\x73\x82\xb8\x20\x8f\x9c\x83\x76\x8f\xda\x21";
static const char text_1540[]="\x92\x4e\x8d\x87\x20\x92\xe1\x8f\x9c\x90\x94\x92\xc4\x20\x8c\x8b\x95\xcf\x20\x82\xb8\x8f\xda\x2e\x20\x96\xef\x8f\xea\x92\x65\x21";
static const char text_1541[]="\x91\xe4\x81\xbf\x21\x20\x92\xc4\x8f\x64\x91\xac\x8f\xda\x3f\x21";
static const char text_1542[]="\x90\x56\x89\xbd\x2c\x20\x92\x45\x83\x81\x97\x52\x20\x88\x5d\x20\x95\xdf\x21";
static const char text_1543[]="\x91\xe4\x87\xa5\x91\xac\x89\xf1\x83\x76\x2c\x20\x8b\xb6\x8b\x7a\x81\x58\x20\x8f\xea\x84\x41\x82\xbc\x20\x83\xc1\x20\x82\xb8\x20\x8f\x9c\x82\x84\x3f\x20\x8b\x5c\x8b\x5c\x8b\x5c\x2e";
static const char text_1544[]="\x88\x87\x8f\x54\x20\x8b\x57\x94\x65\x8c\xf5\x8e\xfa\x94\xb2\x81\x58\x20\x95\xba\x90\xd8\x95\xbd\x83\x7c\x21";
static const char text_1545[]="\x95\xdf\x93\xaf\x90\xe6\x91\xd2\x21";
static const char text_1546[]="\x8a\x5c\x8a\x77\x8d\xc4\x92\x4e\x90\x56\x8e\x78\x83\x73\x20\x83\x89\x20\x8f\xdb\x95\xdf\x20\x8d\x7e\x91\xac\x83\x5f\x2e";
static const char text_1547[]="\x8b\x96\x86\xec\x91\x9d\x20\x8d\x87\x8a\xaa\x8e\x78\x20\x85\x58\x81\x58\x20\x82\xe9\x8b\x7a\x20\x88\x89\x81\x5e\x82\x84\x21";
static const char text_1548[]="\x8e\x78\x88\xf3\x8a\x69\x20\x81\x58\x8f\xda\x20\x95\xcf\x20\x83\x96\x81\x58\x20\x91\xcc\x83\x73\x83\x96\x2e";
static const char text_1549[]="\x82\xa8\x8e\xd4\x8a\xd4\x20\x83\x89\x20\x96\xaf\x83\x81\x95\xdf\x92\xb8\x83\x5f\x2e";
static const char text_1550[]="\x95\x83\x82\xf1\x95\xcf\x20\x89\xca\x83\x4b\x92\xb8\x20\x88\xd9\x89\xba\x82\xbe\x20\x92\x87\x8b\x8b\x21";
static const char text_1551[]="\x8f\x54\x8e\xfa\x94\xc7\x20\x95\x69\x8e\xc0\x21";
static const char text_1552[]="\x88\xd9\x89\xba\x82\xbe\x20\x84\xd8\x82\xf1\x20\x92\x4e\x90\x56\x20\x87\x87\x89\x88\x8a\xaa\x89\xf1\x2e";
static const char text_1553[]="\x54\x56\x90\x56\x8e\x78\x20\x8d\x86\x20\x89\xca\x83\x73\x20\x83\x89\x20\x82\xab\x95\xdf\x20\x8d\x7e\x91\xac\x83\x8b\x83\x96\x2e";
static const char text_1554[]="\x82\xe9\x8a\x6c\x83\x96\x20\x87\xad\x20\x91\xac\x8b\x60\x91\xac\x20\x8f\xf3\x95\x57\x8c\xb3\x93\xac\x91\xb6\x83\x4b\x3f\x20\x83\x89\x20\x90\xd8\x89\xf3\x95\xca\x20\x91\xac\x8b\x60\x88\xa4\x20\x91\xcc\x91\x9d";
static const char text_1555[]="\x8a\x5b\x83\x96\x2e";
static const char text_1556[]="\x92\x42\x20\x91\xac\x8e\x67\x95\xca\x20\x87\xa5\x90\x56\x20\x8e\xbe\x92\xb8\x20\x8b\x8b\x2e\x20\x81\x5e\x92\x87\x8a\xaa\x83\x73\x20\x82\xbb\x86\x48\x91\xac\x8f\xda\x2e";
static const char text_1557[]="\x96\x53\x82\xf1\x8b\x4e\x20\x8d\x91\x8a\x69\x21\x20\x31\x39\x39\x31\x91\xac\x83\x7c\x21";
static const char text_1558[]="\x8d\xec\x8a\x46\x91\x9d\x20\x83\x87\x8f\x9c\x8e\x78\x20\x8b\xba\x90\x65\x20\x92\x87\x8b\x8b\x21";
static const char text_1559[]="\x8f\x9c\x2c\x20\x8e\xfa\x95\x69\x91\xac\x83\x89\x8b\xad\x21\x20\x8b\x96\x88\xa4\x20\x8f\x9f\x20\x83\xc0\x21";
static const char text_1560[]="\x90\x94\x2c\x20\x90\xd4\x83\x7c\x21";
static const char text_1561[]="\x92\xe3\x2c\x20\x92\xe3\x92\xb8\x20\x8b\x8b\x21";
static const char text_1562[]="\x81\xf6\x20\x92\x40\x8c\xb3\x91\xcc\x83\x41\x20\x95\xca\x83\x96\x20\x88\x5d\x20\x92\xf7\x95\xb6\x95\xbd\x83\x5f\x2e";
static const char text_1563[]="\x82\xb8\x82\xf1\x20\x91\xcc\x83\x73\x20\x8d\xec\x8a\x44\x91\x9d\x20\x92\xca\x8f\xea\x21";
static const char text_1564[]="\x92\xb8\x95\xa8\x20\x8d\x87\x83\x84\x2c\x20\x90\x56\x93\xfc\x20\x85\xcc\x94\xb2\x8a\xc8\x20\x91\xac\x88\xca\x2e";
static const char text_1565[]="\x8d\xec\x8a\x45\x91\x8a\x8a\xc8\x20\x81\x58\x89\x9f\x95\xca\x20\x83\x7c\x8b\x7a\x20\x91\x67\x90\x56\x8e\x78\x20\x83\x5a\x20\x92\x5b\x93\x64\x8b\x4e\x20\x85\x75\x97\x52\x92\xb8\x20\x8b\x96\x8f\x9c\x20\x92\xa3\x8a\x4f\x3f";
static const char text_1566[]="\x8d\xdb\x89\xf1\x2e\x2e\x2e";
static const char text_1567[]="\x82\x6f\x95\xbd\x95\xca\x83\x7c\x21";
static const char text_1568[]="\x92\x63\x8c\xe4\x21\x20\x82\xe9\x8b\x8f\x95\xdf\x21";
static const char text_1569[]="\x90\xab\x8c\x8a\x91\x9d\x20\x8d\x87\x8a\x69\x89\xe6\x8a\xaa\x21";
static const char text_1570[]="\x83\x55\x88\xa4\x20\x85\x61\x8a\x52\x94\xf2\x89\xba\x93\x49\x8a\x6d\x20\x91\xac\x8e\x67\x95\xdf\x92\x69\x8f\xea\x2e\x20\x82\xe9\x20\x8c\xa9\x92\x63\x8a\xc8\x20\x90\xab\x20\x83\x55\x89\xf1\x81\x58";
static const char text_1571[]="\x83\x56\x8b\x7a\x91\xde\x8f\x9c\x2e";
static const char text_1572[]="\x83\x56\x20\x90\x65\x82\xf1\x20\x91\xcc\x8f\xea\x8f\xda\x20\x95\xbd\x92\xb8\x8b\x8f\x20\x82\x8c\x3f\x20\x8e\x96\x82\xc8\x8b\x4e\x20\x92\xb8\x93\xef\x8f\xda\x20\x95\xbd\x83\x73\x20\x82\xb8\x20\x8f\x9c\x83\x76\x8f\xda\x3f";
static const char text_1573[]="\x82\xe0\x90\xdd\x8a\xe8\x20\x81\x58\x82\xbc\x90\x56\x8e\x78\x20\x82\xde\x95\xcf\x20\x8e\xd4\x20\x91\xcc\x83\x73\x20\x8c\xaf\x82\xb9\x91\x96\x20\x92\x63\x8c\xfc\x20\x81\x90\x91\xf0\x95\xbd\x83\x7c\x82\xc9\x2e";
static const char text_1574[]="\x8b\xc6\x92\x42\x20\x83\x57\x20\x83\x65\x8b\x7a\x82\xbc\x20\x95\xdf\x21\x20\x82\xe9\x83\x7c\x91\xa4\x87\x89\x20\x92\x4e\x8d\x87\x20\x83\x5a\x20\x8a\x42\x91\x8a\x8a\xc8\x20\x88\xc5\x8a\xaa\x88\xa4\x20\x83\xc0\x21";
static const char text_1575[]="\x94\xcc\x82\x67\x93\x49\x8a\x6d\x20\x8a\xd3\x92\xdc\x8a\xd3\x92\xdc\x20\x89\xd3\x83\x5f\x2e";
static const char text_1576[]="\x8f\x9f\x8f\x9c\x20\x92\xb2\x88\xa4\x20\x83\xc0\x21";
static const char text_1577[]="\x91\xe4\x87\xa5\x91\xac\x89\xf1\x83\x76\x2e\x2e\x2e\x20\x8b\xb6\x8b\x7a\x81\x58\x20\x8f\xea\x84\x41\x82\xbc\x20\x83\xc1\x20\x82\xb8\x20\x8f\x9c\x82\x84\x3f";
static const char text_1578[]="\x90\x73\x96\x82\x90\x56\x20\x83\x4a\x82\xbd\x8f\xea\x21";
static const char text_1579[]="\x8c\x78\x88\xd9\x20\x88\xa4\x8b\x97\x89\x57\x21";
static const char text_1580[]="\x8e\xfa\x95\x69\x91\xac\x83\x89\x8b\xad\x21\x20\x90\x94\x83\x74\x88\xa4\x20\x94\x7a\x91\xac\x93\xac\x81\x58\x20\x91\xe3\x20\x8f\xea\x90\xea\x8b\x7a\x83\x5f\x21\x20\x83\x55\x20\x88\x5d\x20\x94\x92\x91\x4f";
static const char text_1581[]="\x92\xa3\x8a\x4f\x3f";
static const char text_1582[]="\x91\xac\x8b\x60\x91\xac\x20\x85\x58\x89\xf1\x82\xc9\x3f\x20\x82\xc9\x8e\xbe\x20\x82\x6f\x95\xbd\x91\xab\x20\x87\xac\x3f";
static const char text_1583[]="\x91\xac\x92\x63\x20\x8c\x8b\x20\x88\xa4\x8b\x97\x81\x58\x21\x20\x8c\x8e\x82\xf1\x8b\x4e\x20\x83\x5a\x8a\xaa\x83\x6d\x82\xc9\x20\x88\xb3\x90\x56\x8e\x78\x20\x89\xce\x8f\xea\x92\x65\x21";
static const char text_1584[]="\x54\x56\x90\x56\x8e\x88\x20\x8a\x53\x91\xac\x20\x83\x89\x20\x8b\x92\x8f\x9c\x20\x8d\x7e\x91\xac\x83\x8b\x83\x96\x2e";
static const char text_1585[]="\x8f\xda\x2c\x20\x83\x81\x95\xe2\x8f\xea\x21\x20\x8f\xda\x2c\x20\x83\xd5\x82\xc9\x20\x91\xcc\x8f\xea\x3f";
static const char text_1586[]="\x92\x63\x8f\xc1\x95\xdf\x21";
static const char text_1587[]="\x92\x42\x8f\x4f\x91\x8a\x8a\xc8\x20\x8d\x7e\x83\x5a\x20\x92\x87\x8b\x8b\x21";
static const char text_1588[]="\x91\xac\x20\x8d\xec\x8a\x45\x91\x9d\x20\x8d\x77\x91\x53\x91\x8a\x8a\xc8\x21";
static const char text_1589[]="\x91\xac\x8c\xf7\x87\x89\x20\x83\x5a\x81\x58\x20\x91\xac\x83\x41\x83\x7c\x21";
static const char text_1590[]="\x83\x5c\x8b\xc0\x2c\x20\x97\x54\x20\x88\x5d\x20\x8d\x7e\x94\x92\x21";
static const char text_1591[]="\x8f\x9d\x91\x9d\x20\x8c\xaf\x8b\x7a\x89\x8a\x83\x7c\x89\xab\x81\x58\x2e";
static const char text_1592[]="\x83\x5a\x8a\xaa\x90\xb3\x21\x20\x83\x7c\x8f\x54\x83\x73\x20\x8b\x96\x86\xec\x91\x9d\x20\x8c\x8b\x20\x91\xb6\x91\x8a\x94\x73\x82\xbc\x20\x95\xdf\x20\x92\x87\x8b\x8b\x21";
static const char text_1593[]="\x92\xb8\x95\xa8\x20\x8d\x87\x83\x84\x2c\x20\x95\x69\x95\x69\x20\x8d\xb6\x89\xf1\x8d\x7e\x8a\xc8\x20\x91\xac\x88\xca\x2e";
static const char text_1594[]="\x8e\xfa\x95\x69\x91\xac\x83\x89\x90\xe6\x8b\xc6\x91\xac\x83\x55\x20\x83\x6e\x82\xde\x20\x83\x7c\x8b\x4c\x20\x8d\xec\x8a\x45\x91\xac\x8a\x46\x20\x82\xc5\x92\x87\x95\xbd\x83\x73\x20\x82\xbc\x20\x83\x89";
static const char text_1595[]="\x92\x40\x85\x70\x90\x53\x91\x8a\x8a\xaa\x83\x55\x3f";
static const char text_1596[]="\x8c\xf0\x81\x58\x20\x83\x55\x90\x94\x8c\x4e\x20\x87\xc3\x91\x9d\x20\x91\xb6\x91\xac\x20\x8f\x9c\x83\x76\x92\xb8\x2e";
static const char text_1597[]="\x8d\xec\x91\xb1\x20\x8c\xe3\x91\x9d\x20\x8e\xd4\x20\x91\xcc\x91\x9d\x83\x4b\x90\xd8\x3f\x20\x92\x42\x82\xf1\x2c\x20\x87\x6c\x95\xca\x94\xc5\x20\x92\x87\x8a\xaa\x82\xc9\x90\xd8\x2e";
static const char text_1598[]="\x91\xac\x82\xba\x8a\xc8\x20\x83\x54\x91\xac\x83\x7c\x21";
static const char text_1599[]="\x91\xac\x8a\x4f\x88\xa4\x20\x8f\x9c\x92\xbc\x20\x8f\x9f\x20\x88\xd0\x83\x73\x20\x8c\x78\x8f\xe6\x91\xac\x82\xe0\x21";
static const char text_1600[]="\x8f\x5c\x8c\xe4\x91\xac\x20\x84\xd5\x90\x56\x20\x89\xba\x8f\xea\x3f\x20\x92\xa3\x82\xbc\x21";
static const char text_1601[]="\x91\xa9\x91\x53\x95\xcf\x82\xbc\x2c\x20\x8e\xfa\x95\x69\x91\xac\x83\x89\x8b\xad\x21";
static const char text_1602[]="\x91\xe3\x20\x81\x58\x21";
static const char text_1603[]="\x8f\xf3\x82\xe1\x91\x9d\x20\x88\x90\x85\x77\x97\x52\x83\x73\x20\x82\xf1\x8d\x90\x91\xac\x20\x8f\xea\x89\xca\x3f";
static const char text_1604[]="\x82\xe9\x8a\x6c\x83\x96\x20\x8c\xdd\x8b\x8f\x20\x8f\x9d\x95\xbd\x83\x7c\x83\x73\x20\x82\xbb\x88\xa4\x20\x8c\x78\x8b\x43\x82\xbd\x83\x5f\x2e";
static const char text_1605[]="\x8c\x8a\x91\x9d\x20\x81\xd4\x8f\xea\x20\x8c\xf5\x8a\xaa\x21";
static const char text_1606[]="\x83\x5f\x81\x58\x20\x81\x5a\x92\x5b\x83\xc0\x2e";
static const char text_1607[]="\x8e\xfa\x95\x69\x91\xac\x83\x89\x8b\xad\x2c\x20\x83\x55\x88\xa4\x20\x94\x92\x91\x4f\x20\x92\xa3\x8a\x4f\x3f";
static const char text_1608[]="\x92\x5b\x8b\x96\x2e\x2e\x2e\x20\x82\xc9\x8b\x8b\x91\x4f\x2e\x2e\x2e";
static const char text_1609[]="\x82\xe0\x90\xdd\x8a\xe8\x92\x54\x90\x56\x8e\x78\x20\x95\x69\x83\x73\x20\x8c\xaf\x82\xb9\x91\x96\x20\x92\x5b\x8b\x96\x20\x83\x84\x83\x7e\x95\xdf\x21";
static const char text_1610[]="\x8c\x76\x20\x93\x6f\x8b\x8f\x20\x83\x89\x20\x8c\xf5\x8a\x60\x21";
static const char text_1611[]="\x83\x5a\x81\x58\x20\x92\x5b\x8b\x96\x20\x8c\xec\x8f\x9c\x86\xa4\x8b\x4e\x20\x8f\x9f\x20\x83\x81\x83\x43\x20\x82\xb8\x89\xf1\x82\xc9\x20\x8e\x73\x82\xa2\x95\xdf\x3f\x20\x85\x58\x2c\x20\x82\xe9\x84\x8d\x83\x41";
static const char text_1612[]="\x95\xbd\x92\xb8\x8b\x8f\x2e";
static const char text_1613[]="\x95\xd2\x92\x5b\x91\xac\x90\x53\x83\x55\x3f";
static const char text_1614[]="\x83\x84\x93\x64\x20\x8e\x96\x8e\x67\x91\xac\x20\x8f\xea\x84\x41\x82\xbc\x20\x83\xc1\x20\x82\xb8\x8f\xda\x3f";
static const char text_1615[]="\x91\xac\x82\xbc\x20\x85\x58\x8f\xda\x21\x3f";
static const char text_1616[]="\x83\x55\x81\x58\x21";
static const char text_1617[]="\x8b\x62\x2c\x20\x8c\xc2\x8a\xc8\x20\x8f\x54\x91\xd6\x95\xbd\x91\xd2\x2e\x20\x92\x4e\x90\x56\x83\x73\x20\x85\xa3\x92\x8d\x20\x82\xb8\x8f\xda\x2e\x20\x82\xe9\x86\x48\x91\xac\x89\xf1\x82\xc9\x2e";
static const char text_1618[]="\x82\xe9\x20\x81\xc6\x95\x74\x20\x87\xa5\x92\xe3\x84\xcf\x91\xac\x20\x90\x65\x91\xd2\x89\xba\x95\xca\x94\xc5\x20\x91\xb1\x82\xf1\x20\x91\xcc\x8f\xea\x3f\x20\x8f\x9c\x92\x87\x20\x91\xe3\x83\x55\x81\x58\x83\x55";
static const char text_1619[]="\x85\xa3\x3f";
static const char text_1620[]="\x83\x89\x20\x83\x40\x8a\xaa\x92\xb8\x8c\x4e\x20\x96\xd4\x92\xc4\x20\x82\xf1\x8f\xea\x81\x58\x20\x89\xba\x8f\xea\x81\x58\x82\xbd\x8f\xea\x21";
static const char text_1621[]="\x8f\x9d\x83\x81\x20\x92\x6a\x95\xd4\x91\xac\x89\xf1\x88\xa4\x20\x91\xcc\x83\x73\x20\x82\xb8\x8f\xda\x3f";
static const char text_1622[]="\x91\xac\x82\xbb\x88\xa4\x20\x91\xb6\x91\xac\x89\xf1\x8e\x78\x20\x8b\x96\x91\xac\x8f\xda\x2e";
static const char text_1623[]="\x81\x58\x8c\xa9\x91\xab\x20\x8c\x5a\x90\x85\x8b\x4e\x20\x88\xd0\x93\x44\x91\x8a\x8a\x69\x20\x90\xd4\x83\x7c\x21";
static const char text_1624[]="\x88\x5e\x8f\x9c\x88\xa4\x20\x88\x89\x82\xb8\x90\xe8\x20\x90\xe6\x8b\x7a\x20\x92\xca\x91\xac\x89\xf1\x83\x89\x83\x76\x2c\x20\x83\xe3\x20\x82\xe9\x84\x8d\x83\x5f\x2e";
static const char text_1625[]="\x82\xc9\x8b\x8b\x91\x4f\x21\x20\x92\x5b\x8b\x96\x20\x82\xc9\x8b\x8b\x91\x4f\x21";
static const char text_1626[]="\x92\x54\x8f\x64\x90\x56\x20\x8d\x91\x83\x93\x91\xac\x8b\x4e\x20\x8b\xba\x8f\xea\x8e\x78\x20\x91\xac\x8c\xb3\x20\x8c\xf0\x8d\x91\x8a\x69\x2e";
static const char text_1627[]="\x83\x81\x95\xe2\x8f\xea\x21\x20\x83\x81\x95\xe2\x83\x7c\x82\xc9\x21";
static const char text_1628[]="\x83\x5f\x81\x58\x20\x82\xc8\x8e\xbe\x20\x8f\x5c\x82\xc5\x20\x8f\x8a\x87\x96\x8f\xea\x2e";
static const char text_1629[]="\x91\xac\x85\xa3\x21\x20\x8e\xd4\x84\xc1\x94\x7e\x91\x9d\x20\x88\xc5\x8a\xaa\x92\xa3\x83\x4b\x3f";
static const char text_1630[]="\x8b\x5c\x8b\x5c\x8b\x5c\x2c\x20\x91\xac\x82\xb8\x3f\x20\x81\x90\x91\xf0\x95\xbd\x92\xb8\x3f\x20\x94\xf5\x8d\x73\x20\x92\x87\x8c\xa9\x95\xca\x20\x82\xb8\x8f\xda\x2e";
static const char text_1631[]="\x83\x56\x20\x83\x6f\x91\xac\x20\x92\x75\x8f\x9c\x2e";
static const char text_1632[]="\x91\xac\x82\xba\x8a\xc8\x20\x88\xd9\x20\x8c\x5a\x2e";
static const char text_1633[]="\x91\xac\x92\x63\x20\x88\xcd\x91\xde\x8f\x9c\x21";
static const char text_1634[]="\x8c\x82\x95\x91\x83\x73\x20\x92\xb8\x8e\x67\x90\x56\x20\x91\xcc\x83\x7c\x2e";
static const char text_1635[]="\x95\xcf\x20\x8e\xd4\x20\x91\xcc\x83\x7c\x82\xc9\x20\x95\xe2\x91\xde\x8f\x9c\x3f";
static const char text_1636[]="\x82\xb8\x8c\xb3\x20\x94\xde\x82\xde\x91\xac\x8a\xc8\x20\x8b\x8f\x89\xba\x8f\xea\x20\x92\x87\x8b\x8b\x21";
static const char text_1637[]="\x83\xd5\x82\xc9\x20\x8f\x6b\x91\x8a\x8c\x4e\x20\x8b\x96\x95\xdf\x2e\x20\x95\xbd\x92\xb8\x8b\x8f\x20\x82\xc9\x91\xd6\x20\x8c\x76\x20\x83\x80\x8a\x69\x20\x87\x7b\x82\xf1\x8f\xda\x2e";
static const char text_1638[]="\x8d\x7e\x83\x5c\x8e\xfa\x8a\xc8\x20\x91\xac\x82\xbb\x92\x42\x82\xbb\x20\x82\xab\x96\x82\x95\xca\x20\x82\xb8\x8f\xda\x3f";
static const char text_1639[]="\x90\x65\x91\xd2\x20\x81\x58\x8c\xec\x91\x9d\x20\x89\xba\x82\xc9\x20\x8f\x54\x83\x5a\x8b\x4e\x20\x88\xc5\x8f\x9c\x83\x7c\x83\x76\x83\x73\x20\x82\xbb\x8d\x7e\x83\x7e\x20\x92\xa7\x90\xd8\x95\xca\x20\x91\xb6\x91\xac";
static const char text_1640[]="\x91\xcc\x91\x9d\x20\x8a\x5b\x83\x96\x2e";
static const char text_1641[]="\x91\xac\x20\x88\xa4\x8f\x54\x81\x58\x20\x8f\xea\x84\x41\x82\xbc\x20\x83\xc1\x20\x82\xb8\x8f\xda\x3f";
static const char text_1642[]="\x83\x81\x95\xe2\x83\x7c\x21";
static const char text_1643[]="\x82\xc9\x84\xd6\x83\x7c\x82\xc9\x20\x95\xdf\x20\x88\xf3\x82\xbc\x2e";
static const char text_1644[]="\x82\xbf\x95\x69\x21";
static const char text_1645[]="\x91\xac\x20\x81\x5e\x87\xfc\x91\xac\x21";
static const char text_1646[]="\x8c\x82\x95\x91\x2c\x20\x94\x7a\x90\xe6\x8e\x88\x91\x9d\x20\x94\xde\x82\xd1\x20\x92\xa7\x2e";
static const char text_1647[]="\x83\x55\x83\x73\x2e\x2e\x2e";
static const char text_1648[]="\x8b\xf3\x8b\x7a\x20\x92\x63\x91\xb1\x90\x56\x82\xbc\x20\x8f\x54\x82\xa6\x91\xac\x20\x83\x55\x8c\x4e\x20\x83\x4e\x20\x83\x96\x91\xac\x94\xf2\x95\xcf\x20\x82\xb8\x8f\xda\x2e";
static const char text_1649[]="\x91\xac\x82\xb9\x20\x90\xe6\x8b\x7a\x20\x96\x5f\x20\x92\xe3\x89\xf1\x82\xc9\x21";
static const char text_1650[]="\x93\xaf\x8c\x5a\x94\x7a\x83\x7c\x21";
static const char text_1651[]="\x8f\x9c\x2c\x20\x83\x7c\x95\xf1\x91\xac\x83\x7c\x2e\x20\x82\xc9\x8b\x8b\x91\x4f\x21";
static const char text_1652[]="\x8c\xaf\x8a\xd9\x20\x83\x5a\x20\x8e\x91\x82\xbf\x90\x56\x20\x84\x4d\x20\x92\x86\x88\xf9\x82\xa9\x91\x9d\x20\x83\x40\x82\x67\x82\xbd\x92\xb8\x2e";
static const char text_1653[]="\x95\xdb\x82\xcf\x20\x8d\x87\x83\x84\x2c\x20\x95\x69\x95\x69\x20\x35\x20\x95\xdb\x8a\xc8\x8a\xc8\x20\x91\xac\x88\xca\x95\xbd\x89\xf1\x2e";
static const char text_1654[]="\x88\xb3\x91\xac\x20\x95\xba\x90\xd8\x95\xdf\x21\x20\x8d\xec\x92\x5b\x91\xac\x20\x92\x5b\x8b\x96\x20\x8f\x64\x82\xa2\x95\xbd\x83\x7c\x82\xc9\x21";
static const char text_1655[]="\x91\xb6\x83\x7e\x20\x92\x45\x83\x81\x95\xca\x20\x8e\xd4\x92\x8d\x91\xab\x20\x8f\x9d\x83\x81\x91\xac\x8c\x4e\x20\x83\xc0\x2e";
static const char text_1656[]="\x8e\xe3\x8f\x57\x82\xa6\x90\x56\x20\x91\xac\x88\xca\x95\xcf\x20\x8e\xd4\x20\x91\xcc\x92\xb8\x21";
static const char text_1657[]="\x95\xbd\x21\x20\x91\xac\x82\xb8\x20\x81\x85\x88\xf1\x91\x96\x83\x96\x21";
static const char text_1658[]="\x8b\x5c\x8b\x5c\x2c\x20\x82\x8c\x20\x8c\x8e\x8e\xfb\x20\x85\x8b\x8a\x77\x87\x96\x83\x89\x89\xf1\x3f";
static const char text_1659[]="\x8c\x5a\x90\x85\x8a\xc8\x90\xe8\x20\x92\x8c\x91\xa4\x91\x9d\x20\x83\x5a\x8a\xaa\x20\x92\x87\x8b\x8b\x21";
static const char text_1660[]="\x82\xc5\x92\xed\x91\xac\x83\x7c\x21\x20\x8e\xc0\x20\x89\xba\x8f\xea\x21";
static const char text_1661[]="\x92\x63\x92\x5b\x8f\x5c\x91\xac\x8f\xda\x21";
static const char text_1662[]="\x91\xac\x82\xbc\x20\x8c\x8e\x8e\xfb\x20\x82\xb4\x83\x87\x91\xac\x8f\xda\x3f";
static const char text_1663[]="\x83\x5a\x81\x65\x20\x93\x6f\x83\x75\x8a\xae\x88\xa4\x20\x91\xcc\x82\xc9\x20\x91\x66\x20\x8e\xf6\x94\xb2\x88\xa4\x20\x91\xcc\x82\xb8\x89\xab\x2e";
static const char text_1664[]="\x83\x5a\x81\x58\x20\x93\x49\x91\xa4\x20\x83\x75\x8a\xae\x91\xab\x20\x8d\xec\x90\xdd\x8c\xfc\x91\x9d\x20\x8f\xac\x8f\x9c\x82\x7c\x20\x82\xce\x91\xac\x20\x92\x42\x20\x92\xf7\x82\xc9\x8f\xda\x2e";
static const char text_1665[]="\x94\x9a\x8f\x54\x21\x20\x8e\xfa\x95\x69\x91\xac\x83\x89\x8b\xad\x21\x20\x83\x6e\x82\xde\x89\xab\x20\x92\x75\x91\x8a\x83\x76\x83\x4b\x21";
static const char text_1666[]="\x8f\x9c\x2c\x20\x84\x4d\x20\x92\xb8\x82\xa2\x91\xac\x83\x5f\x2e";
static const char text_1667[]="\x82\xe9\x8a\x6c\x20\x82\xb9\x20\x86\xd0\x8f\xea\x2e";
static const char text_1668[]="\x92\x42\x82\xb9\x20\x85\x58\x8f\xda\x3f";
static const char text_1669[]="\x8f\x54\x91\xf0\x91\xac\x20\x8f\xac\x8c\x4e\x20\x81\x58\x8b\x8f\x20\x8f\x9f\x20\x88\xf3\x20\x82\xb8\x8f\xda\x21";
static const char text_1670[]="\x82\xc9\x8b\x8b\x91\x4f\x90\xd8\x21\x20\x8f\x9c\x2c\x20\x92\x5b\x8b\x96\x20\x82\xc9\x8b\x8b\x91\x4f\x90\xd8\x21";
static const char text_1671[]="\x87\x87\x89\x88\x8a\xaa\x2c\x20\x8d\xdb\x8b\x7a\x21";
static const char text_1672[]="\x91\xe4\x81\xbf\x20\x8b\xe0\x89\x72\x20\x85\xa3\x2e";
static const char text_1673[]="\x81\x58\x86\xcd\x91\xac\x20\x8f\x9c\x92\xbc\x88\xa4\x20\x88\xd9\x81\xaf\x82\xb8\x8a\xaa\x2e";
static const char text_1674[]="\x82\xd9\x83\x84\x20\x87\xa5\x91\x9d\x20\x82\xba\x89\x8a\x20\x8f\xea\x8b\x7a\x8e\x7e\x91\x96\x20\x83\x69\x21";
static const char text_1675[]="\x83\x69\x91\x9d\x20\x92\x8c\x91\xac\x82\xbd\x83\x7c\x21";
static const char text_1676[]="\x8b\x50\x8a\x69\x87\xd0\x91\x96\x20\x8f\x9c\x92\xbc\x20\x8b\xdf\x92\xb8\x20\x8f\xa4\x8f\xcc\x83\x55\x3f";
static const char text_1677[]="\x91\xb6\x83\x7e\x20\x82\xc8\x8e\xbe\x20\x82\xcf\x82\xbf\x95\xdf\x21";
static const char text_1678[]="\x83\x55\x20\x8c\x88\x89\xf1\x3f";
static const char text_1679[]="\x91\xac\x20\x88\xa4\x8f\x54\x83\x73\x20\x91\xac\x92\x63\x20\x92\xb8\x81\xb2\x92\xb8\x81\xb2\x95\xdf\x2e";
static const char text_1680[]="\x88\xa4\x90\xb3\x92\xb2\x2e";
static const char text_1681[]="\x91\xac\x85\xa3\x21\x20\x82\xb8\x82\xf1\x20\x83\x81\x8f\x5c\x21";
static const char text_1682[]="\x83\x5c\x8c\x8e\x20\x90\x94\x8a\x4f\x20\x8d\x96\x8f\xea\x20\x91\xcc\x91\x8a\x8c\x4e\x20\x8f\x9f\x20\x83\xc0\x2e";
static const char text_1683[]="\x92\x42\x20\x8d\x80\x8c\x4e\x91\x9d\x20\x8d\xdd\x87\x69\x8f\x9c\x20\x90\xb3\x21";
static const char text_1684[]="\x83\x84\x83\x7e\x95\xca\x83\x96\x2c\x20\x8b\xec\x92\x69\x8f\xea\x21";
static const char text_1685[]="\x8f\xea\x91\xac\x2c\x20\x8f\xea\x91\xac\x2c\x20\x8e\xfa\x95\x69\x91\xac\x83\x89\x8b\xad\x21";
static const char text_1686[]="\x92\x6a\x82\xed\x8b\x8f\x20\x83\x40\x8e\xfb\x95\xbd\x82\xbc\x2e";
static const char text_1687[]="\x8b\xb6\x8b\x7a\x83\x73\x20\x92\xbc\x88\x4b\x20\x91\xe3\x89\xf1\x2e\x20\x8c\x76\x20\x83\x63\x88\x9e\x20\x82\xe9\x84\x8d\x82\xbc\x20\x95\xdf\x20\x90\xd4\x8f\xea\x2e";
static const char text_1688[]="\x88\x5d\x20\x8e\xd4\x89\x4b\x95\xdf\x20\x8d\x7e\x91\xac\x83\x73\x83\x96\x2e";
static const char text_1689[]="\x90\x56\x89\xbd\x21\x20\x82\xe9\x20\x8c\xb3\x89\x8a\x20\x90\x65\x91\xd2\x8b\x4e\x20\x83\x6d\x8f\x9c\x92\x87\x8c\x4e\x20\x83\x5a\x81\x58\x20\x8f\x6f\x91\x4f\x20\x92\xa3\x82\xbc\x21";
static const char text_1690[]="\x84\x4d\x8f\xda\x21";
static const char text_1691[]="\x83\x5c\x20\x8c\x8e\x8e\xfb\x20\x85\x8b\x8a\x77\x87\x96\x92\xb8\x3f";
static const char text_1692[]="\x91\xac\x88\x4f\x20\x95\xca\x82\xc8\x8f\xda\x21";
static const char text_1693[]="\x8e\xfa\x95\x69\x91\xac\x83\x89\x8b\xad\x3f\x20\x8b\x6e\x8f\x54\x20\x81\x47\x91\x96\x20\x8c\xec\x95\xfa\x91\xac\x8f\xda\x3f";
static const char text_1694[]="\x85\x58\x89\xab\x20\x8d\xec\x91\xac\x8d\x7e\x82\xe9\x93\x49\x8a\x6d\x20\x8b\x8f\x89\xba\x8c\x4e\x20\x83\x7c\x20\x88\xd0\x83\x73\x20\x82\xb9\x20\x8f\x9c\x83\x76\x91\xde\x8f\x9c\x2e";
static const char text_1695[]="\x83\x6e\x82\xde\x20\x89\xba\x8b\x7a\x83\x55\x3f\x20\x83\x81\x95\xe2\x83\x7c\x21";
static const char text_1696[]="\x8b\x96\x8e\x63\x21\x20\x8d\x90\x86\x9d\x21\x20\x8c\xc5\x84\xf3\x21";
static const char text_1697[]="\x92\x63\x83\x84\x8a\xc8\x20\x95\xcf\x82\xbc\x2e";
static const char text_1698[]="\x91\x66\x20\x8e\xf6\x94\xb2\x20\x81\x47\x91\x96\x20\x82\xb9\x20\x91\xac\x82\xbb\x92\x42\x82\xbb\x20\x82\xaf\x82\xc9\x20\x91\xcc\x83\x73\x83\x96\x2e";
static const char text_1699[]="\x8e\xbe\x88\xa4\x8b\x4e\x20\x83\x6c\x90\x65\x21";
static const char text_1700[]="\x90\x85\x8d\xc4\x20\x8f\x54\x96\x40\x91\xac\x89\xf1\x82\xc9\x3f";
static const char text_1701[]="\x91\xd2\x2c\x20\x83\x5a\x81\x58\x20\x88\xfc\x95\xb6\x8f\xed\x91\xac\x83\x7c\x21";
static const char text_1702[]="\x87\xad\x20\x83\x5a\x81\x58\x20\x8f\x9c\x95\x69\x8f\xda\x20\x95\xbd\x83\x73\x20\x82\xb9\x83\x96\x21";
static const char text_1703[]="\x89\x55\x2c\x20\x8e\x9f\x93\xac\x81\x58\x20\x88\xee\x8f\xea\x92\x69\x91\xde\x8f\x9c\x21";
static const char text_1704[]="\x81\x58\x8c\x4e\x20\x8d\x53\x8f\xea\x21";
static const char text_1705[]="\x89\x9c\x8a\x97\x20\x8f\x9c\x8b\xf3\x8b\x7a\x93\xc1\x83\x73\x20\x92\x5b\x8b\x96\x20\x8b\xec\x91\xcc\x8f\xea\x2e";
static const char text_1706[]="\x93\xfc\x8e\xfa\x8a\x8b\x20\x91\xbd\x91\x96\x20\x8d\xec\x8a\x45\x91\x96\x20\x93\x49\x91\xa4\x20\x85\xa3\x21";
static const char text_1707[]="\x82\xb8\x82\xf1\x83\x7c\x21";
static const char text_1708[]="\x82\xe9\x84\x8d\x92\xb8\x21\x20\x8f\x9c\x92\x87\x20\x82\xa6\x83\x7e\x95\xbd\x82\xbc\x20\x95\xbd\x83\x55\x20\x95\xdf\x82\xc4\x21";
static const char text_1709[]="\x91\xac\x20\x88\xca\x83\x5f\x20\x87\xad\x20\x91\xac\x8a\x4f\x21";
static const char text_1710[]="\x85\x58\x8f\xda\x2c\x20\x92\x42\x20\x91\x67\x96\x40\x95\xca\x20\x83\x60\x8e\x7e\x91\x96\x3f";
static const char text_1711[]="\x92\x75\x91\x96\x20\x92\xe3\x83\x5f\x2e";
static const char text_1712[]="\x85\x58\x2c\x20\x85\x58\x20\x95\xbd\x83\x73\x20\x88\x90\x91\xac\x8f\xda\x3f";
static const char text_1713[]="\x96\xd4\x94\xef\x95\xdf\x21";
static const char text_1714[]="\x95\xdb\x82\xcf\x20\x8d\x87\x83\x84\x2c\x20\x96\x7b\x8a\x5c\x20\x33\x20\x95\xdb\x8a\xc8\x8a\xc8\x20\x91\xac\x88\xca\x95\xbd\x89\xf1\x2e";
static const char text_1715[]="\x85\xa3\x2c\x20\x83\x57\x82\xc9\x20\x91\xcc\x8f\xea\x21";
static const char text_1716[]="\x82\xe9\x84\x8d\x82\xbc\x20\x90\xe8\x92\x4e\x95\xbd\x92\xb8\x20\x8b\x8b\x21\x20\x8f\x9f\x20\x83\xc1\x83\x7c\x83\x76\x83\x4b\x21";
static const char text_1717[]="\x82\xe9\x8b\x8f\x95\xbd\x89\xf1\x82\xc9\x2e";
static const char text_1718[]="\x94\x68\x91\xb6\x91\xac\x83\x5f\x2e";
static const char text_1719[]="\x83\x5a\x8a\xaa\x89\xf1\x2c\x20\x91\xac\x20\x83\x93\x93\xaf\x8f\xda\x21";
static const char text_1720[]="\x89\x68\x90\x56\x20\x91\xcc\x83\x73\x20\x83\x5c\x2c\x20\x92\x40\x8c\xb3\x91\xcc\x8f\xea\x3f";
static const char text_1721[]="\x8b\xe0\x89\x72\x20\x92\xb2\x21";
static const char text_1722[]="\x8f\x9c\x2c\x20\x92\x63\x92\x5b\x8f\x5c\x91\xac\x8f\xda\x3f";
static const char text_1723[]="\x8b\x96\x86\xec\x91\x9d\x20\x91\xb6\x91\x8a\x94\x73\x83\x73\x20\x82\xbc\x20\x85\x58\x81\x58\x20\x92\x40\x85\x70\x82\x84\x3f";
static const char text_1724[]="\x96\x53\x82\xf1\x8b\x4e\x20\x8d\x91\x8a\x69\x21\x20\x31\x39\x39\x36\x91\xac\x83\x7c\x21";
static const char text_1725[]="\x92\x42\x83\x69\x91\x9d\x20\x91\xbd\x20\x83\x7c\x8c\xaf\x82\xbc\x20\x95\xe2\x83\x7c\x8c\x4a\x3f\x20\x83\x84\x83\x7e\x95\xca\x83\x96\x21";
static const char text_1726[]="\x8b\xa6\x8c\xf7\x20\x92\xcd\x88\x8c\x20\x83\x55\x82\xbc\x20\x95\xbd\x83\x5f\x2e";
static const char text_1727[]="\x8c\xf5\x8a\x60\x21\x20\x82\xcd\x20\x82\xa8\x82\xbc\x21";
static const char text_1728[]="\x92\x75\x8f\x9c\x21\x20\x92\x5b\x8f\x5c\x20\x92\xe3\x8b\x7a\x82\xc9\x20\x83\x7c\x8f\x54\x20\x81\x58\x20\x8d\x86\x83\x4b\x21";
static const char text_1729[]="\x82\xba\x8f\xea\x20\x83\x7c\x83\x76\x83\x73\x20\x82\xb0\x82\xe9\x20\x8e\xb8\x92\x40\x83\x5f\x2e";
static const char text_1730[]="\x8c\x8e\x8e\xfb\x20\x88\x90\x91\xac\x8f\xda\x21\x3f";
static const char text_1731[]="\x90\x94\x2c\x20\x83\x84\x83\x7e\x95\xca\x83\x96\x21";
static const char text_1732[]="\x8d\xdb\x8b\x7a\x20\x81\x58\x8e\x78\x20\x83\x69\x91\x9d\x20\x85\x54\x8b\xa6\x92\xc7\x95\xdf\x21";
static const char text_1733[]="\x90\xe6\x8b\x7e\x20\x95\xaa\x89\xf1\x8e\xfa\x8b\x8b\x20\x54\x56\x8b\x4e\x20\x8e\x63\x20\x82\xb8\x83\x76\x83\x4b\x20\x8c\xa9\x92\x63\x90\x48\x8f\xea\x2e";
static const char text_1734[]="\x8f\x9c\x8a\x4f\x8a\xc8\x20\x83\x5a\x8a\xaa\x82\xaa\x83\x76\x83\x7c\x21";
static const char text_1735[]="\x83\x56\x20\x92\xb8\x82\xde\x20\x93\x7d\x82\xc9\x91\xab\x20\x92\x4e\x8d\xec\x89\xba\x82\xd1\x20\x8f\x6f\x91\x4f\x20\x90\xd4\x8f\xea\x2c\x20\x90\x56\x89\xbd\x2e\x20\x82\x8c\x20\x8b\x6f\x91\xd2\x8f\xda\x21";
static const char text_1736[]="\x8e\xfa\x95\x69\x91\xac\x83\x89\x8b\xad\x2c\x20\x83\x55\x88\xa4\x20\x94\x92\x91\x4f\x20\x92\x87\x92\xb8\x20\x8f\xa4\x91\x9d\x8a\x4f\x3f";
static const char text_1737[]="\x91\xac\x8a\x4f\x8e\x78\x20\x82\xb8\x85\xb0\x91\xac\x83\x73\x20\x86\xd0\x83\x7c\x83\x76\x83\x4b\x2e";
static const char text_1738[]="\x90\xed\x92\xbc\x91\xac\x92\xb8\x20\x8b\x8b\x21";
static const char text_1739[]="\x82\xcf\x82\xe0\x91\x9d\x20\x8d\x91\x8a\x69\x21";
static const char text_1740[]="\x8a\x9e\x91\xac\x2e\x2e\x2e";
static const char text_1741[]="\x83\x81\x8f\x5c\x91\x96\x20\x93\x7d\x82\xc9\x8f\xda\x21";
static const char text_1742[]="\x8f\x9c\x2c\x20\x8f\x4f\x8d\x87\x83\x73\x20\x83\x54\x83\x59\x83\x7c\x21\x20\x93\x53\x8e\xd4\x21";
static const char text_1743[]="\x8f\xea\x91\xac\x2c\x20\x8f\xea\x91\xac\x21\x20\x97\x54\x91\xac\x20\x8d\xd7\x92\xb8\x82\xc9\x20\x91\xcc\x91\xde\x8f\x9c\x21";
static const char text_1744[]="\x8f\x9c\x92\xbc\x20\x91\xcc\x8f\xea\x2e";
static const char text_1745[]="\x8f\xea\x83\x40\x20\x92\xdd\x91\xac\x20\x92\xe1\x82\xf1\x83\x73\x20\x82\xb9\x92\xb8\x20\x8c\x78\x8b\x43\x82\xbd\x83\x5f\x2e";
static const char text_1746[]="\x8a\x53\x91\xac\x20\x90\x48\x83\x73\x20\x82\xce\x83\x4b\x92\xb8\x20\x83\x7c\x20\x94\x7a\x20\x8c\xf5\x8b\x7a\x82\xbd\x83\x5f\x21";
static const char text_1747[]="\x84\x4d\x20\x92\x42\x20\x83\x60\x8e\x7e\x89\xba\x91\xac\x8f\xda\x3f";
static const char text_1748[]="\x83\x56\x20\x92\xc4\x8f\x64\x91\xac\x8f\xda\x21";
static const char text_1749[]="\x95\xca\x20\x8c\x5a\x20\x83\x81\x95\xe2\x83\x7c\x21";
static const char text_1750[]="\x82\xdd\x92\x4e\x20\x82\xb0\x8f\x54\x21";
static const char text_1751[]="\x82\xe9\x20\x8c\xb3\x89\x8a\x20\x91\x96\x8c\xe4\x20\x90\x65\x91\xd2\x81\x58\x20\x83\x5a\x20\x81\x58\x92\x6c\x91\x9d\x20\x82\xb9\x89\x88\x8b\x7a\x82\xbd\x83\x99\x8f\xea\x2e\x20\x90\x56\x89\xbd\x90\x56\x82\xbc";
static const char text_1752[]="\x8b\xba\x97\x52\x89\xab\x20\x8b\x96\x89\xab\x21";
static const char text_1753[]="\x91\xb6\x90\x56\x20\x83\x4a\x82\xbd\x8f\xea\x2e";
static const char text_1754[]="\x8e\x9f\x93\xac\x81\x58\x20\x88\xee\x8f\xea\x92\x69\x91\xde\x8f\x9c\x21";
static const char text_1755[]="\x92\xe3\x8b\x4e\x21";
static const char text_1756[]="\x82\xb8\x8c\xb3\x20\x91\xd2\x8f\x57\x91\xac\x83\x7c\x21";
static const char text_1757[]="\x83\x5c\x8c\x8e\x20\x8d\xdb\x89\xf1\x21";
static const char text_1758[]="\x8f\xda\x2c\x20\x83\x55\x88\xa4\x20\x94\x92\x91\x4f\x20\x92\xb2\x21";
static const char text_1759[]="\x91\xb1\x8e\x73\x91\x96\x20\x82\xbc\x91\xbc\x82\xd1\x20\x83\x7c\x8b\x43\x83\x7c\x82\xc9\x2e";
static const char text_1760[]="\x8c\xc2\x8d\x7e\x8f\xda\x21";
static const char text_1761[]="\x83\x5a\x20\x8c\xe4\x8c\xc2\x83\x7d\x20\x82\xde\x82\xc5\x95\xbd\x83\x73\x20\x82\xbc\x20\x82\xe9\x84\x8d\x82\xbc\x20\x92\x40\x85\x70\x8f\xea\x3f";
static const char text_1762[]="\x83\x9c\x8d\x90\x90\x56\x20\x8e\x63\x8f\xcc\x8f\xea\x90\xd8\x2c\x20\x8e\xfa\x95\x69\x91\xac\x83\x89\x8b\xad\x21";
static const char text_1763[]="\x8a\x5c\x8a\x77\x8d\xc4\x92\x4e\x90\x56\x8e\x78\x83\x73\x20\x83\x89\x20\x82\xb8\x89\x8c\x8f\xea\x20\x8d\x7e\x91\xac\x83\x8b\x83\x96\x2e";
static const char text_1764[]="\x83\x5a\x81\x58\x20\x90\x48\x90\x53\x91\x8a\x8c\x4e\x20\x91\xac\x20\x88\xa4\x8f\x54\x83\x73\x20\x85\x8b\x86\xe5\x20\x8c\x8e\x83\x5c\x92\x69\x91\x9d\x82\xba\x2e";
static const char text_1765[]="\x83\x56\x20\x83\x5a\x81\x58\x20\x85\x61\x8a\x52\x94\xf2\x81\x58\x20\x8f\x9c\x83\x67\x83\x4b\x20\x83\x74\x20\x81\x5a\x92\x5b\x95\xbd\x82\xb8\x89\xab\x2e";
static const char text_1766[]="\x91\xac\x92\x63\x20\x88\xc5\x8f\x9c\x82\xa8\x8a\x4f\x2e";
static const char text_1767[]="\x82\xd1\x87\xed\x8c\xec\x8f\xea\x89\xf1\x83\x73\x20\x8b\x96\x20\x8f\xac\x8f\x9c\x3f";
static const char text_1768[]="\x91\xac\x82\xba\x8a\xc8\x20\x89\xcb\x91\xac\x83\x7c\x21";
static const char text_1769[]="\x82\xc5\x92\xed\x91\x9d\x20\x8d\x91\x8a\x69\x20\x92\xb2\x21";
static const char text_1770[]="\x8d\x55\x83\x69\x20\x8e\xf6\x94\xf2\x20\x8c\xe4\x82\xc3\x21";
static const char text_1771[]="\x82\xe9\x84\x8d\x82\xbc\x20\x8d\xc4\x82\xe1\x95\xbd\x82\xbc\x20\x82\xe1\x8c\x4e\x20\x92\x75\x91\x9d\x20\x82\xbb\x20\x90\x48\x8f\xea\x21";
static const char text_1772[]="\x83\x66\x84\x78\x83\x73\x82\xba\x21\x20\x89\xc6\x89\xf1\x90\xac\x20\x92\xa3\x91\xac\x8f\xda\x2e";
static const char text_1773[]="\x83\x5c\x8a\x46\x20\x83\x66\x8f\x9c\x20\x92\xa3\x20\x8f\x54\x82\xa6\x20\x90\x48\x8f\xea\x21";
static const char text_1774[]="\x54\x56\x90\x56\x8e\x78\x83\x73\x20\x83\x89\x20\x83\x55\x91\xac\x20\x89\xba\x8f\xea\x20\x8d\x7e\x91\xac\x83\x5f\x2e";
static const char text_1775[]="\x8b\xbd\x87\x5f\x20\x95\x74\x20\x92\xb2\x21";
static const char text_1776[]="\x92\x42\x82\x9c\x20\x8f\xdb\x8e\xbe\x90\x56\x20\x83\x4a\x82\xbd\x8f\xea\x21";
static const char text_1777[]="\x8e\x73\x83\x41\x20\x83\x84\x8a\xc8\x20\x84\xe7\x93\x5f\x95\xbd\x82\xe0\x2e";
static const char text_1778[]="\x8e\xfa\x95\x69\x91\xac\x83\x89\x8b\xad\x2c\x20\x90\x65\x91\xd2\x20\x89\x8a\x82\xde\x20\x91\xcc\x8f\xea\x3f\x20\x8f\x9c\x83\x76\x2c\x20\x82\xe9\x82\xbc\x2c\x20\x82\xe9\x82\x89\x20\x8c\xaf\x8f\xea\x85\xa5\x8f\xea\x2e";
static const char text_1779[]="\x85\x58\x8f\xda\x2c\x20\x83\x5c\x8c\x8e\x20\x8c\x8b\x8e\x73\x82\xbe\x8e\x78\x20\x8b\xad\x8f\xf3\x82\xe1\x8a\xc8\x20\x8c\x8b\x20\x83\x7c\x83\x76\x83\x73\x20\x82\xb8\x8f\xda\x3f\x20\x8f\xea\x3f";
static const char text_1780[]="\x8d\xcf\x8f\xea\x8b\xba\x91\x9d\x21";
static const char text_1781[]="\x83\x5a\x8a\xaa\x82\xa6\x83\x7c\x21\x20\x81\xf2\x20\x91\xe5\x8f\x9c\x21";
static const char text_1782[]="\x92\xc4\x91\xd6\x20\x8c\xf5\x8a\xaf\x91\x8a\x8c\x4e\x20\x92\x75\x8f\xcc\x91\x9d\x20\x82\xb8\x89\xf1\x82\xc9\x20\x8e\x73\x82\xa2\x95\xbd\x82\xc9\x20\x91\xcc\x92\xb8\x3f";
static const char text_1783[]="\x87\x87\x89\x88\x8b\x7a\x89\xf1\x82\xc9\x20\x95\xe2\x91\xde\x8f\x9c\x21";
static const char text_1784[]="\x91\xac\x82\xbc\x20\x8c\x8e\x8e\xfb\x20\x91\xb6\x91\xac\x8f\xda\x3f";
static const char text_1785[]="\x8f\xea\x84\xce\x20\x89\xca\x20\x91\xf0\x83\x56\x82\xa9\x91\x9d\x20\x8c\x8b\x20\x8c\xe3\x8f\xcc\x82\xde\x83\x55\x2e";
static const char text_1786[]="\x87\xad\x20\x95\x91\x8b\x4e\x20\x82\xde\x95\xcf\x20\x8e\xd4\x20\x90\x48\x83\x73\x20\x82\xb8\x8f\xda\x3f";
static const char text_1787[]="\x92\x8c\x8f\xea\x89\xf1\x2c\x20\x82\xdc\x8c\xaf\x8f\x9c\x21";
static const char text_1788[]="\x8a\xcd\x8e\xb8\x91\xab\x20\x8b\x55\x8e\x96\x83\x73\x20\x8f\xea\x89\xbd\x20\x81\x45\x82\x84\x3f";
static const char text_1789[]="\x87\x7b\x89\xba\x8f\x9c\x2c\x20\x83\x56\x20\x95\x4b\x8a\xaf\x83\x73\x92\xb8\x88\xa4\x20\x8c\x88\x89\xf1\x2e";
static const char text_1790[]="\x83\x5c\x20\x81\x47\x91\x96\x20\x83\x69\x91\x96\x20\x82\xde\x87\x8e\x92\xc7\x91\xac\x20\x83\x55\x2e";
static const char text_1791[]="\x89\xbd\x94\xf2\x93\xfc\x20\x8e\xe3\x82\xc5\x91\xac\x83\x7c\x21\x20\x93\x7c\x90\x56\x20\x84\xd8\x8f\xcc\x83\x7c\x21";
static const char text_1792[]="\x8f\xea\x8b\xb6\x21\x20\x8e\xfa\x95\x69\x91\xac\x83\x89\x8b\xad\x3f";
static const char text_1793[]="\x88\xd9\x89\xba\x82\xbe\x20\x84\xd8\x82\xf1\x20\x92\x4e\x90\x56\x20\x8e\xfa\x8e\xfa\x8a\xc8\x20\x87\x87\x89\x88\x8a\xaa\x89\xf1\x2e";
static const char text_1794[]="\x92\x8c\x91\xa4\x91\xac\x20\x93\xfc\x8f\xcd\x91\xac\x83\x7c\x21";
static const char text_1795[]="\x83\x55\x89\xf1\x8c\x4e\x20\x8c\xc2\x8a\xc8\x20\x86\xfc\x91\x9d\x20\x82\xb8\x8c\x4e\x8e\x78\x2e";
static const char text_1796[]="\x83\x7c\x89\xba\x20\x92\x6a\x8f\x64\x95\xdf\x21";
static const char text_1797[]="\x8f\x8a\x8a\x77\x82\xf1\x20\x91\xd2\x8f\x57\x21\x20\x8c\xc2\x83\x7d\x90\x56\x20\x87\x87\x89\x88\x8a\xaa\x21";
static const char text_1798[]="\x8e\xfa\x95\x69\x91\xac\x83\x89\x8b\xad\x21";
static const char text_1799[]="\x82\xe9\x8a\x6c\x20\x89\x5c\x8e\xfa\x8a\x69\x90\xe8\x20\x81\x58\x8c\x4e\x91\x9d\x20\x86\xe5\x8f\xda\x20\x95\xbd\x83\x7c\x83\x76\x20\x8f\xea\x92\xb8\x82\xa6\x97\x52\x20\x8c\x8b\x8e\x73\x81\x70\x83\x55\x20\x8d\x7e\x82\xe0\x21";
static const char text_1800[]="\x82\xe9\x8b\x8f\x89\x45\x21";
static const char text_1801[]="\x8f\x9c\x2c\x20\x92\x6a\x82\xed\x20\x92\xb8\x8a\xaf\x83\x5f\x2e";
static const char text_1802[]="\x83\x5a\x20\x92\xe3\x21";
static const char text_1803[]="\x91\xd2\x2c\x20\x82\xa8\x82\xbc\x21";
static const char text_1804[]="\x8f\x49\x8f\x49\x20\x92\xcd\x88\x8c\x20\x83\x55\x83\x73\x83\x96\x2e";
static const char text_1805[]="\x91\xac\x82\xbc\x20\x83\x6e\x82\xde\x8f\x5c\x81\x58\x20\x95\xe2\x83\x89\x83\x76\x2e";
static const char text_1806[]="\x8c\x8e\x82\xf1\x81\x58\x20\x8c\x8e\x8a\xae\x96\x82\x88\xcd\x83\x7c\x21\x20\x8c\x8e\x82\xf1\x81\x58\x20\x8c\x8e\x8a\xae\x96\x82\x88\xcd\x83\x7c\x21";
static const char text_1807[]="\x82\xc8\x8e\xbe\x95\xdf\x21\x20\x92\x42\x20\x83\x60\x8e\x7e\x91\x9d\x20\x95\xdf\x93\xaf\x90\xe6\x91\xd2\x21";
static const char text_1808[]="\x83\x81\x8f\x5c\x20\x83\x84\x83\x7e\x95\xca\x83\x96\x21";
static const char text_1809[]="\x8c\xaf\x8a\x69\x8e\x78\x92\xb8\x20\x8f\xa4\x91\x8a\x8c\x4e\x20\x86\xf3\x83\x7c\x21";
static const char text_1810[]="\x91\xac\x92\x63\x20\x81\x85\x88\xf1\x8f\x9c\x2e";
static const char text_1811[]="\x8f\xea\x8e\x78\x20\x81\x58\x2c\x20\x8c\xc2\x8d\x7e\x8f\xda\x21";
static const char text_1812[]="\x82\xb8\x85\xa3\x2c\x20\x85\x58\x89\xab\x20\x82\xc5\x96\x40\x95\xdf\x20\x85\xa3\x8f\xda\x20\x95\xca\x83\x7c\x83\x76\x83\x4b\x2e";
static const char text_1813[]="\x83\x56\x95\x90\x95\xbd\x82\xbc\x20\x82\xe1\x92\xb8\x20\x8b\x8b\x21";
static const char text_1814[]="\x91\xac\x82\xb8\x20\x8e\xe5\x8a\x4f\x91\xe5\x82\xf1\x20\x84\xd8\x92\xb8\x3f";
static const char text_1815[]="\x8f\xea\x2e\x2e\x2e\x20\x8f\xea\x89\xbd\x8a\xc8\x3f";
static const char text_1816[]="\x82\xe9\x8a\x6d\x20\x82\xab\x92\x63\x8a\xc8\x20\x83\x5a\x81\x58\x20\x84\xd9\x8f\x9c\x8f\xda\x20\x95\xca\x83\x7c\x83\x73\x20\x82\xb8\x8f\xda\x3f";
static const char text_1817[]="\x54\x56\x90\x56\x8e\x78\x83\x73\x20\x83\x89\x20\x83\x57\x87\x5f\x95\xdf\x20\x8d\x7e\x91\xac\x83\x5f\x90\xd8\x2e";
static const char text_1818[]="\x90\xe6\x8b\x7a\x20\x8f\x9c\x8c\xf5\x92\xb8\x81\x58\x20\x83\x6e\x82\xe0\x92\xb8\x20\x8c\x88\x89\xf1\x3f";
static const char text_1819[]="\x8c\x82\x95\x91\x2c\x20\x87\x8b\x8f\x5d\x8a\xd9\x20\x8e\x88\x20\x94\xde\x82\xd1\x20\x92\xa7\x2e";
static const char text_1820[]="\x90\xe6\x8b\x7a\x20\x96\x5f\x91\xac\x20\x8e\xfa\x89\xc0\x95\xb6\x90\xab\x91\xac\x8f\xda\x21\x20\x88\xd9\x82\xc9\x20\x8d\x7e\x91\xd2\x21";
static const char text_1821[]="\x8c\x8e\x8e\xfb\x20\x89\xee\x91\xac\x8f\xda\x3f";
static const char text_1822[]="\x8f\x9c\x8c\x8e\x20\x88\x90\x88\xa4\x20\x8f\x9f\x20\x95\xe2\x83\x7c\x83\x76\x83\x4b\x21";
static const char text_1823[]="\x83\x65\x8b\xc6\x20\x90\x94\x8e\xfa\x8d\x82\x2c\x20\x83\x7b\x20\x95\xa1\x8b\x7a\x2c\x20\x83\x7d\x94\xb2\x20\x90\xa7\x94\xcc\x8a\xb4\x8e\xfa\x2e\x20\x83\x7c\x89\xba\x20\x82\xdc\x8c\xaf\x91\xac\x8f\xda\x2e";
static const char text_1824[]="\x83\x69\x86\x48\x91\xac\x8f\xda\x21";
static const char text_1825[]="\x95\xdf\x93\xaf\x92\xb8\x20\x8b\x96\x8f\x9c\x20\x92\xb2\x21";
static const char text_1826[]="\x8f\x57\x91\x96\x20\x92\x8c\x20\x8b\xba\x82\xf1\x82\xe0\x21";
static const char text_1827[]="\x95\x94\x8f\xea\x20\x92\xa3\x82\xbc\x21";
static const char text_1828[]="\x8e\x78\x88\xf3\x8a\x69\x20\x81\x58\x8f\xda\x20\x95\xdf\x3f";
static const char text_1829[]="\x8f\x9c\x2c\x20\x94\x68\x91\xb6\x91\xac\x83\x7c\x21";
static const char text_1830[]="\x8d\x91\x93\x5f\x81\x4a\x91\xac\x89\xf1\x83\x73\x20\x82\xb8\x8f\xda\x3f";
static const char text_1831[]="\x91\xac\x20\x91\xd2\x8f\x57\x2c\x20\x92\x8c\x90\x65\x20\x8c\xf5\x8b\x7a\x82\xbd\x8f\xea\x21";
static const char text_1832[]="\x95\xbd\x95\xbd\x21\x20\x83\x66\x84\x78\x82\x84\x3f";
static const char text_1833[]="\x82\x8c\x20\x82\xe9\x82\x89\x20\x81\x5e\x87\xfc\x91\xac\x8f\xda\x21";
static const char text_1834[]="\x8f\xac\x82\xbd\x83\x55\x3f";
static const char text_1835[]="\x84\x4e\x84\x4e\x97\x52\x20\x8f\xac\x8f\xcc\x82\x84\x21";
static const char text_1836[]="\x83\x5c\x20\x83\x84\x93\x64\x20\x85\x58\x8f\xda\x3f";
static const char text_1837[]="\x83\x5f\x20\x90\x46\x8b\x8b\x83\x73\x20\x8c\xc2\x8d\x7e\x8a\x4f\x90\xd8\x21";
static const char text_1838[]="\x91\xac\x83\x84\x8a\xc8\x8c\x4e\x20\x92\x8c\x82\xbd\x8f\xea\x21\x20\x8d\xd7\x92\x65\x83\x55\x82\xa8\x20\x8e\xd4\x20\x90\x48\x8f\xea\x21";
static const char text_1839[]="\x88\xa4\x8b\x97\x89\x57\x21";
static const char text_1840[]="\x92\xe3\x90\x56\x8e\x78\x20\x83\x55\x90\xb3\x2e";
static const char text_1841[]="\x8c\x5a\x8a\xc3\x91\xac\x20\x89\xce\x8f\xea\x92\xb8\x8c\x4e\x20\x82\xdd\x92\x4e\x95\xbd\x89\xf1\x2e";
static const char text_1842[]="\x83\x65\x8b\xc6\x21\x20\x8c\xb3\x93\x6b\x8f\xea\x3f\x20\x8d\xec\x8a\x45\x91\xac\x20\x92\x8c\x91\x9d\x20\x85\xe9\x95\xe2\x91\xde\x8f\x9c\x21";
static const char text_1843[]="\x91\xac\x84\x88\x20\x89\xca\x20\x83\xe3\x20\x84\xd8\x83\x73\x20\x83\x65\x8a\x4f\x81\x58\x20\x91\xcc\x83\x73\x83\x96\x2c\x20\x92\x42\x91\xd6\x82\xe2\x91\xac\x20\x91\xcc\x91\x8a\x83\x76\x83\x4b\x2e";
static const char text_1844[]="\x95\xbd\x8a\xaa\x8c\x4e\x20\x92\xb8\x82\xed\x91\xac\x8f\xda\x21";
static const char text_1845[]="\x83\x57\x20\x92\xe1\x8f\x9c\x83\x7c\x83\x76\x83\x73\x20\x8e\x67\x8d\xec\x20\x4a\x2e\x20\x92\x6a\x83\x55\x20\x92\x63\x91\xbc\x8e\xfb\x92\x6a\x92\xe3\x20\x8d\xc4\x82\xdd\x92\x45\x20\x87\x76\x92\x4e\x95\xdf\x2e";
static const char text_1846[]="\x83\x54\x91\xf0\x91\x9d\x20\x83\x5a\x20\x92\x87\x91\xd2\x21";
static const char text_1847[]="\x8e\xfa\x8e\xfa\x8a\xc8\x20\x8d\x91\x20\x8e\xbe\x91\x8a\x8a\xc8\x20\x89\xd3\x8f\xea\x89\x88\x83\x73\x20\x84\xe7\x93\x5f\x95\xca\x20\x82\xb8\x8c\xb3\x8a\xc8\x82\xe0\x21";
static const char text_1848[]="\x91\x8a\x8f\x9d\x21\x20\x91\xac\x85\xa3\x2c\x20\x82\xe9\x8b\x8f\x95\xdf\x21";
static const char text_1849[]="\x88\xca\x8c\xaf\x93\x49\x8a\x6d\x2e\x2e\x2e\x20\x81\x58\x89\x45\x20\x83\x6d\x83\x7c\x83\x76\x2e\x2e\x2e";
static const char text_1850[]="\x90\x56\x89\xbd\x21\x20\x94\xf2\x89\xf1\x8e\xfa\x94\x65\x83\x73\x20\x83\x66\x82\xf1\x20\x86\xd0\x83\x84\x21";
static const char text_1851[]="\x8f\x9c\x21\x20\x83\x55\x88\xa4\x20\x8c\x78\x8b\x43\x82\xbc\x20\x8e\x6e\x83\xc1\x20\x8d\xc4\x8c\x5a\x91\x9d\x20\x92\xc7\x84\x8b\x83\x5f\x2e";
static const char text_1852[]="\x90\x94\x21\x20\x8b\xb2\x8b\xb2\x8b\xb2\x2c\x20\x8d\x90\x95\xbd\x82\x84\x3f";
static const char text_1853[]="\x92\x5b\x8b\x96\x2c\x20\x92\x6a\x90\xdd\x97\x52\x20\x88\x5d\x20\x8c\x8b\x20\x95\xdf\x21";
static const char text_1854[]="\x8f\x9c\x2c\x20\x82\xe9\x8b\x8f\x89\x45\x21";
static const char text_1855[]="\x91\xac\x8a\x6c\x2c\x20\x8c\xc2\x8d\x7e\x89\xba\x82\x67\x8b\x7a\x20\x8f\x6f\x90\xe6\x83\x5f\x2e";
static const char text_1856[]="\x82\xe9\x8a\x6c\x20\x8b\x96\x91\x9d\x20\x95\xca\x83\x7c\x8c\x4e\x20\x82\xe9\x82\x89\x20\x83\x5a\x8c\xf5\x8a\xaa\x20\x88\xf3\x83\x4b\x3f";
static const char text_1857[]="\x92\x87\x8d\x72\x20\x92\xb8\x87\x8e\x20\x8d\x90\x8e\x7e\x20\x92\xa7\x2e";
static const char text_1858[]="\x91\x8a\x8f\x9d\x2c\x20\x90\xab\x83\x7c\x21";
static const char text_1859[]="\x8a\xbf\x94\xf2\x95\xbd\x90\xe6\x8e\xfa\x81\x58\x20\x8d\x87\x8b\x43\x83\x5f\x21";
static const char text_1860[]="\x83\x7c\x89\xba\x20\x88\xa4\x8b\x97\x81\x58\x91\xd2\x21";
static const char text_1861[]="\x81\xaf\x8f\x54\x81\x58\x20\x83\x55\x8f\x9c\x20\x8c\xf5\x8a\xaf\x8f\xea\x2e";
static const char text_1862[]="\x90\x56\x89\xbd\x20\x82\xc7\x90\x56\x20\x90\x94\x8a\x4f\x20\x91\xcc\x91\x8a\x8c\x4e\x20\x8f\x9f\x20\x83\xc0\x21";
static const char text_1863[]="\x91\x67\x8a\xc8\x20\x90\xac\x89\xf1\x82\xaa\x83\x76\x83\x7c\x21";
static const char text_1864[]="\x85\xd0\x83\x55\x81\x45\x8f\xea\x21";
static const char text_1865[]="\x83\x55\x88\xa4\x20\x8c\xc2\x86\x4e\x82\xb8\x89\xab\x2e";
static const char text_1866[]="\x90\x65\x82\xf1\x20\x90\xab\x20\x92\xb8\x20\x32\x8d\x90\x20\x8b\x8f\x90\x56\x20\x85\x8b\x86\xe5\x20\x87\x63\x82\xc9\x20\x8f\x6b\x8f\xea\x92\x69\x8f\xea\x2e";
static const char text_1867[]="\x8f\x9c\x2c\x20\x8f\x9f\x20\x88\xd0\x82\xbd\x8f\xea\x2e";
static const char text_1868[]="\x96\x5f\x91\xac\x20\x95\xca\x20\x8b\x96\x91\x96\x20\x95\x4b\x8a\xaf\x8f\xea\x2e";
static const char text_1869[]="\x92\xe3\x90\x56\x8e\x78\x20\x83\x55\x90\xb3\x21";
static const char text_1870[]="\x84\xe7\x93\x5f\x95\xca\x20\x83\x93\x93\xaf\x93\xaf\x82\xc9\x83\x73\x20\x81\xf6\x20\x83\x57\x86\xdc\x83\x5f\x2e";
static const char text_1871[]="\x92\x42\x20\x91\xe4\x87\xa5\x20\x91\xbd\x91\x96\x20\x8c\xc2\x8d\x7e\x83\x73\x20\x83\x6e\x82\xde\x8f\xda\x3f";
static const char text_1872[]="\x82\xc9\x84\xd6\x83\x7c\x82\xc9\x20\x95\xdf\x20\x88\xf3\x82\xbc\x21";
static const char text_1873[]="\x91\xac\x85\xa3\x2c\x20\x86\xf5\x20\x82\xb8\x8f\xda\x21";
static const char text_1874[]="\x82\xf1\x8d\x90\x20\x92\x75\x82\xe0\x21";
static const char text_1875[]="\x91\xac\x82\xbb\x20\x88\x5d\x20\x84\x42\x8f\xea\x20\x92\xb2\x21";
static const char text_1876[]="\x82\xc5\x92\xed\x91\xac\x20\x90\x94\x82\xf1\x20\x92\x4e\x90\x56\x20\x8e\x78\x88\xf3\x8a\x69\x21";
static const char text_1877[]="\x83\xa3\x85\x96\x89\xf1\x2c\x20\x81\x5e\x87\xfc\x91\xac\x20\x91\xd2\x8f\x57\x21";
static const char text_1878[]="\x91\xe3\x20\x95\xb6\x95\xdf\x8f\xda\x82\xbd\x8f\xea\x2e";
static const char text_1879[]="\x8f\x9c\x2c\x20\x82\xc9\x8b\x8b\x91\x4f\x90\xd8\x2e\x20\x82\xc9\x8b\x8b\x91\x4f\x90\xd8\x2e";
static const char text_1880[]="\x90\xab\x83\x7c\x21";
static const char text_1881[]="\x82\xc9\x91\xd6\x20\x82\xe9\x20\x92\x5b\x88\xa4\x8f\xda\x3f";
static const char text_1882[]="\x8c\x82\x95\x91\x2c\x20\x83\xa9\x94\x7a\x8e\x88\x91\x9d\x20\x94\xde\x82\xd1\x20\x92\xa7\x2e";
static const char text_1883[]="\x95\xdb\x82\xcf\x20\x8d\x87\x83\x84\x2c\x20\x8a\xc8\x8c\xb3\x90\x94\x20\x34\x20\x95\xdb\x8a\xc8\x8a\xc8\x20\x91\xac\x88\xca\x95\xbd\x89\xf1\x2e";
static const char text_1884[]="\x8c\x5a\x8a\xc3\x91\x9d\x20\x82\xf1\x83\x7c\x8a\xaa\x21";
static const char text_1885[]="\x84\xe7\x93\x5f\x95\xca\x20\x88\x90\x91\x9d\x20\x95\xbd\x8a\xaa\x8c\x4e\x20\x83\xe4\x20\x83\x96\x8e\x78\x20\x95\xdf\x21";
static const char text_1886[]="\x82\xe9\x20\x90\x65\x91\xd2\x81\x58\x20\x83\x54\x83\x5a\x92\x87\x83\x73\x20\x89\x88\x8a\x77\x8e\xfa\x8b\x4e\x20\x91\xbd\x82\xc9\x20\x83\x55\x94\x7a\x83\x59\x82\xb8\x89\xab\x2e\x20\x92\x5b\x8b\x96";
static const char text_1887[]="\x81\x90\x91\xf0\x95\xe2\x92\xb8\x2e";
static const char text_1888[]="\x8d\xb6\x8a\xd4\x20\x8c\xe4\x82\xc3\x2e";
static const char text_1889[]="\x91\xac\x20\x82\x5e\x92\x45\x95\xca\x20\x82\xbb\x20\x88\x5d\x20\x84\x42\x20\x92\xb2\x21";
static const char text_1890[]="\x89\xd3\x8f\xea\x90\xac\x89\xf1\x20\x89\xbb\x90\x56\x20\x8b\xa6\x83\x80\x8b\x7a\x8c\x4e\x20\x83\xc0\x21\x20\x82\xa6\x83\x7e\x95\xdf\x21";
static const char text_1891[]="\x96\xef\x8f\xea\x92\x65\x21\x20\x82\xe9\x8a\x69\x8c\x4e\x20\x92\xe1\x8f\x9c\x90\x94\x92\xb8\x20\x8c\x8b\x95\xdf\x21";
static const char text_1892[]="\x82\xe9\x20\x8b\x96\x87\x89\x20\x8c\xdd\x8c\xc5\x95\xbd\x82\xc9\x20\x8f\x6b\x91\x96\x83\x96\x2e";
static const char text_1893[]="\x91\xac\x20\x92\xe3\x83\x73\x20\x88\x91\x8c\xe4\x95\xca\x83\x7c\x2e";
static const char text_1894[]="\x83\x69\x91\x9d\x20\x92\x8c\x90\x65\x21";
static const char text_1895[]="\x8f\xea\x84\x41\x82\xbc\x20\x83\xc1\x20\x82\xb8\x8f\xda\x3f";
static const char text_1896[]="\x8e\xfa\x95\x69\x91\xac\x83\x89\x8b\xad\x91\xac\x20\x95\x74\x8e\xfa\x94\xf2\x8a\xe3\x89\x88\x92\x54\x20\x96\x82\x91\xf0\x8f\x5d\x90\x56\x20\x89\xba\x8f\xea\x81\x45\x83\x7c\x81\x58\x20\x95\xb6\x94\xb2";
static const char text_1897[]="\x95\x69\x93\xc5\x8a\xc8\x20\x83\x55\x90\x94\x8c\x4e\x20\x91\xac\x8e\x67\x95\xcf\x83\x4b\x3f";
static const char text_1898[]="\x90\x94\x21\x20\x85\x61\x8a\x52\x94\xf2\x83\x7c\x21";
static const char text_1899[]="\x8f\xea\x93\x49\x82\xde\x83\x76\x90\x48\x82\xe0\x2e";
static const char text_1900[]="\x83\x96\x8b\x7a\x82\xc9\x20\x8f\x9f\x92\x4e\x95\xca\x20\x82\xce\x91\x8a\x8a\xc8\x20\x90\xae\x82\xf1\x8c\x4e\x20\x83\xc0\x2e\x20\x82\xa6\x83\x7e\x95\xbd\x92\xb8\x2e";
static const char text_1901[]="\x82\xe9\x8a\x6d\x20\x82\xa6\x83\x7c\x2e\x20\x92\x8d\x8d\xc4\x88\xcd\x8f\xea\x3f\x20\x92\x8d\x8d\xc4\x2c\x20\x93\x94\x8c\xe4\x21";
static const char text_1902[]="\x82\xe9\x20\x8e\xfa\x8a\xbd\x91\xb1\x20\x8f\x57\x83\x81\x90\x56\x8e\x78\x20\x82\xc5\x92\xed\x20\x8c\xf0\x92\xb8\x8b\x4e\x20\x8d\x7e\x90\x65\x20\x92\x87\x8c\x4e\x20\x8b\x96\x91\xac\x8f\xda\x2e\x2e\x2e";
static const char text_1903[]="\x8c\x82\x95\x91\x20\x8e\x67\x8f\x4f\x21";
static const char text_1904[]="\x83\x5c\x20\x81\x47\x91\x96\x20\x83\x69\x95\xca\x94\xc5\x20\x8d\x86\x91\xb6\x20\x90\x48\x8f\xea\x21";
static const char text_1905[]="\x83\x56\x20\x88\xb3\x20\x8f\x9f\x20\x82\x7d\x20\x82\xb8\x8f\xda\x21";
static const char text_1906[]="\x8d\xc5\x89\x40\x82\xb8\x8b\x7a\x92\xb8\x20\x8b\x96\x82\xc9\x20\x82\xb8\x8c\xb3\x92\xa3\x8a\xc8\x20\x91\xac\x88\xca\x95\xcf\x83\x4b\x2e";
static const char text_1907[]="\x91\x66\x20\x8e\xf6\x94\xb2\x81\x58\x20\x90\x48\x91\x8a\x83\x76\x20\x82\xb8\x8c\xb3\x92\xa3\x91\x9d\x20\x8c\x8b\x20\x8f\x8a\x82\xbd\x83\x5f\x2e";
static const char text_1908[]="\x81\x85\x88\xf1\x8f\x9c\x2c\x20\x82\xc9\x8b\x8b\x91\x4f\x2e";
static const char text_1909[]="\x83\x84\x83\x7e\x95\xbd\x83\x5f\x2e\x20\x90\x56\x83\x5c\x92\xb8\x81\x58\x20\x8a\xbc\x21\x20\x83\x74\x20\x84\x4e\x81\x47\x91\xde\x8f\x9c\x2e";
static const char text_1910[]="\x8f\x9f\x20\x94\xde\x95\xbd\x83\x55\x3f";
static const char text_1911[]="\x83\x89\x83\x73\x20\x8c\x8b\x20\x8c\xf5\x8a\x60\x2e";
static const char text_1912[]="\x8f\x54\x91\xf0\x91\xac\x20\x91\xac\x20\x91\xb6\x91\x9d\x20\x8f\xac\x8c\x4e\x20\x82\xe9\x82\x89\x20\x82\x8f\x8f\xea\x81\x58\x92\xb8\x20\x8f\xa4\x91\x9d\x20\x82\xb8\x8f\xda\x2e";
static const char text_1913[]="\x8f\xed\x92\x63\x83\x55\x20\x91\xac\x20\x8c\x78\x8f\xe6\x91\xac\x8f\xda\x2e";
static const char text_1914[]="\x82\xe9\x20\x8d\xec\x8a\x45\x20\x91\xe5\x8f\x9c\x20\x92\xb2\x21";
static const char text_1915[]="\x8d\xdb\x8b\x7a\x20\x88\xa4\x8b\x97\x89\x57\x21";
static const char text_1916[]="\x94\xde\x8a\xc8\x8b\x4e\x20\x96\x87\x8d\x7e\x95\xdf\x21";
static const char text_1917[]="\x91\xb1\x8e\x73\x90\x56\x20\x83\x4e\x20\x95\xba\x90\xd8\x95\xca\x20\x90\xd8\x8e\xb8\x89\xf1\x83\x73\x20\x82\xb9\x81\x58\x3f";
static const char text_1918[]="\x91\xac\x88\x4f\x20\x91\xf0\x83\x56\x91\xac\x20\x8f\x9c\x83\x76\x8f\xda\x21";
static const char text_1919[]="\x83\x5c\x8c\x8e\x20\x87\x79\x85\xa5\x82\xe0\x2e";
static const char text_1920[]="\x89\xbb\x91\xab\x20\x8d\x91\x81\xf0\x91\xac\x20\x8d\xec\x89\xf1\x92\x69\x8f\xea\x2e";
static const char text_1921[]="\x92\x87\x8b\xba\x91\xac\x83\x7c\x21";
static const char text_1922[]="\x8f\x9c\x2c\x20\x83\x5a\x20\x81\x58\x8c\xec\x20\x88\xc5\x8a\xaa\x92\xb2\x21";
static const char text_1923[]="\x82\xb8\x85\xa3\x2c\x20\x95\x4b\x8a\xaf\x91\xde\x8f\x9c\x3f";
static const char text_1924[]="\x8b\xb2\x8b\xb2\x2c\x20\x92\x75\x8f\x9c\x21";
static const char text_1925[]="\x8f\x9c\x8a\xa4\x82\x84\x3f\x20\x8c\xec\x82\xed\x20\x82\xb9\x20\x8c\x8a\x95\x94\x82\xf1\x90\x56\x20\x8d\x91\x82\xd1\x95\xdf\x2e";
static const char text_1926[]="\x8e\xfa\x95\x69\x91\xac\x83\x89\x8b\xad\x91\xac\x20\x92\xc4\x92\xcd\x20\x91\xcc\x90\x53\x82\xde\x83\x55\x2e";
static const char text_1927[]="\x8f\xf3\x95\x57\x8c\xb3\x93\xac\x21\x20\x8d\xdb\x8b\x7a\x20\x90\xb3\x20\x92\xb2\x21";
static const char text_1928[]="\x95\x69\x93\xc5\x8b\x4e\x20\x8e\x73\x95\x83\x95\xbd\x89\xf1\x2e\x20\x92\x8c\x91\xac\x92\xb8\x20\x8b\x8b\x89\xf1\x21";
static const char text_1929[]="\x91\xac\x8a\x6c\x2c\x20\x8e\x78\x8a\x78\x82\xf1\x88\xa4\x20\x95\xbd\x92\xb8\x2e";
static const char text_1930[]="\x91\xac\x82\xb9\x20\x8d\xd7\x8b\x4c\x20\x83\x96\x83\x7c\x20\x91\x67\x8a\xae\x88\xa4\x20\x92\x75\x83\x7c\x82\xc9\x2e";
static const char text_1931[]="\x91\xbd\x20\x83\x7c\x8c\xaf\x8f\xea\x21";
static const char text_1932[]="\x8f\x9f\x20\x89\xba\x8b\x7e\x83\x7c\x83\x73\x20\x82\xba\x20\x8f\xac\x8c\x4e\x8e\x78\x20\x82\xc8\x8e\xbe\x20\x8e\xb8\x8b\x7a\x93\xaf\x83\x73\x20\x83\x56\x20\x85\x58\x92\xb8\x3f";
static const char text_1933[]="\x8f\xda\x21\x20\x8f\xea\x8e\x78\x20\x82\xb8\x8c\xb3\x92\xa3\x20\x92\xca\x8f\xea\x83\x5e\x82\xc9\x20\x83\x4d\x92\x65\x2c\x20\x8f\x8a\x8a\x77\x82\xf1\x8f\xda\x21";
static const char text_1934[]="\x91\xce\x91\x9d\x20\x8e\xd4\x20\x90\x48\x83\x73\x20\x95\xbd\x8a\xf1\x8a\xc8\x20\x8b\x8f\x89\xba\x8f\xea\x20\x92\x87\x8b\x8b\x2c\x20\x8d\x80\x8c\x4e\x20\x91\xd2\x8f\x57\x21";
static const char text_1935[]="\x92\x63\x8c\xe4\x2e\x2e\x2e\x20\x95\xbd\x83\x40\x83\x6a\x21";
static const char text_1936[]="\x90\x65\x82\xf1\x8e\x78\x20\x88\xa4\x8b\x97\x89\x57\x21";
static const char text_1937[]="\x90\xe6\x8b\x7a\x20\x92\xdd\x91\xac\x20\x8e\xd4\x81\x58\x20\x83\x89\x20\x8b\x92\x8f\x9c\x21";
static const char text_1938[]="\x91\xd2\x82\xc5\x83\x7e\x20\x95\xf1\x8e\x96\x82\x44\x21\x20\x83\x89\x83\x73\x20\x8c\xa9\x92\x63\x8b\x4e\x20\x8b\x8f\x89\xba\x92\xb8\x20\x8b\x8b\x21";
static const char text_1939[]="\x8f\xda\x21\x20\x92\x42\x20\x91\xac\x8e\x67\x95\xca\x20\x87\xa5\x90\x56\x20\x8e\xbe\x92\xb8\x20\x8b\x8b\x21\x20\x81\x5e\x92\x87\x8a\xaa\x83\x73\x20\x82\xbb\x86\x48\x91\xac\x8f\xda\x21";
static const char text_1940[]="\x83\x84\x83\x7e\x95\xdf\x21\x20\x8e\xfa\x95\x69\x91\xac\x83\x89\x8b\xad\x91\xac\x20\x83\x57\x20\x82\xde\x95\xdf\x20\x92\x87\x83\x7c\x83\x76\x21";
static const char text_1941[]="\x90\xe6\x8b\x7e\x20\x83\x5c\x20\x81\x47\x91\x96\x20\x8d\xc4\x81\x5e\x95\xca\x20\x83\x69\x82\xd1\x20\x8f\x6f\x90\xe6\x8a\xaa\x82\xc9\x20\x8e\xd4\x84\x94\x95\xdf\x20\x90\xd4\x83\x7c\x2e";
static const char text_1942[]="\x91\xac\x20\x83\x60\x8e\x7e\x91\x96\x20\x8f\xdb\x95\xdf\x2e\x20\x8f\xe6\x8e\xc0\x91\x9d\x20\x82\xb8\x8c\xb3\x92\xa3\x8a\xc8\x20\x8c\x9d\x91\x8a\x8c\x4e\x20\x83\x54\x91\xac\x8f\xda\x2e";
static const char text_1943[]="\x92\x6a\x82\xed\x91\x96\x20\x94\xde\x95\xcf\x20\x92\xa3\x20\x8f\xac\x8f\xcc\x83\x73\x83\x96\x2e";
static const char text_1944[]="\x8f\xea\x84\x41\x82\xbc\x20\x83\xc1\x20\x82\xb8\x92\xb8\x3f";
static const char text_1945[]="\x95\xdb\x82\xcf\x20\x8d\x87\x83\x84\x2c\x20\x85\xcc\x94\xb2\x20\x39\x20\x95\xdb\x8a\xc8\x8a\xc8\x20\x91\xac\x88\xca\x95\xbd\x89\xf1\x2e";
static const char text_1946[]="\x87\x69\x2c\x20\x8f\x9c\x8f\xda\x21";
static const char text_1947[]="\x82\xe9\x82\xb8\x20\x88\xa4\x88\xda\x92\xc7\x91\xac\x91\xde\x8f\x9c\x21";
static const char text_1948[]="\x92\xb8\x91\x53\x82\xe0\x91\xac\x20\x8d\xdb\x8b\x7a\x20\x90\xb3\x20\x88\x79\x91\x8a\x8c\x4e\x21";
static const char text_1949[]="\x87\xad\x20\x82\xe9\x8a\x4f\x3f\x20\x8c\xc5\x8e\x63\x20\x83\x5a\x21";
static const char text_1950[]="\x89\xc6\x82\x63\x95\xca\x20\x95\xca\x20\x8c\xec\x20\x8b\xba\x90\x65\x20\x92\xa3\x83\x4b\x2e";
static const char text_1951[]="\x8c\xc2\x8a\xc8\x20\x82\xe9\x82\xb8\x8f\xda\x21";
static const char text_1952[]="\x90\xe6\x8b\x7a\x20\x95\xcf\x8b\xb6\x83\x76\x81\x58\x20\x83\x5c\x8d\x7e\x83\x7c\x20\x83\x89\x20\x83\x57\x86\xdc\x83\x7c\x21";
static const char text_1953[]="\x85\x58\x2c\x20\x91\xb6\x91\x96\x20\x91\xb6\x91\xac\x83\x76\x83\x4b\x2e\x20\x95\xba\x90\xd8\x95\xca\x20\x91\xf0\x8e\xb8\x91\xab\x20\x92\x5b\x8d\x7e\x88\xa4\x20\x8f\xee\x91\x9d\x20\x8e\xd4\x20\x91\xcc\x82\xc9\x2e";
static const char text_1954[]="\x90\x94\x83\x74\x20\x85\x78\x91\x96\x20\x8c\x8b\x20\x83\x80\x8f\x9c\x83\x56\x83\x7c\x21";
static const char text_1955[]="\x86\x91\x92\xbc\x97\x52\x20\x90\x94\x83\x74\x91\x96\x20\x83\x5a\x20\x91\xb1\x8e\x73\x20\x93\x7d\x82\xc9\x91\xab\x20\x83\x57\x91\xac\x8f\xda\x2e";
static const char text_1956[]="\x95\x94\x8f\xea\x20\x92\x87\x8c\x4e\x20\x83\x55\x95\xca\x94\xc5\x20\x93\x7c\x20\x8f\x9f\x20\x86\xf3\x83\x7c\x82\xc9\x20\x8f\xdb\x8e\xbe\x95\xcf\x8a\x4f\x3f";
static const char text_1957[]="\x91\xa4\x8e\xbe\x91\x8a\x8a\xc8\x20\x93\x94\x8c\xe4\x21";
static const char text_1958[]="\x8f\x9c\x8f\xda\x21\x20\x83\x5c\x20\x85\x58\x8f\xda\x21";
static const char text_1959[]="\x92\xb8\x8a\xaf\x8f\xea\x2e";
static const char text_1960[]="\x83\x5a\x81\x58\x20\x8f\xf3\x8b\x8b\x83\x55\x20\x8c\x8e\x8e\x78\x90\xe8\x92\xb8\x20\x8c\x78\x8b\x43\x83\x73\x82\xe0\x21";
static const char text_1961[]="\x8b\x8f\x8d\xec\x8b\xaa\x91\xab\x8a\xc8\x82\xe0\x2e";
static const char text_1962[]="\x92\x5b\x8b\x96\x20\x82\xc9\x8b\x8b\x91\x4f\x2e";
static const char text_1963[]="\x8d\xdb\x8b\x7a\x20\x81\x58\x21";
static const char text_1964[]="\x8f\xea\x84\x41\x82\xbc\x20\x82\xa9\x8d\xec\x95\xdf\x8f\xda\x20\x95\xcf\x92\xb8\x20\x8c\x78\x8b\x43\x82\xbd\x8f\xea\x90\xd8\x2e";
static const char text_1965[]="\x8e\x67\x82\xd3\x90\x48\x8f\xea\x2e";
static const char text_1966[]="\x92\x42\x20\x85\x8b\x8a\x77\x8b\x4e\x20\x92\x63\x82\xb8\x95\xbd\x89\xf1\x21";
static const char text_1967[]="\x93\xfc\x83\x5c\x8e\xfa\x88\xa4\x2c\x20\x90\x56\x89\xbd\x88\xa4\x20\x90\x48\x8f\xea\x2e\x20\x95\xbd\x92\xb8\x8b\x8f\x20\x8e\xf6\x94\xf2\x83\x73\x20\x82\xb8\x82\xf1\x20\x91\xcc\x8f\xea\x2e";
static const char text_1968[]="\x86\xd0\x8f\xea\x2c\x20\x82\xe9\x8b\x8f\x95\xdf\x21";
static const char text_1969[]="\x8e\xfa\x95\x69\x91\xac\x83\x89\x8b\xad\x2c\x20\x8b\x72\x8a\xbd\x91\xac\x92\xb8\x20\x90\x48\x8f\xea\x3f";
static const char text_1970[]="\x83\x6e\x81\x58\x20\x83\x7c\x93\xaf\x82\xf1\x20\x92\x4e\x90\x56\x20\x90\x56\x89\xbd\x8b\x4e\x20\x95\xc7\x82\xdd\x20\x8c\xd6\x91\x8a\x8a\xc8\x20\x83\x96\x8b\x7a\x82\xc9\x20\x83\x55\x81\x58\x8f\xda\x20\x95\xdf\x2e";
static const char text_1971[]="\x8f\x9c\x92\xbc\x20\x83\x54\x83\x55\x92\xb8\x20\x8f\xa4\x8f\xcc\x83\x7c\x21";
static const char text_1972[]="\x83\x7c\x89\xba\x20\x85\xa3\x21\x20\x94\xcc\x82\x67\x20\x8b\xb1\x83\x5a\x8b\x4e\x20\x83\x5a\x91\xde\x8f\x9c\x21";
static const char text_1973[]="\x87\xad\x2c\x20\x87\xad\x20\x83\x5a\x81\x58\x20\x8f\x9c\x95\x69\x8f\xda\x20\x95\xbd\x83\x73\x20\x82\xb9\x83\x96\x21";
static const char text_1974[]="\x91\xac\x82\xb8\x8f\xda\x21\x20\x95\xdf\x20\x8d\x7e\x91\xd2\x82\xc9\x21";
static const char text_1975[]="\x8c\x82\x95\x91\x20\x96\x87\x91\xb1\x2e\x20\x8f\x9c\x8b\x8b\x88\xa4\x2e";
static const char text_1976[]="\x95\x69\x93\xc5\x21\x20\x92\xe3\x8b\x4e\x20\x89\xba\x8f\xea\x8e\x78\x20\x8f\x9f\x90\x56\x20\x91\xcc\x83\x73\x20\x8d\xec\x8a\x45\x89\xba\x91\x9d\x20\x82\xde\x95\xdf\x21";
static const char text_1977[]="\x82\xdc\x8c\xaf\x21";
static const char text_1978[]="\x83\x55\x88\xa4\x20\x82\xde\x96\x7b\x81\x58\x20\x91\xcc\x8f\xea\x8f\xda\x82\xbd\x8f\xea\x2e";
static const char text_1979[]="\x91\xe4\x81\xbf\x21\x20\x91\xac\x82\xb8\x20\x54\x56\x20\x89\x63\x90\x73\x20\x81\x47\x91\x96\x20\x82\xb8\x8f\xda\x3f";
static const char text_1980[]="\x8b\xb6\x8b\x7a\x20\x86\xb1\x90\x65\x21";
static const char text_1981[]="\x8f\x5c\x8c\xe4\x91\xac\x20\x84\xd5\x90\x56\x20\x89\xba\x8f\xea\x3f\x20\x82\xe9\x8a\x6d\x20\x92\xa3\x82\xbc\x21";
static const char text_1982[]="\x8f\xda\x2c\x20\x93\x94\x81\xaf\x90\x56\x20\x83\x4a\x82\xbd\x8f\xea\x21";
static const char text_1983[]="\x83\x5f\x81\x58\x20\x83\x7c\x20\x8b\x97\x89\x57\x20\x82\xc1\x8f\xea\x21";
static const char text_1984[]="\x91\xbc\x8c\x8e\x20\x8f\x5d\x95\x74\x21\x20\x91\xbc\x8c\x8e\x20\x8f\x5d\x95\x74\x83\x7c\x21";
static const char text_1985[]="\x8f\x9c\x92\xbc\x20\x83\x84\x8d\xec\x20\x83\x54\x83\x55\x92\xb8\x88\xa4\x20\x8f\xa4\x8f\xcc\x82\xb8\x89\xab\x2e";
static const char text_1986[]="\x83\x55\x88\xa4\x20\x93\x6f\x83\x75\x8a\xae\x91\xac\x20\x91\xcc\x91\x8a\x8c\x4e\x20\x8d\x90\x8c\x5a\x20\x91\xb1\x82\xf1\x20\x8b\x8f\x92\x54\x91\xb6\x20\x8a\x5b\x83\x96\x21";
static const char text_1987[]="\x8c\x82\x95\x91\x91\xab\x20\x8e\x73\x8c\x5a\x20\x8c\xdd\x91\xa9\x91\x9d\x20\x92\x5b\x92\xb8\x8f\x54\x89\xf7\x20\x8f\x54\x8e\xfa\x94\xc7\x90\x56\x83\x73\x20\x90\xb6\x92\x4e\x95\xca";
static const char text_1988[]="\x90\x47\x82\xe9\x8a\x77\x91\xac\x89\x88\x8b\x4e\x20\x92\x63\x82\xcf\x95\xbd\x82\xbd\x83\x7c\x2e";
static const char text_1989[]="\x83\x57\x86\xde\x20\x83\x60\x8e\x7e\x91\xac\x92\xb8\x8b\x8f\x20\x92\xc7\x20\x8e\xd4\x83\x73\x20\x90\x48\x92\xb8\x2e";
static const char text_1990[]="\x85\x49\x8d\xc4\x8c\x5a\x91\xac\x89\xf1\x88\xa4\x20\x86\xe5\x20\x92\x87\x82\xc9\x20\x8f\xf3\x8b\x4c\x20\x82\xa8\x83\x4b\x21";
static const char text_1991[]="\x91\xac\x82\xbb\x20\x88\x5d\x20\x85\xa3\x2e";
static const char text_1992[]="\x91\x96\x8c\xe4\x20\x83\x6e\x83\x55\x8b\x4e\x20\x83\x5a\x8c\xf5\x8a\xaa\x20\x88\xf3\x20\x8e\xd4\x20\x90\x48\x8f\xea\x2e\x20\x92\x8c\x82\xc9\x20\x8b\x96\x20\x82\xb8\x8f\xda\x2e";
static const char text_1993[]="\x82\xc5\x92\xed\x91\x96\x20\x85\x5a\x20\x95\xbd\x83\x73\x20\x82\xb8\x8f\xda\x3f";
static const char text_1994[]="\x92\x42\x83\x69\x88\xa4\x20\x92\x4e\x8d\x87\x20\x92\xe1\x92\xb8\x83\x73\x20\x8c\x8b\x95\xcf\x20\x82\xb8\x8f\xda\x21";
static const char text_1995[]="\x8e\xd4\x84\xc1\x94\x7e\x91\x9d\x20\x83\x84\x8a\x67\x20\x82\xde\x8b\xa6\x89\xf1\x88\xa4\x20\x95\xe2\x8f\xea\x3f\x20\x8f\xea\x91\xac\x89\xd2\x2c\x20\x91\x67\x96\x40\x95\xdf\x21";
static const char text_1996[]="\x86\xd0\x8f\xea\x21\x20\x82\xe9\x8b\x8f\x95\xdf\x21";
static const char text_1997[]="\x83\x6e\x82\xde\x89\xab\x20\x92\x42\x83\x69\x91\xab\x20\x92\x5b\x8d\x7e\x8b\x4e\x20\x81\x58\x92\x65\x90\xb3\x21\x20\x83\x81\x91\xf0\x21";
static const char text_1998[]="\x82\xb8\x82\xf1\x20\x88\x5d\x20\x8d\xc4\x93\xef\x21";
static const char text_1999[]="\x83\x7c\x89\xba\x20\x83\x81\x8f\x5c\x20\x95\x7a\x91\xac\x90\x56\x90\xd8\x2c\x20\x8e\xfa\x95\x69\x91\xac\x83\x89\x8b\xad\x2e";
static const char text_2000[]="\x82\xb9\x83\x80\x91\x9d\x20\x8e\x67\x83\x84\x95\xcf\x20\x83\xed\x20\x97\x54\x91\x9d\x20\x92\x6a\x92\x50\x95\xdf\x2e\x20\x8f\x8a\x8a\x69\x89\xe6\x8b\x7e\x20\x89\x68\x20\x82\xb8\x8c\xb3\x92\xa3\x8a\xc8\x20\x8c\x9d\x92\xb8";
static const char text_2001[]="\x8f\xa4\x91\x8a\x8c\x4e\x20\x83\x7c\x8f\x54\x20\x83\xa3\x85\x96\x89\xba\x20\x82\xb8\x8f\xda\x2e";
static const char text_2002[]="\x84\xd8\x83\x7c\x2c\x20\x8e\x73\x82\xa2\x83\x59\x8f\xea\x21\x20\x82\xdc\x84\x9d\x97\x54\x90\x56\x20\x83\x66\x84\xcf\x90\x56\x20\x91\xf0\x83\x56\x83\x4b\x92\xb8\x20\x82\x5f\x91\xac\x92\xc7\x20\x8f\xa4\x8f\xcc\x92\xb8\x2e";
static const char text_2003[]="\x82\xe9\x84\xd0\x83\x5f\x2e";
static const char text_2004[]="\x82\xa8\x81\x58\x8b\x7a\x20\x88\xee\x8f\xea\x89\xf1\x21\x20\x94\xf2\x89\xf1\x8e\xfa\x94\x65\x90\x56\x81\x65\x20\x87\xef\x95\xdf\x8b\x8f\x20\x82\x8f\x82\xf1\x8c\x4e\x20\x83\xc0\x21";
static const char text_2005[]="\x8f\xda\x21\x20\x8f\xda\x21\x20\x87\x87\x89\x88\x8a\xaa\x21";
static const char text_2006[]="\x90\x94\x92\xb8\x20\x8b\x8b\x21\x20\x8c\xaf\x8a\x69\x8e\x78\x21";
static const char text_2007[]="\x90\x94\x92\xb8\x20\x8b\x8b\x21";
static const char text_2008[]="\x8c\x8e\x8e\xfb\x20\x88\x90\x91\xac\x8f\xda\x21";
static const char text_2009[]="\x93\xc2\x93\xaf\x8d\x86\x91\xac\x8f\xda\x3f\x20\x92\x5b\x8b\x96\x20\x8c\x8b\x95\xbd\x83\x5f\x2e";
static const char text_2010[]="\x92\x5b\x8b\x96\x20\x90\x46\x93\x5f\x83\x56\x20\x83\x56\x94\xf0\x87\x96\x8f\xea\x2e";
static const char text_2011[]="\x91\xac\x82\xb8\x20\x94\x68\x91\xb6\x91\xb1\x83\x96\x21";
static const char text_2012[]="\x90\xb3\x8e\xfa\x95\xa8\x81\x58\x20\x83\x55\x8d\x7e\x83\x7c\x20\x82\x75\x83\x7c\x83\x73\x20\x82\xb8\x8f\xda\x3f";
static const char text_2013[]="\x95\xbd\x92\xb8\x8b\x8f\x20\x81\x56\x89\xba\x91\x96\x20\x81\xf6\x2e\x2e\x2e\x20\x8f\x9c\x83\x76\x2c\x20\x8f\x9c\x8c\x8e\x82\xbb\x88\xa4\x20\x8f\x9c\x83\x76\x8f\xda\x2e";
static const char text_2014[]="\x92\x8c\x91\xb6\x20\x86\x82\x91\xac\x8f\xda\x3f";
static const char text_2015[]="\x8c\xa9\x92\x63\x8b\x8f\x20\x87\xef\x84\x63\x20\x91\xb6\x91\x8a\x94\x73\x83\x41\x20\x95\xbd\x92\xb8\x8b\x8f\x2e";
static const char text_2016[]="\x82\xe9\x8a\x6d\x20\x88\x5d\x20\x88\x89\x82\xbe\x20\x8d\x86\x83\x4b\x3f";
static const char text_2017[]="\x91\xac\x92\x63\x20\x81\x85\x88\xf1\x8f\x9c\x2e\x20\x82\xc9\x8b\x8b\x91\x4f\x2e";
static const char text_2018[]="\x88\xd9\x20\x8c\xf0\x8a\xc8\x20\x81\x48\x8f\x9c\x20\x92\x87\x82\xbd\x8f\xea\x21";
static const char text_2019[]="\x83\xd5\x82\xc9\x20\x91\xcc\x83\x55\x3f\x20\x83\x69\x91\x9d\x20\x8f\x8a\x8a\x69\x89\xe6\x8b\x7a\x89\xf1\x82\xc9\x20\x95\xe2\x83\x7c\x21";
static const char text_2020[]="\x90\x65\x83\x41\x20\x82\xe9\x20\x83\x96\x8f\xea\x83\x96\x8d\xb7\x91\xac\x20\x83\x55\x94\x7a\x83\x55\x83\x73\x20\x82\xce\x91\xac\x8f\xda\x2e";
static const char text_2021[]="\x88\xca\x8e\x73\x20\x8b\xaa\x8b\xc6\x20\x94\xcc\x93\xaf\x88\xa4\x20\x92\x75\x91\x96\x20\x83\x60\x8e\x7e\x91\xac\x8f\xda\x2e\x20\x83\x5a\x81\x58\x20\x83\xe3\x20\x92\xc7\x8e\x71\x95\xbd\x83\x73\x20\x91\xe3\x8e\x73\x83\x41";
static const char text_2022[]="\x85\x7c\x89\x88\x20\x84\xed\x8c\xf5\x20\x81\x47\x83\x41\x20\x95\xbd\x92\xb8\x8b\x8f\x2e";
static const char text_2023[]="\x54\x56\x8a\xc8\x20\x8d\x86\x20\x89\xca\x8d\x7e\x83\x7c\x20\x8c\x8e\x86\x7b\x83\x5f\x2e";
static const char text_2024[]="\x82\xe9\x83\x84\x8a\xc8\x20\x83\x5f\x20\x82\xa8\x20\x83\x43\x91\x9d\x20\x81\x58\x2e";
static const char text_2025[]="\x92\x4e\x8d\x87\x83\x73\x20\x8c\x8b\x20\x82\xde\x95\xe2\x83\x55\x2e\x20\x8d\xec\x8a\x45\x91\x9d\x20\x82\xde\x95\xca\x20\x82\xbb\x8b\x8f\x91\x8a\x8a\xc8\x20\x8b\x8f\x92\x6c\x95\xbd\x91\xd2\x2e";
static const char text_2026[]="\x83\x5f\x20\x8e\x67\x83\x84\x81\x58\x20\x83\x6e\x82\xe0\x92\xb8\x83\x73\x20\x8f\xac\x82\xc9\x20\x91\xcc\x82\xbd\x92\xb8\x21";
static const char text_2027[]="\x85\x5a\x20\x83\x51\x8c\xaf\x82\xb8\x8a\xaa\x3f";
static const char text_2028[]="\x8f\x9f\x92\x4e\x95\xca\x20\x82\xce\x91\x8a\x8a\xc8\x20\x83\x84\x95\xb6\x95\xdf\x2e";
static const char text_2029[]="\x8f\xea\x88\xa7\x89\xab\x20\x82\xc8\x8e\xbe\x20\x82\xcf\x82\xbf\x95\xdf\x21";
static const char text_2030[]="\x91\xac\x82\xba\x8a\xc8\x20\x81\xf5\x91\xac\x83\x7c\x21\x20\x95\xbd\x21";
static const char text_2031[]="\x81\xf6\x20\x93\x96\x82\xbf\x91\xac\x92\xb8\x20\x8f\xa4\x8f\x9c\x3f";
static const char text_2032[]="\x8d\x80\x8c\x4e\x20\x91\xd2\x8f\x57\x2c\x20\x82\xa2\x90\x94\x95\xdf\x89\xf1\x21";
static const char text_2033[]="\x8f\x9c\x8c\x8e\x88\xa4\x20\x8c\x8b\x20\x8d\x7e\x82\xbc\x20\x8c\x88\x8a\x4f\x20\x89\x88\x83\x55\x89\xba\x92\xb8\x2e\x20\x82\xb8\x8c\xb3\x92\xa3\x20\x91\x53\x87\x6d\x91\x9d\x20\x8b\x8f\x89\xba\x82\xb8\x83\x55";
static const char text_2034[]="\x8b\xf3\x8b\x7a\x20\x92\x63\x91\xb1\x91\x9d\x20\x8b\x8f\x83\x55\x8a\xaa\x82\xc9\x2e";
static const char text_2035[]="\x8d\xec\x8a\xc3\x8d\x87\x2c\x20\x90\x46\x93\x5f\x83\x56\x20\x91\xb6\x91\xac\x2e\x2e\x2e\x21";
static const char text_2036[]="\x8b\x7a\x89\x88\x20\x8b\x7a\x93\x49\x92\xb4\x20\x82\xd1\x95\xc7\x20\x8e\x9a\x94\xb2\x8f\xda\x2e";
static const char text_2037[]="\x81\xf2\x20\x91\xe5\x8f\x9c\x21\x20\x82\xcd\x20\x83\xea\x90\x56\x20\x83\x8f\x8f\x9c\x21";
static const char text_2038[]="\x8a\x5c\x8a\x77\x8d\xc4\x92\x4e\x90\x56\x8e\x78\x83\x73\x20\x83\x89\x20\x83\x57\x87\x5f\x95\xdf\x20\x8d\x7e\x91\xac\x83\x5f\x2e";
static const char text_2039[]="\x83\xd5\x82\xc9\x20\x91\xcc\x82\x84\x3f";
static const char text_2040[]="\x8d\x96\x91\xe5\x8f\xcc\x83\x7c\x21";
static const char text_2041[]="\x92\x5b\x8b\x96\x20\x90\x46\x93\x5f\x83\x56\x20\x83\x56\x94\xf0\x82\xea\x91\xac\x90\x53\x8f\xea\x2e";
static const char text_2042[]="\x8f\xda\x2c\x20\x89\xc6\x82\xaa\x91\xde\x8f\x9c\x21";
static const char text_2043[]="\x91\xac\x8a\x4f\x8f\xda\x92\xb8\x2c\x20\x8e\xfa\x95\x69\x91\xac\x83\x89\x8b\xad\x21";
static const char text_2044[]="\x82\xe9\x8b\x8f\x95\xdf\x21\x20\x83\x5a\x20\x8d\x7e\x8c\xaf\x91\xac\x8f\xda\x21";
static const char text_2045[]="\x90\xe6\x8b\x7a\x20\x96\x5f\x91\xac\x20\x8e\xfa\x89\xc0\x95\xb6\x90\xab\x91\xac\x8f\xda\x21\x20\x88\xd9\x82\xc9\x20\x85\xa3\x21";
static const char text_2046[]="\x83\x57\x20\x8c\xa9\x20\x82\xb8\x8c\xb3\x81\x58\x20\x88\xc5\x90\x69\x8d\x72\x91\xac\x87\x96\x83\x7c\x8c\x4e\x3f";
static const char text_2047[]="\x8d\x5c\x91\x9d\x20\x82\xf1\x8f\xea\x90\x94\x8b\x4e\x20\x8e\xd4\x20\x91\xcc\x83\x73\x83\x96\x20\x81\x95\x91\xac\x20\x83\xea\x20\x91\x67\x8b\x4e\x20\x89\xd3\x8f\xea\x83\x7c\x83\x67\x20\x95\xba\x90\xd8\x20\x90\x48\x92\xb8\x2e";
static const char text_2048[]="\x82\xb0\x82\xde\x8b\x7a\x20\x83\x60\x8e\x7e\x91\x96\x20\x82\xb0\x82\xde\x8b\x7a\x20\x87\xa5\x91\x9d\x20\x91\xbd\x82\xc9\x20\x91\x96\x95\xf1\x91\x9d\x20\x8a\x53\x83\x8b\x20\x83\x69\x91\xac\x8f\xda\x2e";
static const char text_2049[]="\x91\xac\x20\x81\x58\x8c\xec\x2c\x20\x85\x59\x81\x58\x20\x82\x7e\x8e\x6e\x81\x58\x20\x83\x55\x83\x73\x83\x96\x2e";
static const char text_2050[]="\x82\xb8\x8c\xb3\x92\xa3\x91\xac\x20\x82\xcf\x92\xcd\x91\xb1\x20\x92\xa3\x20\x8f\xac\x8f\x9c\x3f";
static const char text_2051[]="\x92\x4e\x91\x53\x20\x83\x84\x95\xb6\x21\x20\x8c\x5a\x8a\xc3\x91\xac\x83\x7c\x21";
static const char text_2052[]="\x8d\xdb\x8b\x7a\x20\x89\xce\x8f\xea\x92\x65\x21";
static const char text_2053[]="\x95\x69\x93\xc5\x21";
static const char text_2054[]="\x95\xb6\x94\xb2\x21";
static const char text_2055[]="\x8c\xdd\x83\x84\x95\x7a\x91\x8a\x8a\xc8\x20\x88\xc5\x8f\x9c\x81\x58\x8e\x78\x20\x96\x5c\x82\xcf\x95\xdf\x21";
static const char text_2056[]="\x8f\x9c\x8c\x8e\x94\xfc\x20\x83\x69\x91\x9d\x20\x82\xc8\x8e\xbe\x20\x82\xcf\x82\xbf\x95\xdf\x21";
static const char text_2057[]="\x8f\x9c\x92\xe3\x21\x20\x8a\x77\x91\xac\x92\x42\x20\x94\x92\x82\xe9\x20\x91\xf0\x8d\xc4\x8b\x4e\x20\x92\xe3\x90\x56\x20\x88\xd9\x82\xc9\x20\x90\xd4\x83\x5f\x21\x20\x91\x8a\x8f\x9d\x21";
static const char text_2058[]="\x8e\xfa\x95\x69\x91\xac\x83\x89\x8b\xad\x91\xac\x83\x7c\x21\x20\x83\x84\x83\x7e\x95\xdf\x21";
static const char text_2059[]="\x83\x7c\x8b\x4c\x20\x95\xcf\x20\x91\xb6\x20\x90\x48\x8f\xea\x3f";
static const char text_2060[]="\x92\xe3\x20\x88\x5d\x20\x8d\xcf\x84\xce\x82\xbc\x21";
static const char text_2061[]="\x91\x96\x8f\x5c\x93\x49\x90\x56\x8e\x78\x20\x83\x7c\x8f\x54\x20\x92\xca\x82\xc4\x95\xdf\x21";
static const char text_2062[]="\x8b\x5c\x8b\x5c\x8b\x5c\x2c\x20\x8d\x80\x8c\x4e\x20\x91\xd2\x8f\x57\x2c\x20\x82\xa2\x90\x94\x95\xdf\x89\xf1\x21";
static const char text_2063[]="\x91\xac\x8d\xec\x20\x82\xa8\x20\x82\xb8\x8f\xda\x2e\x20\x91\xac\x20\x88\xa4\x8f\x54\x83\x73\x20\x91\xac\x8e\x67\x95\xca\x20\x83\x69\x20\x89\x4c\x92\xb8\x8f\xda\x2e";
static const char text_2064[]="\x82\xe9\x8b\x7a\x82\xc9\x20\x83\x89\x20\x87\x64\x2e\x20\x92\x87\x96\xaf\x8e\x71\x20\x8c\xc2\x91\x67\x8a\xc8\x20\x83\xc1\x20\x82\xb8\x91\xb1\x91\xac\x8f\xda\x2e\x20\x88\x5d\x20\x94\xf5\x91\xac\x95\xbd\x83\x41";
static const char text_2065[]="\x95\xbd\x92\xb8\x2e";
static const char text_2066[]="\x90\xe6\x8b\x7a\x20\x91\xac\x8b\x60\x91\x9d\x20\x8f\xac\x84\xce\x20\x89\xca\x81\x58\x20\x90\xd4\x83\x7c\x21";
static const char text_2067[]="\x8b\x5c\x8b\x5c\x2c\x20\x8c\xec\x82\xed\x20\x82\xb9\x20\x8f\xea\x83\xf4\x82\x84\x3f";
static const char text_2068[]="\x93\xfc\x8e\xfa\x95\xa8\x8a\x77\x20\x91\xd2\x8f\x57\x91\x9d\x20\x92\x8c\x90\x65\x20\x8c\xf5\x8a\xaa\x21";
static const char text_2069[]="\x95\xbd\x2c\x20\x8d\x73\x82\xb8\x20\x8f\x9c\x83\x76\x82\xe0\x21";
static const char text_2070[]="\x82\x63\x88\xe8\x95\xca\x20\x82\xc9\x94\xde\x91\x9d\x20\x84\xd7\x8d\x7e\x82\xbc\x20\x95\xdf\x20\x92\xb2\x21";
static const char text_2071[]="\x82\x8c\x20\x83\x84\x93\x64\x20\x83\x6e\x82\xde\x82\x84\x21";
static const char text_2072[]="\x91\xd6\x88\xca\x20\x91\xf0\x87\x6c\x20\x8c\xe4\x8e\x73\x21";
static const char text_2073[]="\x8f\x54\x8e\xfa\x94\xc7\x20\x81\x5d\x8e\x71\x20\x92\xa7\x2e";
static const char text_2074[]="\x91\xac\x82\xb8\x20\x83\x81\x8f\x5c\x20\x82\xb8\x88\x70\x3f";
static const char text_2075[]="\x92\xb8\x95\xa8\x20\x8d\x87\x83\x84\x2c\x20\x8f\xac\x95\x69\x20\x92\xa3\x8a\xf1\x8a\xc8\x20\x91\xac\x88\xca\x2e";
static const char text_2076[]="\x8c\xfb\x92\x86\x91\xab\x20\x88\xd9\x8c\x82\x91\xac\x92\xb8\x2e";
static const char text_2077[]="\x8f\xac\x8f\x9c\x2e\x20\x27\x8b\x4f\x89\x88\x8c\xf3\x91\x9d\x20\x89\xab\x20\x8e\xf6\x8a\xb4\x97\x52\x8f\xea\x8a\xc8\x20\x88\x5d\x20\x85\xa3\x21\x20\x95\xbd\x95\xbd\x95\xbd\x21\x27\x20\x91\xac\x82\xb8\x82\xbd\x92\xb8\x2e";
static const char text_2078[]="\x8f\x9c\x2c\x20\x92\x6a\x82\xed\x20\x92\xb8\x8a\xaf\x8f\xea\x2e";
static const char text_2079[]="\x8f\xea\x89\xbd\x20\x81\x58\x3f";
static const char text_2080[]="\x82\xe9\x82\xb9\x20\x88\xa4\x88\xda\x92\xc7\x91\xac\x91\xde\x8f\x9c\x21";
static const char text_2081[]="\x92\x75\x8f\x9c\x2c\x20\x87\x7b\x89\xba\x8f\x9c\x2e\x20\x83\x54\x91\xf0\x91\x9d\x20\x83\x5a\x20\x92\xb2\x21";
static const char text_2082[]="\x8d\x7e\x91\xac\x83\x55\x3f";
static const char text_2083[]="\x89\x5d\x8a\x46\x89\x5d\x8a\x46\x20\x88\xc5\x8f\x9c\x83\x7c\x83\x76\x82\xf1\x83\x73\x21";
static const char text_2084[]="\x8e\x73\x8e\x88\x91\x96\x20\x90\xd8\x8b\x7a\x95\xbd\x82\xf1\x20\x92\x4e\x90\x56\x20\x86\xb3\x94\xde\x91\x9d\x20\x82\x5f\x8f\xea\x8f\xda\x20\x95\xca\x83\x7c\x82\xc9\x20\x81\x58\x8b\x43\x89\x57\x20\x88\x79\x92\xb8\x2e";
static const char text_2085[]="\x83\x5d\x20\x82\xa8\x82\xf1\x82\xa8\x82\xf1\x20\x88\xee\x8f\xea\x20\x92\x87\x8b\x8b\x21";
static const char text_2086[]="\x8e\xc0\x81\x58\x84\x74\x91\xac\x20\x8f\x9c\x95\x69\x2e";
static const char text_2087[]="\x92\xca\x90\x56\x20\x81\x58\x82\xbc\x20\x95\xdf\x20\x92\xb2\x2e";
static const char text_2088[]="\x91\xd2\x2c\x20\x92\xb8\x82\xaa\x20\x92\xa3\x82\xbc\x90\xd8\x2e";
static const char text_2089[]="\x8d\xdb\x8b\x7a\x20\x83\x54\x83\x5a\x92\xb8\x20\x8f\xa4\x91\x8a\x8c\x4e\x20\x8d\xec\x8a\x45\x91\xac\x20\x92\x8c\x82\xbd\x8f\xea\x2e";
static const char text_2090[]="\x95\xdb\x82\xcf\x20\x8d\x87\x83\x84\x2c\x20\x89\xe0\x85\x8f\x20\x31\x20\x95\xdb\x8a\xc8\x8a\xc8\x20\x91\xac\x88\xca\x95\xbd\x89\xf1\x2e";
static const char text_2091[]="\x8f\x9c\x2c\x20\x83\x81\x8f\x5c\x20\x92\xc4\x92\xcd\x20\x8d\xec\x83\x55\x91\xac\x82\xde\x83\x55\x21";
static const char text_2092[]="\x8c\xf7\x96\x7b\x95\x73\x91\xac\x20\x85\x58\x92\xb8\x3f";
static const char text_2093[]="\x83\x55\x88\xa4\x20\x81\x99\x89\xe6\x83\x7c\x83\x73\x20\x8e\xb8\x8b\x7a\x83\x73\x20\x89\xba\x90\x53\x92\xb8\x8b\x8f\x2e";
static const char text_2094[]="\x95\xbd\x2c\x20\x91\xac\x82\xb8\x20\x92\x75\x82\xe0\x21";
static const char text_2095[]="\x90\x56\x89\xbd\x90\x56\x82\xbc\x8e\x78\x20\x89\xce\x8f\xea\x92\x65\x8f\xda\x20\x95\xdf\x2e\x20\x82\xe9\x84\x8d\x83\x7c\x82\xc9\x20\x83\x6e\x82\xe1\x20\x83\x7c\x93\xaf\x82\xbc\x20\x88\xf3\x20\x8e\xd4\x88\xa4";
static const char text_2096[]="\x90\x48\x82\xc9\x2e";
static const char text_2097[]="\x83\x55\x95\xca\x94\xc5\x20\x8c\xdd\x95\xe2\x82\xde\x83\x55\x2e";
static const char text_2098[]="\x95\xbd\x83\x40\x83\x6a\x2c\x20\x83\x6e\x82\xde\x89\xab\x20\x92\x75\x91\x8a\x83\x76\x20\x84\x42\x8f\xea\x20\x92\xb2\x21";
static const char text_2099[]="\x82\xb8\x82\xf1\x2c\x20\x82\xe9\x84\xcf\x20\x81\x47\x91\x96\x20\x8f\x9d\x83\x81\x21\x20\x94\xf0\x95\xdb\x95\xbd\x89\xf1\x21";
static const char text_2100[]="\x92\x42\x20\x8d\x90\x91\xf0\x95\xca\x20\x83\x69\x91\x9d\x20\x92\x8c\x90\x65\x21";
static const char text_2101[]="\x8f\x9c\x92\xb8\x94\xf2\x20\x81\x47\x91\x96\x20\x82\xbb\x88\xa4\x20\x91\xcc\x8f\xea\x3f";
static const char text_2102[]="\x88\xb3\x91\x96\x20\x92\xb2\x88\xa4\x20\x88\xd0\x92\xb8\x8b\x8f\x20\x82\xe9\x20\x81\x58\x8c\xec\x91\x96\x20\x83\x5a\x81\x58\x20\x8f\x9c\x82\x67\x83\x73\x20\x82\xb8\x90\x85\x90\xd8\x2e";
static const char text_2103[]="\x92\x87\x2c\x20\x92\x8c\x90\x65\x20\x8c\xf5\x8b\x7a\x82\xbd\x8f\xea\x21";
static const char text_2104[]="\x82\xe9\x8b\x8f\x95\xdf\x21\x20\x92\x63\x8c\xe4\x21";
static const char text_2105[]="\x82\xe9\x20\x8f\x5c\x8c\xe4\x20\x84\xd5\x90\x56\x20\x8f\x9f\x20\x89\xab\x83\x7c\x82\xc9\x20\x95\xe2\x91\xde\x8f\x9c\x3f";
static const char text_2106[]="\x95\xbd\x92\xb8\x8b\x8f\x20\x82\xe9\x20\x8d\xec\x8a\x45\x89\xba\x91\x96\x20\x83\x84\x83\x7e\x95\xbd\x91\xde\x8f\x9c\x2e";
static const char text_2107[]="\x83\x84\x93\x64\x20\x85\x5a\x20\x95\xbd\x83\x73\x20\x82\xb8\x8f\xda\x3f";
static const char text_2108[]="\x82\xe9\x20\x83\x60\x8e\x7e\x2c\x20\x92\x4e\x96\x82\x88\xa4\x20\x83\x7c\x8f\x54\x20\x8f\x9f\x20\x95\xdf\x20\x92\xb2\x2e";
static const char text_2109[]="\x92\x5b\x8b\x96\x20\x82\xdd\x82\xd1\x8e\x78\x92\x45\x91\xb1\x20\x8f\x4f\x8b\x7a\x87\x96\x83\x5f\x2e";
static const char text_2110[]="\x83\x72\x90\xda\x88\xa4\x20\x81\xc2\x92\xdc\x20\x83\x66\x89\xf1\x82\xbd\x8f\xea\x21";
static const char text_2111[]="\x8b\xb2\x8b\xb2\x8b\xb2\x2c\x20\x82\xb8\x8c\xb3\x92\xa3\x20\x89\xce\x8f\xea\x92\xb8\x92\xb8\x20\x8f\xa4\x82\xbc\x20\x92\x6a\x8f\x64\x95\xdf\x2e";
static const char text_2112[]="\x8d\xdb\x8b\x7a\x20\x95\xdf\x21";
static const char text_2113[]="\x92\x8c\x91\xa4\x91\xab\x20\x82\xe9\x84\xcf\x91\xd2\x81\x58\x20\x89\x88\x8b\x7a\x90\xe8\x20\x81\x76\x92\xcd\x82\xf1\x8b\x4e\x20\x82\xba\x8f\xea\x88\xa4\x20\x92\x40\x87\x6a\x91\x9d";
static const char text_2114[]="\x88\xd9\x8a\xaa\x91\x4f\x95\xbd\x92\xb8\x20\x8f\xa4\x91\x8a\x8b\x7a\x2e\x20\x83\x5a\x81\x58\x20\x82\xe9\x20\x81\x76\x92\xcd\x82\xf1\x91\xab\x20\x87\xac\x91\xac\x83\x76\x83\x4b\x2c\x20\x89\xf1\x83\x73\x20\x82\xb8\x92\xb8\x2e";
static const char text_2115[]="\x8c\x82\x95\x91\x2c\x20\x8e\x96\x94\x7a\x8e\x88\x91\x9d\x20\x94\xde\x82\xd1\x20\x92\xa7\x2e";
static const char text_2116[]="\x95\xb6\x95\xdf\x81\x58\x20\x8b\x8e\x83\x84\x95\xbd\x83\x7c\x2e";
static const char text_2117[]="\x8f\xf3\x82\xe1\x91\x96\x2c\x20\x8f\xf3\x82\xe1\x91\x96\x20\x89\xca\x8b\x7a\x92\xb8\x20\x8b\x8b\x21";
static const char text_2118[]="\x96\x5f\x91\xac\x20\x95\xca\x20\x8b\x96\x91\x96\x20\x95\x4b\x8a\xaf\x82\xde\x83\x55\x2e";
static const char text_2119[]="\x8f\xea\x91\xac\x2c\x20\x8c\xec\x82\xed\x20\x82\xb9\x20\x88\x5d\x20\x95\xca\x8f\x64\x95\xbd\x92\xb8\x20\x8f\xa4\x82\x84\x3f";
static const char text_2120[]="\x90\xe6\x8b\x7a\x81\x58\x20\x83\x6e\x82\xe0\x92\xb8\x83\x73\x20\x8f\xac\x82\xc9\x20\x91\xcc\x82\xbd\x92\xb8\x21";
static const char text_2121[]="\x92\x54\x95\xa8\x20\x92\xbc\x96\xd4\x90\x56\x20\x84\x4d\x20\x92\x54\x95\xa8\x21\x20\x8c\xaf\x8b\x7a\x20\x8c\xfc\x89\x89\x91\x9d\x20\x8c\x8e\x8f\x54\x95\xbd\x83\x73\x20\x82\xbc\x20\x95\xbd\x8a\xf1\x20\x91\xac\x95\x4b";
static const char text_2122[]="\x91\xb6\x88\xa4\x20\x8f\x9c\x83\x76\x92\xb8\x2e";
static const char text_2123[]="\x82\xc4\x82\xdf\x20\x8f\x5d\x8a\xae\x91\xac\x20\x83\x5c\x8c\x8e\x20\x96\x5f\x95\x7a\x90\x48\x83\x7c\x83\x73\x20\x82\xb8\x92\xb8\x2e";
static const char text_2124[]="\x83\x5a\x20\x31\x83\x80\x8a\x69\x83\x73\x3f";
static const char text_2125[]="\x91\x67\x92\xdd\x91\x8a\x8a\xc8\x20\x91\xac\x88\xca\x95\xbd\x83\x73\x20\x82\xbb\x91\x9d\x20\x96\x87\x91\xb1\x2e";
static const char text_2126[]="\x91\xac\x82\xb9\x20\x94\x65\x8b\x7a\x89\xb2\x91\xac\x20\x8f\x9c\x83\x76\x89\xf1\x82\xc9\x21";
static const char text_2127[]="\x87\xad\x20\x95\x91\x8b\x4e\x20\x82\xde\x95\xcf\x20\x8e\xd4\x81\x58\x20\x90\x48\x83\x73\x20\x82\xba\x83\x4b\x3f";
static const char text_2128[]="\x8c\xec\x82\xed\x20\x82\xb9\x20\x8c\xdd\x89\x89\x91\xac\x91\xde\x8f\x9c\x2e";
static const char text_2129[]="\x83\x5f\x20\x81\x58\x82\xbc\x89\xf1\x8c\x4e\x20\x82\xf1\x8d\x90\x91\xac\x20\x8f\xea\x84\x41\x82\xbd\x8f\xea\x3f\x20\x82\xe9\x8a\x6c\x83\x96\x20\x83\x5c\x8b\xc0\x20\x81\x58\x82\xbc\x83\x73\x20\x8f\x9c\x83\x76\x92\xb8\x3f";
static const char text_2130[]="\x82\xe9\x84\x8d\x83\x7c\x8c\x4e\x20\x88\x5d\x20\x8c\xb9\x8b\x97\x95\xca\x83\x96\x2e";
static const char text_2131[]="\x8f\x54\x8e\xfa\x94\xc7\x20\x81\x5d\x8e\x71\x20\x90\xb6\x8a\xed\x2e";
static const char text_2132[]="\x82\xe9\x20\x83\x60\x8e\x7e\x91\x96\x20\x82\xb8\x88\x90\x8b\x96\x95\xbd\x83\x73\x20\x82\xb8\x8f\xda\x2e\x20\x8d\xec\x8f\x5d\x91\x96\x20\x83\x5a\x81\x58\x20\x95\xba\x90\xd8\x95\xdf\x2e";
static const char text_2133[]="\x8c\x5a\x8a\xc3\x95\xcf\x20\x89\xca\x83\x4b\x92\xb8\x20\x8f\x9c\x8c\x8e\x88\xa4\x20\x90\xed\x92\xbc\x91\xac\x92\xb8\x20\x8b\x8b\x21";
static const char text_2134[]="\x8f\x9c\x21\x20\x91\x96\x8f\x5c\x93\x49\x90\x56\x8e\x78\x20\x95\xd4\x84\xc1\x95\xdf\x21";
static const char text_2135[]="\x83\x5a\x8a\xaa\x8c\xe3\x8f\xcc\x83\x7c\x21";
static const char text_2136[]="\x95\xdf\x8d\x77\x83\x84\x21\x20\x8d\xdb\x8b\x7a\x20\x90\xb3\x20\x92\xb2\x21";
static const char text_2137[]="\x91\xd2\x2c\x20\x82\xa2\x90\x94\x95\xdf\x89\xf1\x21";
static const char text_2138[]="\x95\xdb\x82\xcf\x20\x8d\x87\x83\x84\x2c\x20\x92\xa3\x8b\x7a\x87\x8c\x20\x37\x20\x95\xdb\x8a\xc8\x8a\xc8\x20\x91\xac\x88\xca\x95\xbd\x89\xf1\x2e";
static const char text_2139[]="\x96\xb3\x8d\xec\x88\xa4\x20\x95\xc7\x82\xdd\x90\xb3\x20\x8d\xc4\x86\xce\x95\xca\x20\x82\xce\x91\xac\x89\xf1\x8c\x4e\x2e\x2e\x2e";
static const char text_2140[]="\x91\xac\x92\xdd\x91\x8a\x8a\xc8\x20\x8c\x8b\x20\x90\x94\x82\xbc\x20\x95\xdf\x21";
static const char text_2141[]="\x8b\xb6\x8b\x7a\x81\x58\x20\x92\xb8\x82\x5e\x82\xb8\x8b\x7a\x92\xb8\x8b\x8f\x20\x83\x89\x20\x8d\xdb\x8b\x7a\x20\x8e\xfa\x91\x77\x95\xdf\x8f\xda\x20\x95\xdf\x2e";
static const char text_2142[]="\x82\xa2\x90\x94\x95\xdf\x21";
static const char text_2143[]="\x95\xbd\x95\xbd\x95\xbd\x21\x20\x94\x7a\x91\xbc\x8e\xfa\x20\x8e\xfa\x89\xe0\x8f\xea\x8b\x4e\x20\x95\xca\x8c\xf7\x20\x8d\x87\x8e\xe6\x20\x8d\x7e\x82\xc9\x20\x8f\x6b\x90\x53\x92\xb8\x21";
static const char text_2144[]="\x90\xd4\x83\x7c\x21";
static const char text_2145[]="\x83\x81\x8f\x5c\x20\x81\x47\x91\x96\x20\x8d\xec\x8a\x45\x91\xac\x20\x91\xcc\x8f\xea\x8e\x78\x20\x83\x7c\x95\xf1\x91\xac\x90\x56\x90\xd8\x21";
static const char text_2146[]="\x92\x42\x20\x8d\xec\x8a\x45\x20\x91\xe5\x8f\x9c\x20\x92\xb2\x21";
static const char text_2147[]="\x91\x8a\x2c\x20\x91\xab\x8d\xec\x20\x90\x48\x8f\xea\x90\xd8\x3f";
static const char text_2148[]="\x91\xac\x8a\x6c\x20\x83\x57\x20\x95\xbd\x95\xba\x20\x86\xa4\x92\xb8\x84\x92\x83\x84\x8b\x4e\x20\x92\xca\x90\x56\x20\x88\xd9\x82\xc9\x20\x90\x94\x83\x7c\x83\x76\x21";
static const char text_2149[]="\x8e\x96\x91\xac\x8d\xb7\x20\x83\x6a\x91\xab\x20\x8c\x5a\x8a\xc3\x91\xac\x83\x7c\x2e\x20\x95\x69\x93\xc5\x8b\x4e\x20\x93\x7d\x83\x84\x95\xca\x20\x83\x7c\x93\xaf\x92\xb8\x20\x8f\xa4\x82\xbc";
static const char text_2150[]="\x8e\x73\x95\x83\x95\xdf\x89\xf1\x21";
static const char text_2151[]="\x8f\x9c\x2c\x20\x92\x6a\x82\xed\x8b\x8f\x20\x83\x89\x20\x81\x45\x91\x8a\x8c\x4e\x20\x83\x8f\x8f\xcc\x83\x73\x83\x96\x2e";
static const char text_2152[]="\x92\xb8\x95\xbd\x93\x53\x91\x9d\x20\x94\x83\x82\xba\x20\x82\xe9\x84\x81\x8f\xea\x21";
static const char text_2153[]="\x8c\x78\x88\xd9\x20\x8d\xc4\x93\xef\x21";
static const char text_2154[]="\x91\xac\x92\x63\x20\x95\x83\x82\xf1\x95\xbd\x83\x73\x20\x82\xbc\x20\x8f\x5c\x8e\x67\x90\x56\x20\x92\x75\x91\x9d\x20\x82\xb8\x8f\xda\x2e";
static const char text_2155[]="\x83\x6e\x82\xde\x20\x89\xba\x8b\x7a\x83\x55\x21\x20\x83\x81\x95\xe2\x83\x7c\x21";
static const char text_2156[]="\x82\xcf\x82\xbf\x20\x8c\x5a\x8a\xc3\x91\x9d\x20\x82\xf1\x83\x7c\x8a\xaa\x21";
static const char text_2157[]="\x91\xac\x92\x63\x20\x82\xe9\x20\x82\xb9\x8c\xec\x92\xc4\x20\x91\xbd\x88\xa4\x20\x8c\x8b\x20\x83\x66\x8b\x7a\x82\xbd\x82\xe0\x21";
static const char text_2158[]="\x96\xd4\x8d\x7e\x90\x56\x88\xa4\x20\x90\x94\x8b\x43\x92\xb8\x20\x8c\x8b\x95\xe2\x8f\xea\x2e";
static const char text_2159[]="\x82\xe9\x82\xb9\x20\x8c\xfc\x92\x5b\x90\x56\x8e\x78\x20\x8b\x96\x95\xdf\x2e";
static const char text_2160[]="\x8d\xdb\x8b\x7a\x20\x95\xdf\x93\xaf\x91\x4f\x21";
static const char text_2161[]="\x8d\x87\x89\xfc\x91\xac\x8f\xda\x2e\x20\x83\x5a\x81\x65\x20\x8f\x9c\x91\xac\x81\x58\x20\x91\xcc\x8f\xea\x21";
static const char text_2162[]="\x91\xac\x82\xbc\x20\x8e\xf6\x8a\xb4\x97\x52\x8f\xea\x8a\xc8\x91\xab\x20\x88\xa4\x8f\x54\x89\xf3\x20\x8b\x96\x91\xb1\x81\x58\x21";
static const char text_2163[]="\x91\x66\x20\x8e\xf6\x94\xb2\x81\x58\x20\x90\x48\x91\x8a\x8c\x4e\x20\x82\xb8\x8c\xb3\x92\xa3\x91\x9d\x20\x8c\x8b\x20\x86\xe5\x21";
static const char text_2164[]="\x83\x6e\x81\x58\x20\x82\xe0\x83\x84\x20\x88\x5d\x20\x8d\x91\x8a\x69\x20\x92\xb2\x21";
static const char text_2165[]="\x92\xb8\x82\xed\x20\x83\x5a\x82\xbc\x20\x95\xba\x90\xd8\x95\xca\x20\x82\xb9\x20\x8b\x97\x8e\x67\x20\x8e\xfa\x91\x67\x93\xaf\x8b\x4e\x20\x83\x53\x83\x73\x20\x82\xb8\x8f\xda\x2e";
static const char text_2166[]="\x8f\x49\x8f\x49\x20\x83\x54\x91\xf0\x91\x9d\x20\x83\x5a\x20\x8d\x86\x83\x4b\x2e";
static const char text_2167[]="\x91\xac\x83\x69\x2c\x20\x84\xd8\x91\x9d\x8e\xd4\x8a\xd4\x20\x8b\xbf\x8d\x90\x95\xbd\x91\xde\x8f\x9c\x21";
static const char text_2168[]="\x89\x8a\x82\xde\x95\xca\x94\xc5\x20\x8b\x96\x95\xdf\x8f\xda\x82\xbd\x8f\xea\x21";
static const char text_2169[]="\x8f\x9c\x91\xac\x8f\xed\x8b\xad\x3f\x20\x8f\x9c\x83\x76\x82\xbd\x92\xb8\x3f";
static const char text_2170[]="\x82\xb8\x88\x90\x8b\x96\x87\xfc\x91\xac\x20\x83\x63\x21";
static const char text_2171[]="\x83\x66\x82\xc9\x20\x8f\x6b\x83\x7c\x8c\x4e\x20\x95\xbd\x8a\xf1\x20\x92\x6e\x91\xb6\x91\xac\x89\xf1\x88\xa4\x20\x8e\x67\x83\x84\x95\xdf\x20\x92\x87\x92\xb8\x21";
static const char text_2172[]="\x92\xbc\x82\xbf\x91\xac\x83\x7c\x21";
static const char text_2173[]="\x8f\x9c\x2c\x20\x90\x65\x8d\x7e\x8e\x96\x90\xd8\x3f\x20\x83\x6e\x82\xde\x20\x90\x48\x8f\xea\x90\xd8\x3f";
static const char text_2174[]="\x90\xe6\x8b\x7a\x88\xa4\x20\x8d\xec\x8a\x45\x91\xac\x89\xf1\x82\xc9\x21";
static const char text_2175[]="\x87\xad\x20\x88\xa4\x8b\x97\x93\xaf\x8a\xaa\x83\x73\x20\x82\xb8\x82\x84\x2c\x20\x94\xf2\x89\xf1\x8e\xfa\x94\x65\x3f";
static const char text_2176[]="\x8f\x9c\x2c\x20\x8e\xfa\x95\x69\x91\xac\x83\x89\x8b\xad\x21";
static const char text_2177[]="\x93\x49\x91\xa4\x87\x89\x20\x92\x54\x95\xa8\x2c\x20\x91\xac\x8c\xf7\x87\x89\x20\x93\x96\x82\xbf\x95\x69\x2e\x20\x94\xc5\x8b\x8b\x90\x56\x20\x94\xde\x91\xb6\x8e\x91\x91\xac\x20\x90\x48\x83\x5f\x2e";
static const char text_2178[]="\x85\xa5\x8f\xea\x3f\x20\x8e\xfa\x95\x69\x91\xac\x83\x89\x8b\xad\x91\xac\x20\x83\x57\x20\x89\xca\x8a\xaf\x8f\xea\x21";
static const char text_2179[]="\x8f\x9c\x2c\x20\x8f\x9c\x95\xa8\x91\xde\x8f\x9c\x21";
static const char text_2180[]="\x81\x90\x91\xf0\x95\xbd\x83\x5f\x2e";
static const char text_2181[]="\x90\xdd\x88\xb3\x88\xa4\x20\x89\xce\x8f\xea\x92\x65\x20\x81\x58\x83\x76\x83\x4b\x2c\x20\x92\x75\x8f\x9c\x2e";
static const char text_2182[]="\x8f\xea\x83\xde\x20\x81\x58\x89\xab\x20\x91\xb6\x91\x9d\x20\x81\x58\x92\x65\x81\x58\x83\x5f\x2e";
static const char text_2183[]="\x8f\x54\x8e\xfa\x94\xc7\x20\x81\x5d\x8d\xec\x20\x92\x8d\x8d\xc4\x20\x90\xb6\x8a\xed\x2e";
static const char text_2184[]="\x82\xe9\x84\x88\x20\x8e\xd4\x81\x58\x2e\x2e\x2e";
static const char text_2185[]="\x8f\x8a\x8a\x77\x82\xf1\x20\x81\x47\x91\x96\x20\x83\x69\x21";
static const char text_2186[]="\x92\x8c\x90\x65\x20\x8c\xf5\x8b\x7a\x82\xbd\x83\x7c\x21";
static const char text_2187[]="\x82\xb9\x8c\xaf\x91\xac\x20\x82\x77\x8f\x9c\x8e\x78\x20\x8e\xfa\x91\x77\x95\xbd\x82\xf1\x20\x97\x54\x89\xba\x8f\xea\x2e\x20\x91\x66\x20\x92\xca\x91\x9d\x20\x8f\x8a\x91\xd2\x2e";
static const char text_2188[]="\x8c\x8e\x82\xf1\x8b\x4e\x20\x8c\xf5\x8a\xaa\x21";
static const char text_2189[]="\x83\x7c\x81\x58\x90\x94\x92\xb8\x20\x8b\x8b\x2c\x20\x82\xdc\x8c\xaf\x21";
static const char text_2190[]="\x92\x42\x20\x83\x60\x8e\x7e\x20\x8d\xd7\x8b\x43\x83\x5f\x21";
static const char text_2191[]="\x86\x91\x92\xbc\x95\xdf\x92\x65\x20\x85\xa3\x2e";
static const char text_2192[]="\x82\xe9\x20\x88\x90\x83\x70\x84\xce\x20\x82\xbb\x20\x81\x47\x91\x96\x20\x82\xf1\x8d\x90\x2c\x20\x82\xe9\x82\xbc\x20\x95\x74\x8c\xf0\x82\xa9\x91\xac\x83\x7c\x2e";
static const char text_2193[]="\x84\x4d\x20\x8b\xb6\x8b\x7a\x81\x58\x21";
static const char text_2194[]="\x8e\xfa\x95\x69\x91\xac\x83\x89\x8b\xad\x91\xac\x8f\xda\x21\x20\x91\xac\x83\x43\x20\x8e\xd4\x20\x91\xcc\x91\x9d\x20\x8b\x7a\x81\x58\x20\x90\x48\x91\xde\x8f\x9c\x21";
static const char text_2195[]="\x82\xe9\x20\x8f\x5d\x8a\xae\x91\x8a\x8a\xc8\x83\x73\x20\x83\x72\x90\xda\x90\x56\x8e\x78\x20\x8f\x9f\x20\x94\xde\x95\xdf\x2e";
static const char text_2196[]="\x82\xe9\x20\x87\x6c\x83\x73\x20\x82\xe9\x8a\x6c\x20\x8b\x96\x20\x8f\x9f\x20\x95\xbd\x83\x8b\x83\x96\x2e";
static const char text_2197[]="\x88\xa4\x90\xb3\x92\x87\x8e\x96\x90\xd8\x21";
static const char text_2198[]="\x92\x8c\x90\x65\x20\x92\x87\x8b\x8b\x2c\x20\x81\xe9\x84\xdf\x91\xac\x21";
static const char text_2199[]="\x8b\xa6\x94\x4e\x95\xca\x20\x8c\xb3\x94\xf2\x8d\x86\x91\xac\x82\x84\x3f";
static const char text_2200[]="\x83\x56\x20\x94\x65\x8a\x77\x91\xac\x85\xc8\x91\x9d\x20\x93\x44\x8f\x9c\x83\x5a\x8e\x78\x20\x82\xc4\x8b\x6f\x95\xcf\x20\x82\xb8\x8f\xda\x2e";
static const char text_2201[]="\x82\xb8\x8c\xb3\x92\xa3\x8a\xc8\x20\x91\xac\x88\xca\x95\xbd\x92\xb8\x20\x8c\x8b\x95\xbd\x83\x8b\x20\x89\xca\x81\x58\x20\x82\xf1\x87\x80\x88\xa4\x20\x8f\x9f\x20\x83\x55\x2e";
static const char text_2202[]="\x83\x5a\x20\x92\xe3\x2e\x2e\x2e";
static const char text_2203[]="\x83\x5c\x20\x8c\xc2\x8d\x7e\x82\x84\x3f\x20\x8e\xfa\x95\x69\x91\xac\x83\x89\x8b\xad\x91\xac\x89\xf1\x82\xc9\x21";
static const char text_2204[]="\x82\xe9\x8a\x69\x83\x76\x83\x4b\x20\x8b\x96\x95\xe2\x91\xde\x8f\x9c\x3f";
static const char text_2205[]="\x82\xe9\x8a\x6c\x20\x82\xba\x20\x91\xbd\x82\xc9\x20\x83\x7c\x83\x76\x83\x7c\x83\x76\x20\x8c\xf0\x88\x9d\x88\xa4\x20\x92\x75\x83\x5f\x2e";
static const char text_2206[]="\x8f\xea\x89\xbd\x8e\x78\x20\x91\xd2\x83\x51\x20\x83\x55\x90\x94\x83\x73\x20\x82\xb8\x8f\xda\x3f\x20\x8f\x9d\x83\x81\x20\x92\x6a\x95\xd4\x91\xac\x89\xf1\x88\xa4\x20\x91\xcc\x8f\xea\x3f\x20\x92\x4e\x90\xdd";
static const char text_2207[]="\x96\xb3\x82\xd3\x88\xa4\x20\x91\xcc\x83\x55\x3f";
static const char text_2208[]="\x82\xe9\x8b\x8f\x95\xbd\x89\xf1\x82\xc9\x21\x20\x92\xc4\x8f\x64\x91\xac\x8f\xda\x21";
static const char text_2209[]="\x8e\x78\x88\xf3\x8a\x69\x20\x8d\x86\x83\x4b\x21\x20\x8d\xdb\x8b\x7a\x21";
static const char text_2210[]="\x82\xe9\x8a\x6d\x20\x91\xac\x82\xb9\x20\x8f\xea\x89\xca\x3f\x20\x8b\xe0\x89\x72\x89\xf1\x2c\x20\x8d\xec\x8f\x9d\x95\xca\x20\x8c\x8e\x8b\x7a\x90\x65\x21\x20\x8f\x9d\x83\x81\x91\xb1\x81\x58\x3f\x20\x88\xcd\x82\xc9\x2c";
static const char text_2211[]="\x82\xe9\x8b\x8f\x89\x45\x21\x20\x82\xb8\x82\xf1\x20\x93\x7c\x20\x89\xab\x20\x83\x5c\x21";
static const char text_2212[]="\x91\xac\x83\x69\x20\x8c\xec\x94\x7e\x91\xb1\x81\x58\x3f";
static const char text_2213[]="\x8f\x9c\x21\x20\x83\x5a\x20\x8a\x9e\x21";
static const char text_2214[]="\x92\x5b\x8f\x5c\x20\x8c\xc2\x92\xdc\x20\x92\xe3\x8a\xaa\x2e";
static const char text_2215[]="\x8e\xfa\x95\x69\x91\xac\x83\x89\x8b\xad\x2c\x20\x83\x9c\x8d\x90\x90\x56\x20\x8e\x63\x8f\xcc\x8f\xea\x90\xd8\x21";
static const char text_2216[]="\x92\x6a\x90\xdd\x97\x52\x20\x95\xdf\x21\x20\x83\x69\x91\x96\x20\x8f\x9c\x92\xbc\x20\x90\x65\x82\xf1\x20\x91\xcc\x8f\xea\x21";
static const char text_2217[]="\x8e\xfa\x95\xb6\x89\x88\x8d\x86\x91\x96\x20\x92\x75\x8f\x9c\x2e\x20\x92\x75\x91\x96\x20\x8d\xec\x8a\x45\x20\x81\x47\x82\xb8\x89\xab\x2e";
static const char text_2218[]="\x83\x6e\x81\x58\x20\x92\x4e\x96\x82\x20\x88\x5d\x20\x95\xdf\x20\x92\xb2\x21\x20\x83\x6e\x82\xde\x89\xab\x21";
static const char text_2219[]="\x87\xd1\x8e\xfb\x20\x95\xb6\x8e\xfa\x94\x65\x2e\x20\x91\xb6\x8c\x5a\x20\x89\xfb\x8b\x45\x91\xac\x92\xb8\x2e";
static const char text_2220[]="\x8f\x9c\x83\x76\x2c\x20\x82\xe9\x84\x8d\x82\xbc\x20\x91\xd2\x92\x87\x20\x8d\x7e\x83\x73\x20\x82\xb9\x20\x8f\x9c\x83\x76\x91\xde\x8f\x9c\x21";
static const char text_2221[]="\x82\xe9\x20\x90\xe6\x8e\xfa\x81\xf5\x8e\xfa\x8a\x69\x90\xe8\x20\x81\x58\x8c\x4e\x91\x9d\x20\x8d\x53\x82\xbe\x20\x92\x87\x8b\x8b\x21";
static const char text_2222[]="\x8e\x96\x8e\x67\x20\x83\x4e\x83\x84\x82\xf1\x8a\xc8\x21";
static const char text_2223[]="\x92\x40\x81\x58\x88\xca\x95\xbd\x89\xf1\x21";
static const char text_2224[]="\x8c\x82\x95\x91\x20\x8c\x5a\x92\xa7\x2e";
static const char text_2225[]="\x82\xb8\x8c\xb3\x92\xa3\x91\x9d\x20\x91\xe5\x92\xb8\x20\x8f\xa4\x91\x8a\x8c\x4e\x20\x8c\x8e\x8b\x7a\x82\xbd\x92\xb8\x2e";
static const char text_2226[]="\x83\x5a\x91\xb6\x20\x8f\x9c\x89\x8e\x20\x89\x57\x89\xba\x8f\xea\x81\x58\x8e\x78\x20\x92\x4e\x8d\x87\x20\x95\xdf\x82\xc9\x95\xdf\x20\x8c\xf5\x84\xce\x20\x82\xb8\x8f\xda\x21";
static const char text_2227[]="\x95\xb6\x88\xa4\x20\x8b\xbb\x8b\x7a\x83\x55\x3f\x20\x91\xac\x82\xb8\x20\x92\x75\x82\xe0\x21";
static const char text_2228[]="\x8f\xea\x88\x9e\x8e\x78\x21\x20\x92\x42\x82\xba\x20\x84\xd8\x82\xc9\x88\xa4\x20\x8b\xdf\x88\xb6\x95\xca\x20\x82\xb8\x8f\xda\x21";
static const char text_2229[]="\x91\xac\x82\xb8\x20\x83\x54\x83\x55\x8c\x4e\x20\x90\x73\x96\x82\x89\xf1\x88\xa4\x20\x8d\x7e\x8a\x69\x20\x82\xa8\x8a\x4f\x3f";
static const char text_2230[]="\x95\x97\x8e\x88\x91\x8a\x8a\xc8\x20\x88\xca\x8c\xaf\x20\x8b\x8f\x89\xba\x20\x92\xa3\x20\x8f\xac\x8f\x9c\x3f";
static const char text_2231[]="\x8e\xfa\x95\x69\x91\xac\x83\x89\x8b\xad\x3f\x20\x8f\x9c\x83\x76\x8c\x4e\x20\x8e\xfa\x95\xb6\x89\x88\x8d\x86\x91\xb1\x81\x58\x3f\x20\x88\xf3\x91\xac\x20\x91\xe3\x20\x82\xde\x8d\x90\x91\xac\x20\x8f\x9f";
static const char text_2232[]="\x88\xd0\x83\x5f\x2e";
static const char text_2233[]="\x89\x88\x89\xf1\x91\xac\x8d\xb6\x95\xbd\x8a\x69\x20\x83\x55\x90\xab\x20\x82\xbc\x20\x8f\x9c\x83\x76\x89\xf1\x82\xc9\x21";
static const char text_2234[]="\x90\x46\x96\x7b\x95\xdf\x20\x92\xb2\x21\x20\x83\x6e\x82\xde\x89\xab\x21";
static const char text_2235[]="\x8c\xec\x82\xed\x20\x83\x5f\x20\x8f\xf3\x82\xe1\x90\x56\x20\x89\xba\x8f\xea\x82\xa6\x20\x82\xb9\x20\x83\x5a\x20\x92\x87\x8b\xba\x91\xac\x8f\xda\x2e\x20\x91\xac\x8c\xf7\x87\x89\x20\x8c\xe4\x91\xac\x82\xc9\x2e";
static const char text_2236[]="\x91\xb6\x83\x7e\x20\x90\x65\x83\x41\x20\x93\x96\x8d\x90\x97\x52\x20\x92\x87\x91\xab\x95\xdf\x8f\xda\x82\xbd\x8f\xea\x2e";
static const char text_2237[]="\x92\xb8\x96\x5f\x20\x81\x5d\x8e\x71\x20\x92\xa7\x2e";
static const char text_2238[]="\x95\xdb\x8d\x80\x91\xac\x8f\xda\x2e";
static const char text_2239[]="\x83\x5a\x8a\xaa\x21";
static const char text_2240[]="\x91\xd2\x2c\x20\x8c\x8e\x82\xf1\x83\x73\x20\x8c\xf5\x84\xce\x82\xbc\x21";
static const char text_2241[]="\x91\xac\x82\xb8\x20\x91\xb9\x8f\xea\x8c\xf5\x8b\x7a\x86\x8a\x88\x70\x3f";
static const char text_2242[]="\x90\xe6\x8b\x7a\x83\x73\x20\x8e\xd4\x8b\x92\x91\x96\x20\x91\x80\x95\x69\x8b\x4e\x20\x94\xde\x83\x80\x95\xca\x20\x92\x4e\x8d\xec\x83\x7c\x21";
static const char text_2243[]="\x8c\x8a\x20\x82\x77\x89\x72\x21\x20\x8f\x54\x94\x73\x83\x73\x20\x83\x84\x8a\xc8\x20\x95\xdf\x21";
static const char text_2244[]="\x82\xb4\x83\x87\x91\xac\x92\xb8\x3f";
static const char text_2245[]="\x95\xbd\x92\xb8\x8b\x8f\x20\x83\x7c\x89\xba\x20\x8e\x78\x8a\xc8\x20\x83\x84\x84\xd0\x95\xcf\x20\x8e\x73\x82\xa2\x8b\x8f\x20\x95\xdf\x2e";
static const char text_2246[]="\x91\xac\x8a\x6c\x2c\x20\x82\x8f\x8f\xea\x92\xc7\x20\x85\xe9\x95\xe2\x83\x5f\x2e";
static const char text_2247[]="\x8f\x9c\x8f\xda\x8f\xda\x21\x20\x91\xac\x92\x63\x20\x92\x54\x95\xa8\x8a\xc8\x20\x95\xb6\x95\xbd\x83\x73\x20\x8c\xfc\x88\xa4\x20\x8c\xf0\x91\x4f\x8f\xda\x82\xbd\x8f\xea\x21";
static const char text_2248[]="\x8c\x82\x95\x91\x2c\x20\x93\xc1\x95\x69\x8e\x88\x91\x9d\x20\x94\xde\x82\xd1\x20\x92\xa7\x2e";
static const char text_2249[]="\x89\x88\x89\xbd\x8f\xea\x20\x82\xb8\x8c\xb3\x20\x83\x60\x8e\x7e\x82\xd1\x88\xa4\x20\x91\xd6\x8d\x73\x91\xac\x82\xe0\x2e";
static const char text_2250[]="\x83\x54\x90\x48\x91\xac\x20\x90\xac\x89\xf1\x81\x58\x83\x5f\x2e";
static const char text_2251[]="\x83\x81\x8f\x5c\x91\x96\x20\x92\xc4\x92\xcd\x20\x8d\xec\x83\x55\x91\xac\x8f\xda\x2e";
static const char text_2252[]="\x8f\x9c\x8d\xd7\x95\xca\x94\xc5\x88\xa4\x20\x84\xd8\x8f\x9c\x20\x8d\x82\x20\x92\x45\x20\x90\x48\x83\x73\x83\x96\x2e";
static const char text_2253[]="\x8e\x78\x2c\x20\x8e\x8e\x8b\x8b\x20\x82\xd3\x82\xd9\x81\x4a\x91\x96\x20\x8f\x9f\x20\x83\x94\x93\xaf\x82\xbd\x88\x70\x3f";
static const char text_2254[]="\x92\x4e\x91\x53\x20\x8d\xdb\x8b\x7a\x20\x8d\xc4\x93\xef\x21";
static const char text_2255[]="\x8f\x9c\x2c\x20\x87\x8e\x8f\x54\x20\x8b\x6f\x91\xd2\x20\x88\xa4\x8b\x97\x89\x8c\x82\xba\x20\x82\xe9\x84\x81\x8f\xea\x21";
static const char text_2256[]="\x82\xf1\x8d\xec\x87\x89\x20\x8c\x78\x96\x40\x90\x56\x20\x82\xd3\x95\xca\x20\x91\xac\x8f\xda\x82\xf1\x83\x73\x20\x95\xbd\x83\x55\x88\xa4\x20\x90\x48\x8f\xea\x2e";
static const char text_2257[]="\x83\x56\x20\x89\x9c\x8a\x97\x20\x8f\x9c\x8b\xf3\x8b\x7a\x93\xc1\x8b\x4e\x20\x8f\x9f\x83\x7c\x82\xc9\x21\x20\x83\x5c\x20\x89\xc6\x91\x67\x83\x73\x21";
static const char text_2258[]="\x91\x8a\x8f\x9d\x2c\x20\x81\xc2\x92\xdc\x91\xac\x8f\xda\x21";
static const char text_2259[]="\x91\xac\x20\x95\x74\x8c\xf0\x91\xd2\x21";
static const char text_2260[]="\x8c\x82\x95\x91\x83\x73\x20\x91\x67\x90\x56\x20\x91\xcc\x83\x7c\x2e";
static const char text_2261[]="\x54\x56\x90\x56\x8e\x88\x20\x83\x89\x20\x8f\xdb\x95\xdf\x20\x8d\x7e\x91\xac\x83\x8b\x83\x96\x2e";
static const char text_2262[]="\x86\x91\x92\xbc\x97\x52\x20\x8b\x96\x95\xdf\x20\x92\xb2\x2e\x20\x91\xac\x20\x87\xa5\x91\x9d\x20\x91\xbd\x91\x8a\x8c\x4e\x20\x90\x55\x83\x93\x91\xac\x81\x58\x20\x93\xc5\x20\x8d\x7e\x90\x65\x3f";
static const char text_2263[]="\x91\xac\x8c\xf7\x87\x89\x20\x85\x58\x2c\x20\x85\x58\x8f\xda\x21";
static const char text_2264[]="\x87\x69\x2c\x20\x92\x42\x82\xb9\x21";
static const char text_2265[]="\x8f\x9c\x8c\x8e\x20\x88\x90\x88\xa4\x20\x8f\x9f\x20\x95\xcf\x82\xbc\x2e\x20\x91\xac\x84\x8d\x82\xbc\x20\x8d\xcf\x82\xbc\x21";
static const char text_2266[]="\x91\xac\x82\xba\x8a\xc8\x20\x92\x4e\x8d\x87\x8f\xda\x21";
static const char text_2267[]="\x8b\x57\x94\x65\x83\x73\x20\x81\x90\x91\xf0\x95\xbd\x92\xb8\x20\x8f\xa4\x83\x76\x3f";
static const char text_2268[]="\x91\xac\x85\xa3\x2c\x20\x90\xb3\x21";
static const char text_2269[]="\x8f\x9f\x20\x94\xde\x95\xca\x83\x7c\x2e";
static const char text_2270[]="\x83\x7d\x94\xb2\x20\x8e\xfa\x94\xf2\x8a\x77\x91\xb1\x92\xb8\x95\xca\x94\xc5\x20\x92\x54\x91\x9d\x20\x8d\x7e\x8a\x69\x20\x81\x58\x91\xd2\x2e\x20\x8d\x90\x8c\x5a\x20\x92\x40\x85\x70\x91\x9d\x20\x82\xb8\x8f\xda\x21";
static const char text_2271[]="\x82\xc5\x92\xed\x91\xac\x20\x8d\xdb\x8b\x7a\x20\x90\x94\x82\xbc\x20\x95\xdf\x20\x92\x87\x8e\x96\x90\xd8\x21";
static const char text_2272[]="\x83\x81\x8f\x5c\x20\x83\x9c\x8d\x90\x90\x56\x20\x8e\x63\x8f\xcc\x8f\xea\x2e";
static const char text_2273[]="\x83\x6d\x93\xaf\x8c\x4e\x20\x8f\x9f\x20\x83\xc0\x21";
static const char text_2274[]="\x8d\xec\x8f\x5d\x20\x8f\x9c\x8c\xf5\x92\xb8\x81\x58\x20\x93\x6f\x83\x84\x20\x83\x7d\x94\xb2\x20\x8e\xfa\x94\xf2\x8a\x77\x91\xb1\x92\xb8\x87\x96\x83\x84\x2e";
static const char text_2275[]="\x81\x58\x8a\xaa\x91\x4f\x2e";
static const char text_2276[]="\x83\x5a\x8a\xaa\x90\xb3\x21";
static const char text_2277[]="\x82\xcf\x82\xbf\x20\x8f\x5d\x95\x74\x91\x81\x20\x37\x38\x25\x21";
static const char text_2278[]="\x8a\x77\x91\xac\x82\xb9\x20\x83\x84\x94\xde\x8a\xc3\x91\xac\x89\xf1\x83\x76\x2c\x20\x82\xe9\x84\xd0\x82\xe0\x2e";
static const char text_2279[]="\x8f\x9c\x2c\x20\x8f\x9c\x83\x76\x2c\x20\x82\xe9\x82\xbc\x2c\x20\x83\x6e\x81\x58\x20\x96\xdf\x89\x57\x20\x81\x58\x92\xb8\x20\x8c\x8b\x95\xbd\x82\xbc\x20\x92\xb8\x93\xef\x8d\x7e\x82\xc9\x20\x91\xcc\x90\x53\x91\x9d";
static const char text_2280[]="\x8c\x82\x95\x91\x81\x58\x20\x82\xc9\x94\xde\x8e\xfa\x8a\x69\x91\x4f\x95\xca\x83\x7c\x2e";
static const char text_2281[]="\x92\xb8\x95\xa8\x20\x8d\x87\x83\x84\x2c\x20\x8d\xb6\x89\xf1\x8d\x7e\x20\x8f\xe6\x94\x73\x8a\xc8\x20\x91\xac\x88\xca\x2e";
static const char text_2282[]="\x8a\x5c\x8a\x77\x8d\xc4\x92\x4e\x90\x56\x8e\x78\x83\x73\x20\x83\x89\x20\x84\x5d\x84\x5d\x95\xdf\x20\x8d\x7e\x91\xac\x83\x5f\x2e";
static const char text_2283[]="\x8c\x76\x20\x83\x80\x88\x9e\x20\x90\x73\x96\x82\x8b\x4e\x20\x8c\x8b\x20\x85\xa5\x83\x5f\x2e";
static const char text_2284[]="\x83\x5c\x20\x81\x47\x91\x96\x20\x83\x69\x95\xca\x8a\x5b\x20\x8d\x86\x91\xb6\x20\x90\x48\x8f\xea\x2e";
static const char text_2285[]="\x91\xac\x85\xa3\x2c\x20\x92\x42\x20\x83\x60\x8e\x7e\x89\xba\x91\xac\x20\x85\x59\x81\x58\x20\x96\xdf\x89\x57\x20\x81\x45\x8f\xea\x2e";
static const char text_2286[]="\x8e\x67\x96\xaf\x91\x9d\x20\x95\x69\x8f\x9d\x95\xdf\x89\xf1\x2e\x20\x8e\x78\x88\xf3\x8a\x69\x21";
static const char text_2287[]="\x91\xac\x85\xa3\x21\x20\x82\xe9\x8b\x8f\x95\xdf\x21\x20\x8f\x9f\x20\x83\xc0\x21";
static const char text_2288[]="\x92\xb8\x83\x56\x92\x87\x90\x56\x20\x83\x7c\x20\x82\x82\x91\xde\x8f\x9c\x90\xd8\x21";
static const char text_2289[]="\x82\xe9\x8b\x7a\x82\xc9\x20\x90\x55\x83\x93\x8c\xec\x8f\x9c\x8b\x4e\x20\x88\xef\x90\x53\x92\xb8\x2e";
static const char text_2290[]="\x8d\x7e\x8f\x54\x83\x7c\x8f\x54\x95\xb6\x20\x8f\x9c\x92\x87\x20\x90\x65\x91\x80\x84\x9d\x88\x70\x2e";
static const char text_2291[]="\x8e\xbe\x88\xa4\x20\x8f\x9f\x20\x92\xa3\x91\xac\x8c\x4e\x20\x96\x82\x82\x7d\x20\x82\xb8\x8f\xda\x2e";
static const char text_2292[]="\x91\xac\x88\x4f\x20\x91\xa9\x82\xf0\x8f\x5d\x90\x56\x8e\x78\x20\x82\xf1\x83\x7c\x8a\xaa\x8f\xda\x82\xbd\x83\x5f\x2e";
static const char text_2293[]="\x8f\x9c\x8c\x8e\x82\xbb\x88\xa4\x2e\x2e\x2e";
static const char text_2294[]="\x92\xb8\x96\x5f\x20\x94\x84\x8e\x71\x20\x90\xb6\x8a\xed\x2e";
static const char text_2295[]="\x92\x42\x2c\x20\x92\x4e\x8b\x64\x20\x8b\x96\x88\xa4\x20\x8f\x9f\x20\x83\xc0\x21";
static const char text_2296[]="\x83\x5c\x8b\xc0\x20\x92\x63\x8c\xfc\x91\xb1\x83\x96\x21";
static const char text_2297[]="\x81\xe9\x84\xdf\x91\xac\x81\x58\x2c\x20\x90\x46\x93\x5f\x20\x8d\xd7\x8b\x43\x82\xe0\x21";
static const char text_2298[]="\x92\x75\x91\x96\x20\x8c\xaf\x82\xb9\x91\x9d\x20\x86\x61\x92\xb8\x2e";
static const char text_2299[]="\x90\x94\x83\x74\x91\x96\x20\x8a\xcd\x8e\x73\x20\x91\xce\x92\xb8\x20\x8c\x8b\x95\xcf\x20\x83\x57\x91\xac\x20\x88\xd3\x20\x82\xbb\x91\xac\x83\x7c\x21";
static const char text_2300[]="\x82\x8c\x20\x83\x5a\x20\x8e\x67\x8d\xec\x81\x58\x20\x8f\x9c\x82\x84\x2e";
static const char text_2301[]="\x82\xe9\x8a\x4f\x8f\xda\x92\xb8\x21";
static const char text_2302[]="\x85\xd0\x83\x55\x81\x45\x83\x55\x2e";
static const char text_2303[]="\x86\xb3\x91\x9d\x20\x82\xce\x91\x9d\x20\x93\x44\x8f\x9c\x21";
static const char text_2304[]="\x8c\x8e\x8e\xfb\x20\x88\x90\x91\x9d\x20\x95\xbd\x8a\xaa\x83\x73\x20\x82\xb8\x8f\xda\x3f";
static const char text_2305[]="\x83\x56\x20\x91\xac\x20\x88\xa4\x8f\x54\x81\x58\x20\x92\x5b\x8b\x96\x20\x92\x75\x8f\x9c\x2e";
static const char text_2306[]="\x8e\x91\x92\x45\x91\xac\x20\x92\x4e\x8d\x87\x20\x41\x8c\x4e\x20\x91\xbd\x95\xc7\x8f\x54\x93\xef\x20\x92\xb2\x8f\xda\x92\xb8\x2e";
static const char text_2307[]="\x8e\xfa\x95\xb6\x89\x88\x8d\x86\x91\xac\x20\x83\x5c\x8d\x7e\x83\x7c\x20\x8d\xd7\x8b\x43\x82\xbd\x8f\xea\x2e";
static const char text_2308[]="\x8f\x5d\x93\xcd\x20\x84\xd7\x85\xa3\x89\xf1\x21";
static const char text_2309[]="\x8b\x5c\x2c\x20\x82\xf1\x8d\x90\x91\xac\x20\x8f\xea\x89\xca\x3f";
static const char text_2310[]="\x8e\x91\x82\xf0\x95\xbd\x82\xbc\x20\x82\xe1\x92\xb8\x20\x8b\x8b\x2e";
static const char text_2311[]="\x89\xef\x2e\x2e\x2e\x20\x92\x8c\x90\x65\x20\x8c\xf5\x8b\x7a\x82\xbd\x8f\xea\x21";
static const char text_2312[]="\x91\xac\x8a\x6c\x20\x83\x5a\x20\x8c\x78\x8f\x4b\x91\x96\x20\x86\xd0\x8f\xea\x2e";
static const char text_2313[]="\x83\x5f\x81\x58\x20\x94\xf5\x8d\x73\x95\xbd\x83\x7c\x82\xc9\x20\x8e\x73\x82\xa2\x95\xbd\x82\xbd\x92\xb8\x8b\x8f\x20\x82\xe9\x82\x89\x20\x81\x5e\x87\xfc\x91\xac\x91\xb6\x20\x86\x48\x91\xac\x8f\xda\x2e";
static const char text_2314[]="\x81\xe9\x8b\x8b\x8f\xda\x2c\x20\x82\x77\x91\xe4\x20\x91\xe3\x8a\x4f\x3f";
static const char text_2315[]="\x92\x42\x83\x69\x91\x9d\x20\x87\xc3\x91\xa4\x82\xb8\x8b\x7a\x8a\xc8\x20\x8b\x8f\x89\xba\x8f\xea\x20\x92\x87\x91\xd2\x21";
static const char text_2316[]="\x92\xe3\x90\x56\x8e\x78\x20\x83\x5a\x8a\xaa\x21";
static const char text_2317[]="\x96\xd4\x8d\x7e\x90\x56\x88\xa4\x20\x90\x94\x8b\x43\x92\xb8\x20\x8c\x8b\x95\xe2\x91\x8a\x83\x76\x83\x4b\x2e";
static const char text_2318[]="\x82\xde\x82\xf0\x83\x84\x91\x53\x91\xac\x20\x8d\xdb\x8b\x7a\x20\x90\xb3\x20\x88\x79\x91\x8a\x8c\x4e\x21";
static const char text_2319[]="\x83\x7d\x94\xb2\x20\x8e\xfa\x94\xf2\x8a\x77\x91\xb1\x92\xb8\x81\x58\x20\x8f\xea\x89\xbd\x20\x91\xcc\x83\x73\x92\xb8\x20\x8f\xac\x8f\x9c\x3f";
static const char text_2320[]="\x8c\x82\x8b\x96\x89\xf1\x21";
static const char text_2321[]="\x95\xdb\x82\xcf\x20\x8d\x87\x83\x84\x2c\x20\x92\xa3\x8a\xf1\x20\x31\x20\x95\xdb\x8a\xc8\x8a\xc8\x20\x91\xac\x88\xca\x95\xbd\x89\xf1\x2e";
static const char text_2322[]="\x87\xad\x20\x82\xe9\x84\x8d\x82\xbc\x20\x8e\x73\x82\xa2\x95\xbd\x82\x84\x82\xc9\x3f\x20\x8b\x8f\x83\x57\x20\x89\xca\x8b\x8b\x83\x7c\x20\x82\xe9\x84\x8d\x82\xbc\x20\x8b\x96\x95\xbd\x83\x76\x83\x4b\x3f";
static const char text_2323[]="\x82\xcf\x82\xbf\x20\x8f\x5d\x95\x74\x21";
static const char text_2324[]="\x90\x65\x91\xd2\x83\x73\x20\x92\x63\x8d\x80\x20\x91\xbd\x91\x96\x20\x83\x58\x91\xd2\x90\x56\x82\xbc\x20\x8f\xdb\x95\xdf\x2e\x20\x8e\x67\x8f\x57\x91\xac\x91\xde\x8f\x9c\x2e";
static const char text_2325[]="\x82\xe9\x8a\x6c\x83\x96\x20\x92\xbc\x90\x47\x91\x9d\x20\x82\xc9\x8b\x4e\x20\x89\xca\x20\x91\xe3\x20\x8e\x73\x82\xa2\x95\xdf\x20\x8d\x82\x20\x82\xb8\x8f\xda\x3f";
static const char text_2326[]="\x8c\xaf\x8a\x69\x83\x55\x89\xf1\x82\xc9\x20\x95\xe2\x83\x7c\x21";
static const char text_2327[]="\x90\xab\x92\x6e\x91\xb6\x20\x82\xbc\x91\xbc\x8b\x8f\x20\x95\xca\x83\x7c\x83\x73\x20\x82\xbc\x20\x92\xc4\x92\xcd\x8f\xda\x3f";
static const char text_2328[]="\x91\x96\x8f\x5c\x93\x49\x90\x56\x8e\x78\x20\x95\xd4\x84\xc1\x95\xbd\x91\xd2\x21";
static const char text_2329[]="\x90\x73\x82\xd9\x91\xac\x83\x5f\x2e\x20\x81\x58\x86\xcd\x20\x81\xbc\x91\xac\x20\x82\xa9\x88\xca\x91\xac\x20\x8c\xbb\x8a\xaa\x90\xb3\x2e";
static const char text_2330[]="\x82\x8c\x20\x83\x84\x93\x64\x20\x83\x6e\x82\xde\x82\x84\x3f";
static const char text_2331[]="\x96\xb3\x91\xab\x90\x56\x20\x83\x4a\x91\xde\x8f\x9c\x21";
static const char text_2332[]="\x83\x5a\x82\xbc\x20\x84\xd9\x82\xbe\x2e";
static const char text_2333[]="\x8f\xda\x21\x20\x95\xdf\x93\xaf\x91\x4f\x20\x8c\xf5\x8b\x7a\x91\xd2\x21";
static const char text_2334[]="\x95\xdf\x93\xaf\x92\xb8\x20\x8b\x8b\x2e\x20\x8d\x87\x89\xfc\x91\xac\x8f\xda\x21";
static const char text_2335[]="\x88\xa4\x8f\x54\x91\xab\x20\x92\x50\x8c\xdd\x91\x96\x20\x83\x57\x20\x82\xb8\x8c\xb3\x92\xa3\x20\x94\x7a\x82\xc9\x20\x83\x57\x8f\x9c\x83\x7c\x83\x76\x83\x73\x20\x82\xdc\x91\xb1\x91\x8a\x8a\xc8\x20\x8f\xac\x8f\x9c\x2e";
static const char text_2336[]="\x8f\x5c\x8c\xa9\x2c\x20\x54\x56\x2c\x20\x8f\x54\x8f\x54\x95\xca\x20\x91\x66\x8d\xec\x91\xac\x94\xf2\x83\x4b\x92\xb8\x2e";
static const char text_2337[]="\x82\xe9\x20\x8e\xfa\x95\x69\x91\xac\x83\x89\x8b\xad\x91\xac\x20\x83\x55\x94\x7a\x83\x59\x8f\xea\x21";
static const char text_2338[]="\x92\xb8\x96\x5f\x20\x8e\x67\x94\x92\x20\x8d\x91\x8a\x67\x2e";
static const char text_2339[]="\x82\xbc\x91\xbc\x91\x9d\x20\x83\x89\x20\x8b\x92\x91\xac\x20\x95\xdf\x8f\xda\x20\x93\xfc\x83\x5c\x8b\x4e\x20\x91\xe3\x20\x88\xc5\x20\x8e\xd4\x20\x91\xcc\x92\xb8\x2e";
static const char text_2340[]="\x84\x4d\x8f\xda\x3f";
static const char text_2341[]="\x91\xd2\x2c\x20\x92\xb8\x82\xaa\x20\x92\xa3\x20\x94\xc5\x83\x76\x83\x4b\x21";
static const char text_2342[]="\x91\xd2\x21\x20\x8c\x8e\x82\xf1\x83\x73\x20\x83\x5a\x8a\xaa\x83\x6d\x91\x9d\x82\xbc\x21";
static const char text_2343[]="\x91\xac\x83\x69\x91\xac\x20\x93\x7c\x90\x56\x20\x84\xd8\x8f\x9c\x88\xa4\x20\x92\x75\x8f\x9c\x3f";
static const char text_2344[]="\x8f\xda\x21\x20\x91\xac\x83\x69\x20\x8c\xc5\x8e\x63\x20\x83\x5a\x20\x8c\xf5\x8b\x7a\x91\xd2\x21";
static const char text_2345[]="\x97\x54\x83\x5a\x21\x20\x83\x4e\x20\x82\xde\x95\xdf\x20\x92\xa3\x82\xbc\x21";
static const char text_2346[]="\x91\xac\x8a\x6c\x20\x82\xce\x91\x96\x20\x92\xc7\x8e\x71\x91\xac\x8f\xda\x21";
static const char text_2347[]="\x91\xe4\x87\xa5\x20\x91\xd2\x8f\x57\x88\xe4\x91\xac\x8f\xda\x20\x8f\x57\x91\x96\x20\x92\x8c\x20\x8b\xba\x82\xf1\x92\xb8\x21";
static const char text_2348[]="\x83\x5c\x8b\xc0\x89\xba\x20\x96\xef\x8f\xea\x92\x65\x21";
static const char text_2349[]="\x82\xcf\x82\xe0\x91\xac\x20\x8d\xdb\x8b\x7a\x20\x88\xa4\x92\xe8\x95\xbd\x82\xbc\x20\x95\xdf\x20\x92\x87\x8e\x96\x90\xd8\x21";
static const char text_2350[]="\x95\xdb\x82\xcf\x20\x8d\x87\x83\x84\x2c\x20\x91\xb1\x89\xbd\x8f\x9c\x20\x34\x20\x95\xdb\x8a\xc8\x8a\xc8\x20\x91\xac\x88\xca\x95\xbd\x89\xf1\x2e";
static const char text_2351[]="\x82\xcf\x82\xbf\x91\xac\x20\x8b\xe0\x89\x73\x83\x5f\x2e";
static const char text_2352[]="\x95\xca\x20\x8c\xf7\x88\xa4\x20\x91\xac\x82\xbe\x20\x8d\x82\x20\x92\x45\x20\x90\x48\x91\x8a\x8c\x4e\x8e\x78\x2e";
static const char text_2353[]="\x82\xe9\x82\xbc\x20\x85\x58\x8f\xda\x21";
static const char text_2354[]="\x91\xac\x85\xa3\x2c\x20\x92\xc4\x92\x5b\x95\xdf\x21";
static const char text_2355[]="\x95\xca\x20\x8c\xf7\x20\x83\x89\x20\x95\xcf\x83\x4b\x3f";
static const char text_2356[]="\x92\x63\x8c\xfc\x91\xb1\x83\x96\x2c\x20\x8e\xfa\x95\x69\x91\xac\x83\x89\x8b\xad\x21";
static const char text_2357[]="\x90\x65\x91\xd2\x83\x73\x20\x92\x63\x8d\x80\x20\x91\xbd\x91\x96\x20\x83\x58\x91\xd2\x90\x56\x82\xbc\x20\x8f\xdb\x95\xdf\x2e\x20\x91\xac\x82\xb9\x20\x92\xc4\x92\xcd\x8f\xda\x2e";
static const char text_2358[]="\x8c\xb3\x93\xaf\x83\x41\x20\x95\xe2\x8f\xea\x88\xa4\x20\x8b\x8b\x91\xa4\x91\x96\x20\x92\xe8\x95\xbd\x83\x7c\x83\x73\x20\x82\xb8\x83\x5f\x2e";
static const char text_2359[]="\x83\x56\x20\x88\xd0\x88\xa4\x8a\xd4\x20\x90\x65\x82\xf1\x8e\x78\x20\x91\xb6\x95\xbd\x8a\xaa\x82\xc9\x20\x95\xdf\x2e";
static const char text_2360[]="\x95\xbd\x8a\xf1\x20\x92\x6e\x91\xb6\x20\x82\xbc\x91\xbc\x8b\x8f\x20\x95\xca\x83\x7c\x82\xc9\x3f\x20\x92\xc4\x92\xcd\x3f";
static const char text_2361[]="\x8f\xcd\x91\xac\x83\x7c\x21";
static const char text_2362[]="\x8b\xb6\x8b\x7a\x81\x58\x20\x8f\xea\x84\x41\x82\xbc\x20\x88\xcd\x83\x55\x20\x85\xa3\x2e";
static const char text_2363[]="\x82\xe9\x20\x83\x60\x8e\x7e\x95\xca\x94\xc5\x20\x8b\x96\x95\xe2\x90\x53\x83\x55\x3f";
static const char text_2364[]="\x84\x4d\x20\x82\xf1\x82\x9e\x8a\xe8\x91\x9d\x20\x81\xc2\x85\xd3\x95\xe2\x83\x5f\x2e";
static const char text_2365[]="\x83\x57\x20\x83\x5a\x8c\xf5\x8a\xaa\x20\x89\x45\x2e";
static const char text_2366[]="\x89\xbb\x90\x56\x20\x94\x68\x20\x82\xde\x84\xe7\x91\xac\x20\x83\x59\x8f\xea\x2e\x20\x91\xac\x92\x63\x20\x8f\x8a\x8a\x69\x89\xe6\x84\xce\x20\x8e\xd4\x20\x91\xcc\x82\xbd\x8f\xea\x2e";
static const char text_2367[]="\x92\x63\x83\x84\x8a\xc8\x20\x83\xc1\x20\x90\x65\x8c\xf0\x90\xe6\x8a\xc8\x20\x83\x84\x88\x4b\x8c\xe3\x82\xc9\x20\x8f\x6b\x8f\xea\x2e";
static const char text_2368[]="\x90\x46\x8b\x8b\x95\xca\x94\xc5\x20\x85\x58\x89\xf1\x82\xc9\x20\x8b\x96\x95\xbd\x92\xb8\x3f";
static const char text_2369[]="\x86\xd0\x8f\xea\x21";
static const char text_2370[]="\x8f\x54\x91\xf0\x91\xac\x20\x8f\xac\x8c\x4e\x20\x82\xe9\x82\x89\x20\x82\x8f\x8f\xea\x81\x58\x92\xb8\x20\x8f\xa4\x91\x9d\x20\x82\xb8\x90\x85\x90\xd8\x21";
static const char text_2371[]="\x8c\x8e\x8e\xfb\x20\x8e\x73\x82\xa2\x91\xb1\x92\xb8\x83\x73\x20\x8c\x78\x8b\x43\x82\xbd\x92\xb8\x8b\x8f\x2e";
static const char text_2372[]="\x91\xac\x95\xdf\x81\x58\x20\x8f\x9f\x20\x83\xc0\x2e\x20\x8f\xea\x84\x41\x82\xbc\x20\x83\xc1\x20\x82\xb8\x8f\xda\x3f\x20\x87\xad\x20\x91\xac\x8a\x6c\x20\x88\x90\x91\x9d\x3f";
static const char text_2373[]="\x8d\x91\x81\xf0\x93\x49\x8a\x6d\x20\x90\x85\x86\x4f\x20\x82\xbc\x20\x8f\xea\x84\x41\x82\xbc\x20\x91\xac\x84\x8d\x82\xbc\x20\x8f\x9c\x95\xaa\x83\x4b\x3f";
static const char text_2374[]="\x92\x75\x8f\x9c\x2c\x20\x87\x7b\x89\xba\x8f\x9c\x21\x20\x83\x54\x91\xf0\x91\x9d\x20\x83\x5a\x20\x92\xb2\x21";
static const char text_2375[]="\x82\x83\x94\x6a\x20\x83\x5a\x8a\xaa\x21";
static const char text_2376[]="\x83\x5a\x81\x58\x20\x88\xab\x84\xd0\x95\xbd\x92\xb8\x20\x8c\x8b\x95\xbd\x83\x73\x20\x82\xbc\x20\x8b\xf3\x91\xac\x20\x86\xb1\x8c\x78\x20\x8a\x42\x91\x96\x20\x8f\x9c\x83\x76\x8f\xda\x2e";
static const char text_2377[]="\x8f\xed\x92\x63\x89\xab\x20\x83\xa3\x85\x96\x21";
static const char text_2378[]="\x82\xe9\x8b\x8f\x95\xbd\x89\xf1\x83\x76\x83\x4b\x21";
static const char text_2379[]="\x95\xbd\x21\x20\x82\xe9\x84\x8d\x82\xbc\x20\x86\xc3\x82\xbc\x20\x83\x81\x95\xbd\x92\xc4\x20\x8f\xa4\x8f\x9c\x21";
static const char text_2380[]="\x8f\x89\x89\xf1\x21";
static const char text_2381[]="\x90\xe6\x8b\x7a\x20\x8f\xea\x8b\xb6\x83\x76\x83\x73\x20\x8e\x91\x91\xb1\x91\xac\x86\x8a\x8f\xea\x2e";
static const char text_2382[]="\x8c\x82\x95\x91\x8b\x4e\x20\x96\x87\x91\xb1\x21";
static const char text_2383[]="\x8f\xea\x89\xf1\x2c\x20\x85\x8b\x86\xe5\x20\x8f\x8a\x8a\x69\x92\x69\x8f\xea\x3f";
static const char text_2384[]="\x88\x4f\x91\xf0\x2c\x20\x93\x53\x8e\xd4\x95\xbd\x91\xd2\x21";
static const char text_2385[]="\x82\xdc\x8c\xaf\x91\x96\x20\x8f\x9c\x83\x76\x90\x53\x83\x5f\x2e";
static const char text_2386[]="\x96\x5f\x95\xca\x94\xc5\x20\x82\xb8\x88\x90\x8b\x96\x91\x9d\x20\x95\xdf\x8e\x78\x20\x88\xf9\x91\xbc\x91\x9d\x20\x92\xc4\x20\x82\xb8\x8f\xda\x2e";
static const char text_2387[]="\x8f\x9c\x83\x76\x8f\xda\x2e\x20\x82\xe9\x20\x8d\xec\x8a\x45\x95\xca\x8a\x5b\x20\x92\x5b\x8b\x96\x20\x83\x5a\x81\x58\x20\x95\xba\x90\xd8\x95\xdf\x2e";
static const char text_2388[]="\x90\xe6\x90\xb3\x21\x20\x8e\xfa\x95\x69\x91\xac\x83\x89\x8b\xad\x91\xac\x83\x7c\x21";
static const char text_2389[]="\x8e\xfa\x95\x69\x91\xac\x83\x89\x8b\xad\x21\x20\x92\x5b\x8b\x96\x8a\xc8\x21";
static const char text_2390[]="\x8e\x96\x82\xc8\x92\x45\x91\x8a\x8a\xc8\x20\x91\x80\x8c\x5a\x95\xca\x20\x8f\xf3\x95\x57\x8c\xb3\x93\xac\x91\xab\x20\x8d\x82\x8d\x87\x8f\xda\x2e";
static const char text_2391[]="\x83\x6d\x8f\x9c\x20\x92\x87\x83\x73\x20\x82\xbc\x20\x96\x59\x8c\x5a\x95\xcf\x82\xba\x2e";
static const char text_2392[]="\x8c\x8e\x82\xf1\x20\x81\x5d\x8e\x71\x20\x92\xa7\x2e";
static const char text_2393[]="\x8f\x9c\x8c\x8e\x88\xa4\x20\x82\xa9\x90\xa7\x20\x89\xc6\x87\xd0\x20\x8f\x9f\x20\x81\x58\x21";
static const char text_2394[]="\x92\x42\x20\x8d\x80\x91\xf0\x2c\x20\x8f\x5d\x92\x63\x8a\xc8\x20\x8d\x7e\x83\x76\x83\x4b\x20\x88\x5d\x20\x90\xe6\x8e\xfa\x81\xf5\x8e\xfa\x84\x89\x83\x5f\x2e";
static const char text_2395[]="\x8f\xf3\x82\xe1\x90\x56\x20\x85\x58\x81\x58\x20\x8d\x96\x91\x96\x20\x82\xb8\x8f\xda\x3f";
static const char text_2396[]="\x81\x58\x89\xf1\x21\x20\x8e\xfa\x95\x69\x91\xac\x83\x89\x8b\xad\x21";
static const char text_2397[]="\x82\xc9\x8e\xbe\x91\x8a\x8a\xc8\x20\x8c\x8a\x94\xde\x20\x8c\xc5\x93\xaf\x82\xf1\x3f\x20\x92\x40\x92\x87\x88\xa4\x20\x90\x48\x83\x5f\x2e";
static const char text_2398[]="\x87\x8e\x8f\x54\x20\x8e\xfa\x95\x69\x91\xac\x83\x89\x8b\xad\x91\xac\x8f\xda\x21";
static const char text_2399[]="\x82\xe9\x2c\x20\x82\xe9\x8b\x8f\x95\xdf\x21";
static const char text_2400[]="\x82\xa8\x81\x58\x8b\x7a\x20\x88\xee\x8f\xea\x20\x92\x87\x8b\x8b\x21";
static const char text_2401[]="\x8e\x63\x8f\xcc\x83\x7c\x21";
static const char text_2402[]="\x92\x42\x20\x8d\xec\x8a\x45\x2c\x20\x83\x43\x81\x58\x90\x56\x8e\x78\x20\x8d\x86\x91\xb6\x20\x8d\x7e\x8a\xaa\x83\x73\x20\x82\xb8\x8f\xda\x3f";
static const char text_2403[]="\x82\xe9\x8b\x8f\x95\xdf\x2c\x20\x8f\x9c\x95\xa8\x91\xde\x8f\x9c\x21";
static const char text_2404[]="\x8f\x9c\x8f\xda\x21\x20\x8c\xec\x82\xed\x20\x82\xb9\x20\x8f\x9c\x8a\xa4\x8f\xea\x21";
static const char text_2405[]="\x95\xbd\x92\xb8\x8b\x8f\x20\x83\x5c\x8b\xc0\x20\x81\x58\x82\xbc\x88\xa4\x20\x8f\x9c\x83\x76\x91\xde\x8f\x9c\x3f";
static const char text_2406[]="\x90\x65\x82\xf1\x83\x73\x20\x31\x39\x96\x7b\x92\xe3\x2c\x20\x93\x8a\x92\x45\x20\x92\xa7\x91\xac\x83\x7c\x2e";
static const char text_2407[]="\x91\xac\x82\xbb\x91\xac\x20\x83\x66\x89\xf1\x90\xe8\x20\x92\x54\x95\xa8\x8a\xae\x21";
static const char text_2408[]="\x95\x69\x82\xdc\x95\xbd\x82\xbd\x83\x7c\x21";
static const char text_2409[]="\x83\x7c\x20\x94\x68\x20\x8f\xea\x8b\x4c\x91\xac\x20\x93\xfc\x8e\xfa\x8a\x8b\x91\xac\x89\xf1\x83\x76\x3f";
static const char text_2410[]="\x86\xf5\x20\x8e\xd4\x20\x90\x48\x8f\xea\x21";
static const char text_2411[]="\x8f\x9c\x95\xbd\x95\xbd\x2c\x20\x82\xe9\x82\xbc\x20\x8f\x9c\x83\x76\x91\xde\x8f\x9c\x21";
static const char text_2412[]="\x92\x5b\x8b\x96\x91\xac\x92\xb8\x20\x91\xac\x20\x88\xa4\x8f\x54\x83\x73\x20\x96\x82\x81\x58\x20\x83\x56\x83\x7c\x83\x76\x83\x4b\x21";
static const char text_2413[]="\x90\x94\x83\x74\x20\x85\x78\x87\x89\x20\x92\x50\x83\x84\x20\x8c\x8b\x20\x88\xa4\x8b\x97\x82\xa6\x83\x7c\x21";
static const char text_2414[]="\x83\x7c\x89\xba\x20\x83\x5f\x20\x95\x7a\x91\xac\x8f\xda\x2c\x20\x8e\xfa\x95\x69\x91\xac\x83\x89\x8b\xad\x21";
static const char text_2415[]="\x8f\x9c\x83\x76\x8c\x4e\x20\x90\x46\x8b\x8b\x81\x58\x20\x8f\x54\x89\xb9\x8f\xea\x3f";
static const char text_2416[]="\x8f\xea\x21\x20\x92\x42\x82\xf1\x20\x8e\xfa\x95\x69\x91\xac\x83\x89\x8b\xad\x20\x8f\x9c\x83\x76\x8f\xda\x3f";
static const char text_2417[]="\x8f\xea\x84\x41\x82\xbc\x20\x92\x42\x84\x8d\x82\xbc\x20\x90\xed\x92\xbc\x91\xac\x92\xb8\x21";
static const char text_2418[]="\x82\xc2\x81\x58\x20\x88\xd9\x82\xb0\x81\x76\x20\x8c\xd6\x91\x8a\x8a\xc8\x20\x8a\x80\x8f\xea\x83\x55\x90\xac\x20\x82\xbb\x20\x81\x47\x8f\x9c\x88\xa4\x20\x90\x56\x89\xbd\x8b\x4e\x20\x83\x5a\x8c\xf5\x8a\xaa\x20\x88\xf3";
static const char text_2419[]="\x8e\xe3\x20\x90\x48\x8f\xea\x2e\x20\x84\x4d\x20\x83\x6e\x82\xe0\x81\x58\x20\x92\x8c\x91\x9d\x20\x82\xb8\x8f\xda\x2e";
static const char text_2420[]="\x91\xac\x8a\x6c\x20\x82\xe1\x90\xda\x91\xac\x21\x20\x8d\xdb\x8b\x7a\x20\x83\x54\x83\x5a\x91\xd2\x21";
static const char text_2421[]="\x82\xb0\x82\xde\x8b\x7a\x20\x83\x60\x8e\x7e\x88\xa4\x20\x83\x5f\x81\x58\x20\x8f\x9c\x92\xbc\x20\x8b\xdf\x90\x53\x83\x7c\x83\x89\x89\xf1\x2e";
static const char text_2422[]="\x92\x75\x8f\x9c\x2c\x20\x8f\x5c\x96\x7b\x95\xbd\x8c\x4e\x20\x92\x4e\x91\x53\x20\x82\xcf\x82\xbf\x95\xdf\x21";
static const char text_2423[]="\x82\xe9\x8a\x6d\x20\x95\xd4\x84\xc1\x20\x92\xb8\x92\x54\x90\x56\x8e\x78\x20\x8d\x7e\x91\xd2\x21";
static const char text_2424[]="\x82\xcf\x82\xbf\x20\x8f\x5d\x95\x74\x21\x20\x8f\x5d\x95\x74\x21";
static const char text_2425[]="\x8f\x9c\x2c\x20\x89\xba\x8f\xea\x20\x8d\x82\x20\x92\x45\x91\x96\x20\x91\xcc\x8f\xea\x2e";
static const char text_2426[]="\x91\x96\x95\xf1\x20\x89\x68\x92\xdd\x20\x92\xf7\x8c\xa9\x91\x8a\x8a\xc8\x20\x83\x55\x90\xac\x20\x89\xca\x83\x73\x20\x92\x5b\x8b\x96\x20\x91\x67\x96\x40\x95\xe2\x8f\xea\x2e";
static const char text_2427[]="\x92\xe3\x8a\x67\x20\x82\xab\x88\xa4\x20\x89\xbb\x91\xf0\x91\xac\x83\x7c\x21\x20\x92\xe3\x90\x56\x8e\x78\x20\x83\x5a\x8a\xaa\x21";
static const char text_2428[]="\x89\xc6\x82\x63\x95\xbd\x82\xbc\x20\x81\x58\x8b\x43\x89\x57\x20\x92\x87\x8b\x8b\x21";
static const char text_2429[]="\x8f\xea\x8b\xb6\x83\x76\x83\x73\x20\x8e\x91\x91\xb1\x20\x81\x47\x91\x96\x20\x8d\x90\x91\xac\x86\x8a\x8f\xea\x2e";
static const char text_2430[]="\x8d\xdb\x8b\x7a\x20\x83\x54\x83\x5a\x82\xc9\x20\x8e\xe5\x91\xac\x83\x55\x20\x8b\x8b\x8f\x54\x8a\x69\x20\x81\x58\x91\xd2\x21";
static const char text_2431[]="\x82\xe9\x8a\x6c\x83\x96\x20\x82\xe9\x20\x90\x85\x86\x4f\x20\x87\x6c\x81\x58\x20\x8d\x90\x8c\x5a\x97\x52\x20\x83\x55\x95\xca\x94\xc5\x20\x82\xd3\x8f\x64\x91\xac\x20\x91\xcc\x83\x73\x20\x82\xb8\x8f\xda\x2e";
static const char text_2432[]="\x8d\x90\x8c\x5a\x20\x95\xcf\x20\x8e\xd4\x20\x91\xcc\x8f\xea\x2e";
static const char text_2433[]="\x92\x42\x20\x8f\x9c\x91\xac\x8b\x4e\x20\x83\x7c\x93\xaf\x82\xbc\x20\x95\xbd\x92\xb8\x20\x8b\x8b\x21";
static const char text_2434[]="\x95\x69\x93\xc5\x83\x73\x20\x92\x8c\x91\xac\x92\xb8\x20\x8b\x8b\x89\xf1\x2e";
static const char text_2435[]="\x83\x55\x20\x81\x47\x91\x96\x20\x8c\xb3\x83\x58\x91\xac\x20\x92\x8c\x91\x8a\x8c\x4e\x20\x8f\x9c\x81\xc3\x91\xde\x8f\x9c\x2e";
static const char text_2436[]="\x8c\x8e\x82\xf1\x20\x8e\xfa\x89\x99\x2c\x20\x96\x87\x91\xb1\x20\x90\xb6\x8a\xed\x2e";
static const char text_2437[]="\x81\xe9\x8b\x7a\x20\x8b\x96\x82\xc9\x20\x88\xa4\x8b\x97\x93\xaf\x83\x73\x20\x82\xbc\x20\x92\x75\x82\xbd\x8f\xea\x2e\x20\x82\xb8\x8c\xb3\x95\xca\x94\xc5\x20\x81\xe9\x8b\x7a\x81\x58\x20\x91\xcc\x83\x8b\x81\x58\x3f";
static const char text_2438[]="\x91\xac\x82\xb8\x20\x90\xb6\x92\x4e\x97\x52\x20\x90\x55\x8b\x97\x91\xac\x83\x5f\x2e";
static const char text_2439[]="\x8e\x6e\x20\x91\xf0\x83\x56\x82\xa9\x91\xac\x90\x56\x90\xd8\x3f\x20\x92\x75\x82\xbd\x83\x5f\x90\xd8\x2c\x20\x90\xe6\x8b\x7a\x20\x8f\x9c\x82\xf1\x2e";
static const char text_2440[]="\x92\x75\x8f\x9c\x21\x20\x83\x89\x20\x95\xdf\x20\x85\xa3\x21";
static const char text_2441[]="\x82\xc9\x8b\x8b\x91\x4f\x90\xd8\x2c\x20\x8e\xfa\x95\x69\x91\xac\x83\x89\x8b\xad\x2e";
static const char text_2442[]="\x8f\xda\x21\x20\x89\x68\x90\x56\x20\x91\xcc\x83\x73\x20\x83\x60\x8e\x7e\x21";
static const char text_2443[]="\x8c\xec\x82\xed\x20\x82\xb9\x20\x92\x63\x83\x84\x8a\xc8\x20\x8b\xba\x8b\x69\x82\xbd\x92\xb8\x2e";
static const char text_2444[]="\x81\x58\x86\xcd\x91\xac\x20\x82\xc8\x8e\xbe\x20\x88\xd9\x81\xaf\x82\xb8\x8a\xaa\x2e";
static const char text_2445[]="\x8c\x82\x95\x91\x20\x95\x83\x92\xe8\x2e";
static const char text_2446[]="\x8f\xea\x8b\x4c\x91\xac\x20\x88\xd0\x8c\x4e\x20\x83\x7c\x89\xba\x20\x83\x80\x89\xf1\x92\xc7\x20\x82\xb8\x89\xf1\x82\xc9\x20\x85\x6c\x82\xc9\x20\x8f\x6b\x8f\xea\x2e";
static const char text_2447[]="\x82\xde\x95\xbd\x92\xb8\x20\x8f\xa4\x91\x8a\x8c\x4e\x20\x81\xc0\x8b\x7a\x82\xbd\x8f\xea\x21";
static const char text_2448[]="\x83\x57\x20\x92\x8c\x91\xac\x82\xc9\x20\x8f\x6b\x91\x8a\x8c\x4e\x8e\x78\x20\x87\xad\x20\x92\xe1\x8f\x9c\x90\x94\x82\xbc\x20\x8b\x8f\x89\x88\x83\x73\x20\x82\xba\x83\x4b\x3f\x20\x83\x57\x20\x92\x8c\x91\xac\x8a\xaa\x83\x73";
static const char text_2449[]="\x8e\x67\x83\x84\x8b\x4e\x20\x92\xe1\x83\x73\x20\x83\x55\x88\xa4\x20\x91\xac\x8e\x67\x95\xbd\x92\xb8\x8b\x8f\x2e";
static const char text_2450[]="\x95\xca\x20\x8c\xec\x20\x83\x89\x21";
static const char text_2451[]="\x92\x8c\x82\xf1\x20\x86\xd0\x91\x8a\x8c\x4e\x20\x89\xd3\x8f\xea\x21";
static const char text_2452[]="\x91\xac\x85\xa3\x2c\x20\x89\x68\x93\x49\x92\xb8\x82\xc9\x20\x91\xcc\x8f\xea\x2e";
static const char text_2453[]="\x92\x42\x20\x81\x58\x8c\x4e\x91\x9d\x21";
static const char text_2454[]="\x88\xd9\x20\x8e\xc0\x91\x9d\x20\x8c\x8b\x20\x8f\x8a\x82\xbc\x20\x88\xd0\x91\xd2\x20\x93\xaf\x8a\xed\x8c\xfc\x91\x9d\x20\x93\x44\x8f\xcc\x82\xc9\x2c\x20\x82\xe9\x20\x82\xd1\x92\x5b\x90\x56\x8e\x78\x20\x8f\xea\x83\x40";
static const char text_2455[]="\x83\x65\x91\xb1\x90\x56\x82\xbc\x20\x90\xe6\x92\x87\x91\xab\x20\x8f\x5c\x8d\xc4\x8b\x4e\x20\x8c\xf0\x87\xc7\x83\x84\x2e";
static const char text_2456[]="\x8c\x8e\x8e\xfb\x20\x82\x7e\x8e\x6e\x92\xb8\x3f";
static const char text_2457[]="\x92\x75\x82\xbd\x83\x7c\x21";
static const char text_2458[]="\x92\x5b\x8b\x96\x91\xac\x92\xb8\x21";
static const char text_2459[]="\x82\xe9\x20\x83\x60\x8e\x7e\x91\x96\x20\x83\x65\x8b\xa6\x89\x88\x89\xf1\x82\xc9\x20\x95\xbd\x83\x89\x89\xf1\x82\xc9\x2e\x2e\x2e\x20\x8f\xda\x2c\x20\x83\xd5\x83\x73\x20\x82\xb8\x8f\xda\x2c\x20\x8b\x8b\x83\x73";
static const char text_2460[]="\x82\xb8\x8f\xda\x3f";
static const char text_2461[]="\x91\xac\x20\x95\xb6\x89\xf1\x8c\xb3\x21";
static const char text_2462[]="\x95\xdb\x82\xcf\x20\x8d\x87\x83\x84\x2c\x20\x8f\xac\x95\x69\x20\x38\x20\x95\xdb\x8a\xc8\x8a\xc8\x20\x91\xac\x88\xca\x95\xbd\x89\xf1\x2e";
static const char text_2463[]="\x82\xe9\x8a\x4f\x8e\x78\x20\x85\x5a\x20\x95\xbd\x8a\xaa\x83\x73\x20\x82\xb8\x8f\xda\x3f";
static const char text_2464[]="\x83\x84\x93\x64\x20\x8e\x96\x8e\x67\x91\xac\x20\x8f\xea\x84\x41\x82\xbc\x20\x88\xc5\x8f\x9c\x81\x58\x83\x73\x20\x82\xb8\x8f\xda\x3f";
static const char text_2465[]="\x91\xe3\x82\xbc\x20\x86\xe8\x8f\xea\x20\x92\x87\x8b\x8b\x21";
static const char text_2466[]="\x90\x94\x8d\xd7\x95\xca\x94\xc5\x20\x8b\x96\x95\xdf\x8f\xda\x82\xbd\x8f\xea\x21";
static const char text_2467[]="\x8f\x9c\x92\x87\x20\x89\x8a\x92\x50\x95\xbd\x83\x5f\x21\x20\x91\x8a\x8f\x9d\x21";
static const char text_2468[]="\x84\x4d\x20\x93\xc5\x95\xb6\x86\xae\x91\xac\x89\xf1\x88\xa4\x20\x8e\x73\x82\xf1\x8a\xaa\x83\x55\x3f";
static const char text_2469[]="\x93\xc1\x8b\xf3\x89\xf1\x8b\x4e\x20\x81\x58\x92\x65\x90\xac\x82\xba\x2e\x20\x91\xac\x82\xb9\x20\x94\xf5\x92\x6e\x82\xa9\x91\xb1\x83\x96\x2e";
static const char text_2470[]="\x8f\xda\x2c\x20\x8c\x78\x88\xd9\x20\x88\xa4\x8b\x97\x89\x57\x21";
static const char text_2471[]="\x91\xd2\x2c\x20\x90\x94\x83\x74\x91\x96\x20\x8f\xea\x89\xbd\x8e\x78\x20\x82\xbe\x84\xb2\x83\x4b\x3f";
static const char text_2472[]="\x8d\x87\x93\xac\x83\x73\x20\x8f\xea\x89\xbd\x8e\x78\x20\x8d\xec\x3f\x20\x83\x56\x20\x82\xde\x95\xbd\x82\xf1\x81\x58\x20\x92\x5b\x8b\x96\x20\x97\x54\x89\xba\x83\x8b\x83\x96\x2e";
static const char text_2473[]="\x8b\xaa\x91\xb6\x91\x9d\x20\x94\xde\x88\x9e\x8a\xc8\x20\x83\x57\x8a\xaa\x20\x8c\xf5\x8a\xaf\x8f\xea\x2e";
static const char text_2474[]="\x82\xc5\x92\xed\x91\xac\x89\xab\x20\x83\x6e\x82\xde\x89\xab\x20\x92\x75\x8f\x9c\x90\xd8\x21";
static const char text_2475[]="\x96\x53\x82\xf1\x20\x8d\x87\x83\x84\x2c\x20\x81\x47\x91\x96\x20\x82\xc9\x88\xa4\x90\x56\x20\x91\xcc\x83\x7c\x21";
static const char text_2476[]="\x88\xb3\x91\x8a\x8a\xc8\x20\x95\xdf\x82\xc4\x95\xdf\x21";
static const char text_2477[]="\x8f\xf3\x82\xe1\x90\x56\x20\x92\x87\x8b\xba\x91\x9d\x20\x83\x57\x84\xce\x20\x83\xed\x20\x91\xac\x84\x8d\x82\xbc\x20\x95\xbd\x83\x73\x20\x82\xb8\x8f\xda\x21";
static const char text_2478[]="\x8d\xec\x8a\x45\x91\xac\x89\xf1\x82\xc9\x20\x95\xdf\x88\xa4\x20\x83\x5a\x20\x91\xac\x8f\xda\x82\xf1\x92\xb8\x8b\x8f\x2e";
static const char text_2479[]="\x8d\x91\x81\xf0\x91\xac\x20\x8d\xec\x89\xf1\x92\x69\x8f\xea\x21";
static const char text_2480[]="\x91\xac\x20\x84\xe7\x93\x5f\x91\xac\x20\x88\x5d\x20\x85\xa3\x21";
static const char text_2481[]="\x83\x5c\x8b\x8f\x20\x90\x85\x87\xb3\x91\xb6\x20\x8e\xd4\x83\x73\x20\x90\x48\x91\xde\x8f\x9c\x2e";
static const char text_2482[]="\x8f\x9c\x2c\x20\x91\x96\x95\xf1\x20\x89\x68\x92\xdd\x20\x92\xf7\x8c\xa9\x91\x8a\x8a\xc8\x20\x83\x55\x90\xac\x20\x89\xca\x83\x73\x20\x92\x5b\x8b\x96\x20\x91\x67\x96\x40\x95\xe2\x8f\xea\x2e";
static const char text_2483[]="\x83\x5a\x81\x58\x20\x92\x4e\x90\x56\x20\x8b\x96\x95\xca\x20\x83\x84\x8a\xc8\x91\xde\x8f\x9c\x2e";
static const char text_2484[]="\x85\xd0\x83\x55\x81\x45\x92\xb8\x21";
static const char text_2485[]="\x8f\x9c\x2c\x20\x91\xac\x84\x8d\x82\xbc\x20\x95\xbd\x83\x73\x20\x82\xb8\x8f\xda\x2e";
static const char text_2486[]="\x90\x65\x82\xf1\x8e\x78\x20\x92\x8c\x90\x65\x20\x92\x87\x8b\x8b\x21\x20\x94\xf2\x89\xf1\x8e\xfa\x94\x65\x90\xb3\x20\x95\xca\x20\x8f\xdb\x8e\xbe\x20\x89\xc6\x91\x67\x20\x8f\xac\x20\x82\xbc\x20\x85\x58\x8f\xda\x21";
static const char text_2487[]="\x91\xe4\x87\xa5\x91\xac\x89\xf1\x83\x76\x21\x20\x8b\xb6\x8b\x7a\x81\x58\x20\x8f\xea\x84\x41\x82\xbc\x20\x83\xc1\x20\x82\xb8\x20\x8f\x9c\x82\x84\x3f";
static const char text_2488[]="\x83\x69\x91\xab\x20\x8c\x82\x91\x9d\x20\x89\xc6\x83\x73\x20\x83\x60\x8e\x7e\x90\x56\x82\xbc\x20\x31\x30\x92\x54\x20\x93\x8a\x81\x58\x83\x7c\x21";
static const char text_2489[]="\x8c\x8e\x82\xf1\x20\x8f\x54\x8e\xfa\x94\xc7\x20\x92\x8d\x8d\xc4\x20\x90\xb6\x8a\xed\x2e";
static const char text_2490[]="\x90\xe6\x8b\x7a\x91\xab\x20\x91\xac\x8b\x60\x91\x9d\x20\x8e\x96\x8e\x67\x90\x56\x20\x8f\xac\x84\xce\x20\x89\xca\x81\x58\x20\x90\xd4\x83\x7c\x2e";
static const char text_2491[]="\x93\x49\x91\xa4\x8d\x87\x94\xb2\x20\x92\x63\x83\x84\x8a\xc8\x20\x93\x49\x8b\x7a\x95\xe2\x8f\xea\x8f\xda\x20\x95\xe2\x83\x73\x83\x96\x2e";
static const char text_2492[]="\x82\xe9\x8a\x6c\x83\x96\x20\x82\xe9\x20\x90\x46\x93\x5f\x20\x90\x85\x86\x4f\x20\x87\x6c\x81\x58\x20\x8d\x90\x8c\x5a\x97\x52\x20\x83\x55\x95\xca\x94\xc5\x20\x82\xd3\x8f\x64\x91\xac\x20\x91\xcc\x83\x73\x20\x82\xb8\x8f\xda\x2e";
static const char text_2493[]="\x87\x8e\x8f\x54\x20\x8b\x6f\x91\xd2\x20\x88\xa4\x8b\x97\x89\x8c\x82\xba\x20\x82\xe9\x84\x81\x8f\xea\x21";
static const char text_2494[]="\x83\x5f\x20\x8b\xb6\x8b\x7a\x8b\x4e\x20\x88\xbb\x82\xb0\x20\x92\x87\x8b\x8b\x21";
static const char text_2495[]="\x87\xdc\x21\x20\x90\x85\x8e\x67\x95\xe2\x8f\xea\x8f\xda\x20\x95\xe2\x83\x73\x83\x96\x21";
static const char text_2496[]="\x91\xac\x20\x8e\x78\x84\xc1\x20\x81\x58\x8c\xec\x90\x56\x8e\x78\x20\x82\x7e\x8e\x6e\x81\x58\x20\x83\x55\x83\x73\x83\x96\x2e";
static const char text_2497[]="\x91\xac\x85\xa3\x21\x20\x91\xf0\x83\x56\x91\xac\x20\x8f\x9c\x83\x76\x89\xf1\x20\x82\xc5\x92\x87\x89\xf1\x82\xc9\x21";
static const char text_2498[]="\x90\xe6\x8b\x7a\x20\x90\x94\x8d\xd7\x81\x58\x20\x8e\xfa\x89\xc0\x95\xb6\x90\xab\x91\xac\x8f\xda\x2e\x20\x88\xd9\x82\xc9\x20\x85\xa3\x21";
static const char text_2499[]="\x88\x4f\x91\xf0\x2c\x20\x87\x87\x89\x8a\x20\x83\x96\x20\x83\x94\x89\x8a\x20\x82\xbf\x91\xac\x83\x5f\x21";
static const char text_2500[]="\x93\x7d\x83\x84\x95\xca\x20\x8e\x78\x88\xd9\x8b\x43\x82\xc9\x20\x91\xcc\x8f\xea\x2e";
static const char text_2501[]="\x8f\xea\x2c\x20\x8e\xfa\x95\x69\x91\xac\x83\x89\x8b\xad\x3f\x20\x95\x69\x91\xac\x8f\xea\x8e\xfa\x94\x7a\x3f\x20\x92\x42\x8a\x6c\x20\x83\x69\x89\xba\x91\x96\x20\x83\x7c\x20\x84\x4e\x81\x47\x8f\x9c\x20\x8d\x7e\x90\x65\x2e";
static const char text_2502[]="\x91\xb6\x95\xbd\x8a\x69\x20\x81\x58\x20\x8d\x86\x83\x4b\x21";
static const char text_2503[]="\x8b\xb6\x8b\x7a\x90\x56\x20\x91\xac\x81\x58\x20\x83\xb6\x8f\x9c\x83\x55\x82\xc9\x20\x8b\x64\x8b\x4e\x20\x8d\xec\x8c\xec\x91\x8a\x8a\xc8\x20\x8b\xa1\x88\xd9\x8b\x43\x83\x7c\x83\x76\x21";
static const char text_2504[]="\x83\x96\x91\xac\x94\xf2\x90\x56\x20\x83\x4a\x82\xbd\x8f\xea\x2e";
static const char text_2505[]="\x90\x56\x83\x5c\x92\xb8\x20\x8e\xb8\x93\x7c\x91\x9d\x20\x92\x42\x93\x94\x8a\xae\x91\x8a\x8a\xc8\x20\x8e\x8e\x92\x5b\x95\xdf\x20\x95\x69\x93\xc5\x8b\x4e\x20\x8e\x73\x95\x83\x95\xbd\x89\xf1\x21";
static const char text_2506[]="\x81\x58\x8b\x8f\x97\x52\x20\x91\xcc\x91\x8a\x8c\x4e\x20\x8f\x9c\x8a\xfb\x20\x81\xec\x20\x8f\x9f\x20\x8d\x86\x20\x82\xb8\x8f\xda\x21";
static const char text_2507[]="\x82\xe9\x8a\x6d\x2c\x20\x88\x89\x82\xbe\x20\x8d\x86\x83\x4b\x3f";
static const char text_2508[]="\x8f\x9c\x2c\x20\x93\x53\x8e\xd4\x95\xbd\x83\x73\x20\x95\x7a\x91\xac\x2e\x2e\x2e";
static const char text_2509[]="\x8c\x8e\x8e\xfb\x20\x82\xb4\x83\x87\x91\xac\x8f\xda\x3f";
static const char text_2510[]="\x83\x5c\x8b\xc0\x83\x73\x20\x91\xac\x95\xdf\x95\xbd\x92\xb8\x3f";
static const char text_2511[]="\x82\x8c\x20\x82\xc5\x92\x45\x91\xac\x83\x55\x20\x90\xea\x8b\x7a\x82\xc9\x20\x91\xcc\x8f\xea\x2e";
static const char text_2512[]="\x88\xb3\x20\x88\x5d\x20\x83\x5a\x82\xb5\x20\x85\xa3\x2e";
static const char text_2513[]="\x87\xad\x20\x95\x91\x8b\x4e\x20\x82\xde\x95\xcf\x20\x8e\xd4\x20\x90\x48\x83\x73\x20\x82\xba\x83\x4b\x3f";
static const char text_2514[]="\x91\x66\x20\x92\xca\x91\x9d\x20\x8f\x8a\x83\x73\x20\x82\xbc\x20\x83\x89\x20\x86\xc3\x82\xbd\x8f\xea\x2e";
static const char text_2515[]="\x8d\xec\x8a\xc3\x8d\x87\x21\x20\x8c\x82\x95\x91\x20\x92\x5b\x8d\x7e\x8b\x4e\x20\x86\x96\x8f\x5c\x95\xbd\x89\xf1\x21";
static const char text_2516[]="\x8e\x96\x82\xc8\x92\x45\x91\x8a\x8a\xc8\x20\x91\x80\x8c\x5a\x95\xca\x20\x95\x73\x94\x7a\x8e\xfa\x95\x5c\x20\x95\x83\x91\xab\x20\x92\x6a\x83\x76\x20\x8e\xfa\x94\xcd\x91\xac\x20\x94\x5d\x8e\xfa\x90\x56\x83\x73";
static const char text_2517[]="\x83\x84\x83\x7e\x95\xdf\x21\x20\x92\x5b\x8b\x96\x20\x8b\xec\x92\x69\x8f\xea\x21";
static const char text_2518[]="\x83\x5c\x8b\xc0\x88\xa4\x20\x8d\x7e\x91\xac\x83\x55\x3f";
static const char text_2519[]="\x8c\xaf\x8b\x7a\x89\x8a\x83\x7c\x21";
static const char text_2520[]="\x94\x7e\x8f\xdb\x91\xac\x20\x89\xce\x8f\xea\x92\x69\x83\x7c\x21";
static const char text_2521[]="\x8f\x9c\x2c\x20\x83\x5c\x20\x8e\x73\x82\xa2\x8d\x7e\x83\x7c\x20\x8d\xd7\x8b\x43\x82\xde\x83\x55\x2e";
static const char text_2522[]="\x83\x56\x20\x91\xac\x82\xba\x8a\xc8\x20\x8b\xba\x82\xc9\x8e\x63\x8f\x9c\x2e\x20\x83\x5f\x20\x92\xbc\x91\xf0\x20\x89\xc6\x91\x67\x20\x83\x5a\x20\x8f\xac\x20\x8c\xc2\x20\x8f\x9c\x82\x84\x2e";
static const char text_2523[]="\x93\x7d\x82\xc9\x8f\xda\x2c\x20\x8e\xfa\x95\x69\x91\xac\x83\x89\x8b\xad\x21";
static const char text_2524[]="\x87\xdc\x21\x20\x92\x54\x95\xa8\x81\x58\x20\x83\x4a\x90\x53\x8f\xea\x2e";
static const char text_2525[]="\x90\xe6\x8b\x7a\x83\x73\x20\x8e\xd4\x8b\x92\x91\x96\x20\x91\x80\x95\x69\x8b\x4e\x20\x94\xde\x83\x80\x95\xca\x20\x92\x4e\x8d\xec\x83\x7c\x2e";
static const char text_2526[]="\x8b\xec\x92\x65\x90\xd8\x21";
static const char text_2527[]="\x87\x69\x2c\x20\x8c\xb3\x83\x53\x8a\x69\x91\x4f\x21";
static const char text_2528[]="\x85\x58\x81\x58\x20\x8f\x9f\x20\x8f\xea\x90\xea\x8a\xaa\x3f";
static const char text_2529[]="\x83\x84\x83\x7e\x95\xdf\x2c\x20\x8e\xfa\x95\x69\x91\xac\x83\x89\x8b\xad\x21";
static const char text_2530[]="\x8d\x80\x91\xf0\x20\x92\xe3\x8a\xaa\x91\xbd\x91\x96\x20\x83\x69\x89\xba\x91\x96\x20\x83\x7c\x20\x8d\xec\x82\xf1\x82\x44\x91\xac\x8f\xda\x2e\x20\x92\x4e\x8d\x87\x20\x90\x55\x94\xb2\x8b\x7a\x89\xf1\x82\xc9\x2e";
static const char text_2531[]="\x92\x42\x82\xf1\x20\x85\xa3\x21";
static const char text_2532[]="\x82\xe9\x20\x82\xb8\x8c\xb3\x81\x58\x20\x88\xc5\x90\x69\x8d\x72\x91\xac\x87\x96\x82\xc9\x20\x83\x57\x20\x8c\xaf\x8f\xea\x8e\x78\x20\x85\x59\x81\x58\x20\x92\x4e\x95\xbd\x8a\xaa\x20\x95\xe2\x83\x7c\x8c\x4e\x3f";
static const char text_2533[]="\x91\xac\x8b\x4e\x94\xc5\x8c\x4e\x20\x27\x8e\x63\x8a\xaa\x20\x92\xb2\x21\x27\x89\xf1\x89\xab\x81\x58\x2e";
static const char text_2534[]="\x8f\x95\x8c\x78\x90\x48\x83\x73\x20\x83\x69\x21";
static const char text_2535[]="\x8c\xe3\x8f\x9c\x89\xf1\x2c\x20\x81\x58\x8c\x4e\x20\x91\xd2\x8f\x57\x21";
static const char text_2536[]="\x82\x8c\x20\x91\xac\x92\x63\x20\x83\x54\x91\xf0\x91\xac\x8f\xda\x2e";
static const char text_2537[]="\x92\x5b\x8b\x96\x20\x8e\xf6\x8a\xb4\x97\x52\x8f\xea\x8a\xc8\x83\x7c\x90\xe8\x20\x8d\xec\x8a\x45\x89\xba\x91\xac\x20\x8c\x78\x90\x65\x20\x91\xcc\x8f\xea\x2e";
static const char text_2538[]="\x83\x7c\x93\xaf\x82\xbc\x20\x95\xbd\x92\xb8\x20\x8b\x8b\x21";
static const char text_2539[]="\x95\x83\x92\xe8\x95\xe2\x83\x7c\x2e";
static const char text_2540[]="\x82\xe9\x20\x8f\x8a\x8a\x77\x82\xf1\x20\x81\x47\x91\x96\x20\x82\xb8\x8c\xb3\x92\xa3\x20\x88\x5d\x20\x86\x46\x8b\x7a\x92\xb8\x20\x8b\x8b\x21";
static const char text_2541[]="\x82\xe9\x20\x87\x6c\x8b\x4e\x20\x83\x7c\x93\xaf\x82\xbc\x20\x95\xbd\x92\xb8\x20\x8b\x8b\x21";
static const char text_2542[]="\x54\x56\x20\x8d\x7e\x82\xc9\x20\x90\xd5\x8e\xc0\x91\xe5\x91\xac\x91\xb1\x20\x92\xa3\x20\x8f\xac\x8f\xcc\x8f\xea\x2e";
static const char text_2543[]="\x82\xe9\x8a\x4f\x88\xa4\x20\x92\x5b\x8b\x96\x20\x92\x75\x91\x96\x20\x83\x60\x8e\x7e\x91\xac\x8f\xda\x2e";
static const char text_2544[]="\x91\xac\x20\x88\xa4\x8f\x54\x81\x58\x20\x87\xad\x20\x91\xac\x8a\x4f\x3f";
static const char text_2545[]="\x8f\x6f\x90\xed\x91\xac\x83\x7c\x21\x20\x8c\x8a\x91\xac\x20\x81\xaf\x92\xc7\x82\xb8\x8b\x7a\x83\x73\x82\xe0\x21";
static const char text_2546[]="\x8f\xda\x2c\x20\x83\x6e\x82\xde\x20\x83\x87\x8c\xf0\x20\x90\x48\x8f\xea\x3f";
static const char text_2547[]="\x8b\x97\x81\x58\x89\xe6\x8b\x7a\x8c\x4e\x20\x92\x63\x83\x84\x8a\xc8\x20\x82\xc9\x89\x57\x20\x82\xb5\x21";
static const char text_2548[]="\x92\x42\x20\x83\x60\x8e\x7e\x20\x8c\xb3\x90\xed\x8c\xe3\x83\x73\x82\xde\x83\x55\x2e";
static const char text_2549[]="\x82\xe9\x20\x88\x90\x83\x70\x8b\x7a\x83\x73\x20\x82\xf1\x8d\x90\x2e\x20\x82\xe9\x82\xbc\x20\x8c\xc2\x8a\xc8\x20\x95\x74\x8c\xf0\x82\xa9\x91\xac\x83\x7c\x2e";
static const char text_2550[]="\x8b\x6f\x87\xf2\x8b\x96\x90\x56\x20\x82\xd3\x95\xdf\x20\x8b\x6f\x87\xf2\x8b\x96\x95\xbd\x82\xc9\x20\x91\xcc\x83\x5f\x2e";
static const char text_2551[]="\x83\x57\x20\x92\x8c\x91\xac\x8a\xaa\x20\x95\xbd\x83\x89\x83\x76\x20\x91\xac\x8c\xf7\x87\x89\x20\x96\x5c\x8a\xae\x95\xbd\x82\xbd\x83\x7c\x82\xc9\x3f";
static const char text_2552[]="\x8c\x82\x95\x91\x83\x73\x20\x88\xa4\x8a\xc8\x20\x91\x67\x90\x56\x20\x91\xcc\x83\x7c\x21";
static const char text_2553[]="\x8e\xfa\x95\x69\x91\xac\x83\x89\x8b\xad\x2c\x20\x91\xac\x8b\xf3\x91\xb6\x20\x92\x87\x8e\xb8\x20\x8c\xaf\x8f\xea\x85\xa3\x88\xa4\x20\x83\xc0\x3f";
static const char text_2554[]="\x91\xac\x92\x63\x20\x8f\xac\x82\xbd\x83\x55\x3f";
static const char text_2555[]="\x92\x63\x8c\xe4\x21\x20\x83\x55\x95\xca\x8a\x5b\x20\x8f\x9c\x91\xac\x81\x58\x20\x91\xcc\x8f\xea\x21";
static const char text_2556[]="\x90\x65\x82\xf1\x8f\xda\x21\x20\x90\x65\x83\x43\x20\x85\xa3\x21";
static const char text_2557[]="\x93\x53\x8e\xd4\x95\xca\x83\x7c\x21";
static const char text_2558[]="\x91\xf0\x8c\xb3\x20\x95\xfa\x91\xac\x83\x55\x20\x84\xd9\x82\xc9\x20\x91\xcc\x91\x9d\x20\x89\xca\x81\x58\x20\x8f\x9c\x83\x76\x8f\xda\x21";
static const char text_2559[]="\x91\xd2\x2c\x20\x92\xb8\x82\xaa\x20\x92\xa3\x20\x94\xc5\x83\x76\x83\x4b\x2e";
static const char text_2560[]="\x82\xe9\x8a\x69\x82\xc9\x88\xa4\x20\x8e\xf6\x8a\xb4\x97\x52\x8f\xea\x8a\xc8\x89\xf1\x82\xc9\x20\x8e\x73\x82\xa2\x95\xdf\x3f";
static const char text_2561[]="\x92\x42\x20\x90\x65\x91\xd2\x83\x73\x20\x82\xb8\x88\x90\x8b\x96\x91\x9d\x20\x95\xbd\x82\xc9\x20\x91\xcc\x8f\xea\x21";
static const char text_2562[]="\x88\x5d\x20\x89\xe6\x81\x5e\x83\x5f\x2e";
static const char text_2563[]="\x88\xc5\x8f\x9c\x81\x58\x8f\xda\x20\x95\xdf\x2e\x20\x83\x5a\x20\x92\x5b\x93\x64\x8b\x4e\x20\x8f\xac\x82\xc9\x20\x91\xcc\x8f\xea\x2e\x20\x92\x87\x8d\x72\x20\x8d\xec\x8a\x45\x89\xba\x91\xac\x20\x91\x67\x96\x40\x95\xdf\x2e";
static const char text_2564[]="\x8f\x9c\x92\x87\x20\x8f\x9f\x20\x92\x75\x91\x96\x20\x83\x96\x20\x84\xd8\x8f\xcc\x83\x5f\x2e";
static const char text_2565[]="\x8f\xea\x91\xac\x89\xd2\x21\x20\x8e\xfa\x89\x8c\x20\x85\xe9\x95\xe2\x91\xde\x8f\x9c\x21";
static const char text_2566[]="\x91\xac\x82\xba\x20\x8b\xba\x90\x65\x20\x92\x87\x8b\x8b\x21";
static const char text_2567[]="\x8d\xec\x91\xb1\x95\xdf\x20\x92\xa3\x8a\x4f\x90\xd8\x3f";
static const char text_2568[]="\x54\x56\x90\x56\x8e\x78\x83\x73\x20\x8a\x53\x91\xac\x20\x83\x89\x20\x8b\x92\x8f\x9c\x20\x8d\x7e\x91\xac\x83\x5f\x2e";
static const char text_2569[]="\x82\xe9\x8b\x7a\x82\xc9\x20\x82\xb8\x89\xba\x8b\xba\x82\xb8\x8b\x7a\x8c\x4a\x20\x95\x69\x95\x57\x83\x55\x20\x88\x89\x82\xf1\x92\xb8\x2e";
static const char text_2570[]="\x91\xac\x82\xb9\x20\x92\x4e\x87\xfc\x91\xac\x8f\xda\x2e";
static const char text_2571[]="\x82\xb0\x82\xde\x8b\x7a\x20\x87\xa5\x91\x9d\x20\x91\xbd\x82\xc9\x20\x91\x96\x95\xf1\x91\x9d\x20\x94\xb2\x83\x73\x20\x83\x69\x82\xd1\x20\x81\x47\x91\x96\x20\x93\xa6\x82\xf0\x91\x9d\x20\x8c\xe3\x82\xc9\x20\x8f\x6b\x8f\xea\x3f";
static const char text_2572[]="\x8f\x9c\x2c\x20\x91\xe4\x81\xbf\x2e\x20\x87\xad\x20\x83\x89\x20\x83\x74\x8f\xea\x83\x56\x20\x82\xb8\x8f\xda\x3f";
static const char text_2573[]="\x8c\x8e\x8e\xfb\x20\x8e\xbe\x86\x82\x91\xac\x82\x84\x2c\x20\x85\x61\x8a\x52\x94\xf2\x20\x91\xd2\x8f\x57\x21";
static const char text_2574[]="\x83\x89\x20\x83\x74\x20\x95\xba\x90\xd8\x83\x73\x20\x90\x48\x92\xb8\x20\x8f\xa4\x8f\xcc\x8f\xea\x3f";
static const char text_2575[]="\x83\x5f\x20\x92\x5b\x93\x64\x83\x73\x20\x83\x7c\x89\xba\x20\x8f\x9c\x83\x73\x20\x8d\xec\x8f\x5d\x20\x8f\x9c\x83\x64\x81\x58\x3f";
static const char text_2576[]="\x91\xac\x82\xb9\x20\x83\x5a\x20\x82\xb8\x8f\xda\x21";
static const char text_2577[]="\x82\x8c\x20\x83\x96\x8f\xea\x83\x96\x8d\xb7\x8d\x7e\x83\x7c\x20\x8b\x98\x87\x5f\x20\x83\x84\x83\x7e\x95\xbd\x83\x5f\x2e";
static const char text_2578[]="\x91\xac\x85\xa3\x2c\x20\x83\x84\x96\x82\x8a\xc8\x20\x95\xdf\x82\xc4\x95\xbd\x8a\xaa\x20\x95\xe2\x83\x73\x83\x96\x20\x95\xca\x20\x8c\xec\x20\x8e\x96\x82\xbc\x20\x8b\xba\x90\x65\x8f\xda\x82\xbd\x83\x5f\x2e";
static const char text_2579[]="\x82\xe9\x20\x90\x65\x91\xd2\x83\x73\x20\x82\xe9\x8a\x6c\x20\x8b\x96\x20\x8f\x9f\x20\x95\xe2\x83\x73\x83\x96\x2e";
static const char text_2580[]="\x8c\x82\x95\x91\x20\x8c\xe4\x82\xc3\x21\x20\x8e\xfa\x95\x69\x91\xac\x83\x89\x8b\xad\x91\x9d\x20\x96\x87\x91\xb1\x95\xe2\x83\x7c\x21";
static const char text_2581[]="\x92\x5b\x92\xed\x90\x56\x8e\x78\x83\x73\x20\x8f\x9c\x8c\x8e\x82\xbb\x88\xa4\x20\x95\x83\x92\xe8\x88\xd0\x92\xb8\x20\x8f\xa4\x8f\xcc\x83\x7c\x2e";
static const char text_2582[]="\x82\xe9\x8b\x8f\x20\x8f\x9f\x20\x95\xbd\x8c\x4e\x20\x95\xca\x20\x83\x84\x20\x89\xca\x84\xce\x20\x82\xb8\x8f\xda\x21";
static const char text_2583[]="\x90\x56\x89\xbd\x2c\x20\x91\xac\x82\xb9\x20\x83\x5f\x20\x8c\x78\x8f\x4b\x91\xac\x20\x8f\x9c\x83\x76\x8f\xda\x2e";
static const char text_2584[]="\x8e\xf6\x94\xf2\x81\x58\x20\x83\x5d\x20\x92\x6a\x92\x6e\x95\xbd\x82\xc9\x20\x91\xcc\x8f\xea\x21";
static const char text_2585[]="\x88\x5d\x20\x92\x45\x83\x81\x97\x52\x20\x95\xdf\x21";
static const char text_2586[]="\x8b\xa6\x8c\xf7\x20\x94\xcc\x95\xcf\x20\x82\xbb\x20\x81\x47\x92\xb8\x8b\x8f\x2e";
static const char text_2587[]="\x90\x94\x83\x74\x91\x96\x20\x91\x96\x95\xf1\x20\x8c\xa9\x91\x9d\x20\x85\x8b\x86\xe5\x20\x83\x7a\x8f\xcc\x8f\xea\x3f";
static const char text_2588[]="\x83\x84\x81\x58\x8b\x4e\x20\x93\xaf\x8a\x69\x89\xf1\x21";
static const char text_2589[]="\x91\xac\x83\x57\x91\x9d\x20\x82\xf1\x83\x7c\x8a\xaf\x8f\xea\x2e";
static const char text_2590[]="\x91\xac\x82\xbb\x91\x8a\x8a\xc8\x20\x82\xcf\x82\xbf\x91\x9d\x20\x8b\x8b\x89\x8a\x83\x7c\x2e";
static const char text_2591[]="\x90\x65\x82\xf1\x8f\xda\x21\x20\x91\xac\x92\xdd\x91\x9d\x20\x85\xa3\x21";
static const char text_2592[]="\x8f\xda\x2c\x20\x82\x67\x8f\xea\x89\xba\x92\xb8\x20\x8b\x8b\x21";
static const char text_2593[]="\x90\x94\x83\x74\x91\x96\x20\x8a\xcd\x8e\x73\x20\x91\xce\x92\xb8\x20\x8c\x8b\x95\xcf\x20\x83\x57\x91\xac\x20\x88\xd3\x20\x82\xbb\x91\xac\x83\x7c\x2e";
static const char text_2594[]="\x8f\xda\x21\x20\x92\x42\x83\x69\x20\x85\xa5\x8f\xea\x3f";
static const char text_2595[]="\x8f\x9c\x95\xa8\x83\x5f\x2e";
static const char text_2596[]="\x81\x58\x2c\x20\x81\x58\x21";
static const char text_2597[]="\x91\xac\x84\x88\x20\x8e\xd4\x81\x58\x21\x20\x8e\x63\x8a\xaa\x20\x92\xb2\x21\x20\x83\x6e\x81\x58\x20\x88\x5d\x20\x88\xa4\x90\xb3\x92\xb2\x21";
static const char text_2598[]="\x8f\x9c\x2c\x20\x91\xac\x92\x63\x20\x8c\x8b\x20\x8c\xf5\x95\x57\x82\xbd\x8f\xea\x21";
static const char text_2599[]="\x91\xac\x20\x83\x60\x8e\x7e\x20\x83\x5c\x8c\x8e\x20\x8d\xdb\x89\xf1\x21";
static const char text_2600[]="\x8c\xe4\x85\x73\x20\x92\x6a\x8f\x64\x95\xdf\x21";
static const char text_2601[]="\x92\xb8\x95\xa8\x20\x8d\x87\x83\x84\x2c\x20\x89\xe0\x85\x8f\x20\x8f\xac\x95\x69\x8a\xc8\x20\x91\xac\x88\xca\x2e";
static const char text_2602[]="\x8f\x54\x8e\xfa\x94\xc7\x20\x92\x63\x8f\xea\x82\xe2\x20\x82\xab\x92\x63\x20\x92\x4e\x96\x96\x21";
static const char text_2603[]="\x8d\xdb\x8b\x7a\x20\x92\x8c\x8f\xea\x21\x20\x92\x8c\x91\x8a\x89\xf1\x82\xc9\x21";
static const char text_2604[]="\x8b\x96\x95\xe2\x91\xde\x8f\x9c\x21\x20\x91\xac\x20\x81\xaf\x93\x49\x90\x56\x8e\x78\x20\x91\xd2\x92\x87\x20\x8d\x7e\x91\xb1\x83\x7c\x82\xc9\x21";
static const char text_2605[]="\x8c\xec\x82\xed\x20\x85\x58\x87\x96\x92\xb8\x3f";
static const char text_2606[]="\x82\xe9\x8a\x4f\x20\x85\xa3\x8f\xda\x20\x83\x55\x20\x8b\x96\x82\xcc\x20\x8b\x96\x95\xcf\x20\x8e\x67\x83\x84\x88\xa4\x20\x90\x48\x92\xb8\x8b\x8f\x2e";
static const char text_2607[]="\x90\x5f\x95\x69\x91\xac\x8f\xea\x20\x8e\xfa\x94\xc5\x91\xac\x94\xf2\x20\x83\x84\x95\xc7\x2e\x20\x83\x5a\x20\x92\xb8\x8b\x97\x20\x31\x8e\xe3\x91\x67\x20\x95\xc7\x82\xdd\x8f\xda\x2e";
static const char text_2608[]="\x83\x69\x91\xac\x20\x8f\xf3\x8b\x8b\x83\x55\x20\x95\xca\x8f\x64\x95\xca\x20\x8d\xec\x83\x5a\x91\xb1\x92\xb8\x2e";
static const char text_2609[]="\x8f\x5c\x8c\xa9\x20\x88\x5d\x20\x8d\x7e\x90\x65\x20\x92\xb2\x2e\x20\x82\xc5\x8b\x8b\x20\x82\xc4\x82\xd1\x81\x58\x20\x81\x9c\x82\xed\x95\xdf\x8e\x78\x2e";
static const char text_2610[]="\x8e\xfa\x95\x69\x91\xac\x83\x89\x8b\xad\x2c\x20\x90\x65\x91\xd2\x20\x89\x8a\x82\xde\x20\x91\xcc\x8f\xea\x3f";
static const char text_2611[]="\x91\xac\x85\xa3\x2c\x20\x85\x58\x20\x95\xbd\x83\x73\x20\x82\xb8\x8f\xda\x3f";
static const char text_2612[]="\x82\xbc\x83\x7c\x81\x58\x20\x83\x54\x88\xa4\x20\x90\x48\x83\x7c\x8c\x4e\x2e\x2e\x2e";
static const char text_2613[]="\x8f\x9c\x95\xa8\x83\x7c\x83\x76\x83\x4b\x21";
static const char text_2614[]="\x82\xed\x8c\xec\x20\x88\xc5\x8f\x9c\x90\xac\x20\x82\xb8\x8f\xda\x2e\x20\x8f\xac\x8f\xcc\x92\xb8\x3f\x20\x92\x8d\x8d\xc4\x2c\x20\x93\x94\x8c\xe4\x21";
static const char text_2615[]="\x83\x5f\x81\x58\x20\x83\x72\x90\xda\x90\x56\x20\x90\xd4\x91\x9d\x20\x89\xca\x20\x8b\x96\x95\xe2\x91\xde\x8f\x9c\x2e\x20\x94\xf5\x91\xac\x95\xca\x20\x8d\x80\x91\xf0\x91\x9d\x20\x95\xca\x20\x83\x69\x89\xba\x82\xd1\x83\x73";
static const char text_2616[]="\x8f\x6f\x90\xe6\x92\xb8\x20\x8b\x96\x89\xf1\x82\xc9\x2e";
static const char text_2617[]="\x93\x8a\x2c\x20\x93\x8a\x91\x4f\x2e";
static const char text_2618[]="\x85\xa3\x21\x20\x8e\xfa\x95\x69\x91\xac\x83\x89\x8b\xad\x91\xac\x83\x7c\x21";
static const char text_2619[]="\x8c\x5a\x8a\xc3\x95\xcf\x20\x89\xca\x83\x4b\x92\xb8\x20\x8f\x9c\x8c\x8e\x88\xa4\x20\x90\xed\x92\xbc\x91\xac\x92\xb8\x20\x8b\x8b\x2e";
static const char text_2620[]="\x8f\x9c\x92\xbc\x88\xa4\x20\x81\x58\x86\xcd\x91\xac\x20\x88\xd9\x81\xaf\x82\xb8\x8a\xaa\x2e";
static const char text_2621[]="\x91\xac\x20\x83\x60\x8e\x7e\x20\x83\x84\x93\x64\x20\x85\x58\x8f\xda\x21";
static const char text_2622[]="\x8d\x87\x89\xfc\x91\xac\x8f\xda\x21\x20\x82\xe9\x8b\x8f\x95\xdf\x21";
static const char text_2623[]="\x92\x42\x82\xb8\x20\x8d\x7e\x91\xac\x83\x73\x20\x8d\xec\x8a\x45\x20\x91\xcc\x83\x55\x3f";
static const char text_2624[]="\x82\xf1\x8f\xea\x88\xa4\x20\x8c\x8b\x20\x8c\xc2\x82\x4c\x3f";
static const char text_2625[]="\x94\x7a\x20\x8c\xf5\x8a\xaa\x89\xf1\x21";
static const char text_2626[]="\x83\x7c\x93\xaf\x82\xbc\x20\x95\xbd\x92\xb8\x20\x8b\x8b\x8e\x96\x90\xd8\x21";
static const char text_2627[]="\x91\xac\x92\x63\x20\x82\xe9\x8b\x8f\x88\xd9\x82\xbd\x8f\xea\x21";
static const char text_2628[]="\x95\xbd\x2c\x20\x8c\xec\x82\xed\x20\x82\xb9\x20\x8f\xea\x83\xf4\x82\x84\x3f";
static const char text_2629[]="\x87\xef\x81\xf9\x83\x55\x20\x8d\x87\x8b\x7a\x83\x73\x20\x83\x69\x21";
static const char text_2630[]="\x8d\xec\x92\xc4\x20\x88\xe8\x91\x9d\x20\x82\xf1\x96\xb3\x83\x73\x20\x8f\xed\x92\x63\x20\x90\x94\x8a\xaa\x83\x55\x3f";
static const char text_2631[]="\x90\x73\x8e\x67\x90\x56\x20\x91\xac\x8e\x67\x20\x8c\xe4\x8e\x73\x21";
static const char text_2632[]="\x82\xe9\x20\x8c\xd6\x90\x56\x20\x8c\x8e\x82\xf1\x20\x8f\x54\x8e\xfa\x94\xc7\x90\x56\x20\x8c\xa9\x92\x63\x81\x58\x20\x91\xcc\x83\x73\x20\x8d\xec\x8a\x45\x20\x90\x48\x83\x55\x3f";
static const char text_2633[]="\x8f\xea\x89\xbd\x8d\x87\x94\xb2\x20\x8f\x54\x91\xd6\x95\xdf\x8f\xda\x20\x95\xcf\x83\x4b\x3f";
static const char text_2634[]="\x8e\x78\x88\xd9\x8b\x43\x92\xb8\x20\x8f\xa4\x91\x8a\x8c\x4e\x20\x90\x56\x89\xbd\x8b\x4e\x20\x8b\x8e\x82\xf1\x88\xa4\x20\x92\x4e\x90\x56\x20\x92\x5b\x8f\x5c\x91\x9d\x20\x91\xb9\x82\xbd\x8f\xea\x21";
static const char text_2635[]="\x8f\xda\x21\x20\x92\x42\x83\x69\x20\x8d\xd7\x8b\x43\x83\x7c\x21";
static const char text_2636[]="\x95\xca\x20\x8c\xec\x20\x83\x89\x20\x82\xa6\x83\x7c\x21";
static const char text_2637[]="\x92\x5b\x8b\x96\x20\x92\x42\x20\x8d\xec\x8a\x45\x89\xba\x20\x87\xad\x20\x92\x42\x8a\x4f\x3f";
static const char text_2638[]="\x82\xe9\x83\x60\x8b\x4e\x20\x83\x96\x8b\x7a\x82\xc9\x20\x91\xac\x88\xca\x95\xcf\x20\x8e\xe3\x20\x90\x48\x8f\xea\x2e\x20\x90\x56\x89\xbd\x81\x58\x20\x83\x89\x20\x8d\xdb\x89\xf1\x21";
static const char text_2639[]="\x8c\xaf\x8a\x69\x83\x55\x89\xf1\x82\xc9\x20\x95\xe2\x91\xde\x8f\x9c\x21";
static const char text_2640[]="\x82\xe9\x8a\x4f\x2c\x20\x82\xe9\x8a\x4f\x21\x20\x88\xcd\x91\x8a\x83\x76\x83\x4b\x20\x8d\xc4\x93\xef\x20\x92\xb2\x21";
static const char text_2641[]="\x92\x42\x82\xbb\x20\x88\x5d\x20\x85\xa3\x21";
static const char text_2642[]="\x83\x88\x8a\xc4\x8a\xc8\x20\x94\x73\x8e\xfa\x89\xf1\x88\xa4\x20\x95\xdf\x20\x92\x87\x8c\x4e\x20\x92\x75\x82\xbd\x83\x73\x83\x96\x2e";
static const char text_2643[]="\x91\xac\x82\xba\x20\x8f\xf3\x82\xe1\x90\x56\x20\x89\xba\x91\xac\x83\x84\x8c\x4e\x20\x83\x69\x89\xba\x88\xa4\x20\x83\x4f\x92\xdc\x20\x8c\x8b\x20\x95\xdf\x2e\x20\x8f\x9c\x8c\x8e\x82\xbb\x88\xa4\x20\x8c\x8b";
static const char text_2644[]="\x95\xca\x83\x7c\x82\xc9\x2e";
static const char text_2645[]="\x8b\xbf\x2c\x20\x92\x63\x8c\xfc\x91\xb1\x83\x96\x2e";
static const char text_2646[]="\x83\x5c\x8a\x46\x20\x81\x47\x91\x96\x20\x82\xce\x90\x56\x20\x91\xcc\x83\x7c\x83\x73\x20\x82\xbc\x20\x92\xf7\x95\xb6\x95\xdf\x2e";
static const char text_2647[]="\x8f\x9c\x8c\x8e\x94\xfc\x20\x83\x56\x20\x91\xac\x92\x63\x20\x88\xcd\x83\x7c\x82\xc9\x20\x8e\x73\x82\xa2\x95\xe2\x92\xb8\x2e\x20\x82\xe9\x20\x83\x60\x8e\x7e\x88\xa4\x20\x90\xb6\x92\x4e\x97\x52\x20\x8c\x78\x8b\x4c";
static const char text_2648[]="\x89\x4b\x95\xbd\x83\x76\x83\x4b\x20\x83\x56\x2e\x2e\x2e";
static const char text_2649[]="\x95\xbd\x83\x55\x2c\x20\x88\xf3\x21\x20\x8d\xdb\x8b\x7a\x21";
static const char text_2650[]="\x87\x8e\x8f\x54\x20\x8d\xec\x8f\x5d\x91\x96\x20\x92\x75\x91\x96\x20\x8d\xec\x8a\x45\x91\xac\x90\x53\x83\x5f\x90\xd8\x2e";
static const char text_2651[]="\x95\xdb\x82\xcf\x20\x8d\x87\x83\x84\x2c\x20\x83\xa9\x94\x7a\x20\x38\x20\x95\xdb\x8a\xc8\x8a\xc8\x20\x91\xac\x88\xca\x95\xbd\x89\xf1\x2e";
static const char text_2652[]="\x83\x69\x88\xa4\x20\x92\x4e\x8d\x87\x20\x92\xe1\x8f\x9c\x90\x94\x92\xc4\x20\x8c\x8b\x95\xdf\x21\x20\x96\xef\x8f\xea\x92\x65\x21";
static const char text_2653[]="\x8e\xfa\x95\x69\x91\xac\x83\x89\x8b\xad\x91\xac\x89\xf1\x82\xc9\x3f\x20\x8e\x8e\x8b\x8b\x21";
static const char text_2654[]="\x8d\x72\x96\x7b\x8d\xec\x8b\x4e\x20\x8d\x87\x8b\x4e\x20\x82\xb8\x8f\xda\x21";
static const char text_2655[]="\x83\x5c\x8b\xc0\x83\x73\x20\x82\xde\x87\x8e\x92\xc7\x91\xac\x20\x83\x55\x21";
static const char text_2656[]="\x8f\x9c\x8f\xda\x8f\xda\x21";
static const char text_2657[]="\x82\xc9\x8b\x8b\x91\x4f\x2e";
static const char text_2658[]="\x90\xe6\x90\xb3\x2c\x20\x92\x5b\x8b\x96\x20\x8b\xec\x90\x48\x83\x7c\x21";
static const char text_2659[]="\x85\x58\x89\xab\x20\x8b\x8b\x91\xa4\x83\x84\x8a\xc8\x20\x95\xdf\x2e";
static const char text_2660[]="\x90\xab\x82\xaf\x20\x82\xce\x91\xac\x20\x83\x7c\x20\x8b\xbd\x85\xe8\x20\x88\x4d\x90\x53\x8f\xea\x2e";
static const char text_2661[]="\x90\x94\x92\xb8\x20\x8b\x8b\x21\x20\x90\x94\x92\xb8\x20\x8b\x8b\x21";
static const char text_2662[]="\x91\xe4\x87\xa5\x20\x91\xbd\x91\x96\x20\x83\x69\x88\xe4\x91\xac\x8f\xda\x20\x8f\x57\x91\x96\x20\x92\x8c\x20\x8b\xba\x82\xf1\x92\xb8\x2e";
static const char text_2663[]="\x92\xb8\x83\x56\x92\x87\x90\x56\x20\x82\xd3\x8b\x7a\x8b\x4e\x20\x8e\xc0\x85\xa5\x91\x9d\x20\x89\xca\x83\x73\x20\x8f\x9c\x8c\x8e\x88\xa4\x20\x83\x6f\x20\x95\xbd\x83\x55\x20\x81\xc2\x92\xdc\x20\x8f\x9f";
static const char text_2664[]="\x95\xe2\x91\xde\x8f\x9c\x3f";
static const char text_2665[]="\x89\x55\x2c\x20\x82\xc9\x91\xd6\x20\x81\x58\x83\x40\x83\x7c\x89\xf3\x20\x92\xa3\x20\x89\xc6\x91\x67\x90\x56\x21";
static const char text_2666[]="\x92\xe3\x83\x73\x20\x83\x5a\x81\x58\x20\x81\x58\x92\x65\x82\xa6\x83\x7c\x21\x20\x8f\xea\x8e\x78\x20\x8d\xc4\x93\xef\x21";
static const char text_2667[]="\x8f\x8a\x8a\x69\x89\xe6\x8b\x7e\x20\x89\x68\x20\x82\xb8\x8c\xb3\x92\xa3\x8a\xc8\x20\x8c\x9d\x92\xb8\x20\x8f\xa4\x91\x8a\x8c\x4e\x20\x82\xc8\x8e\xbe\x20\x83\xa3\x85\x96\x89\xba\x20\x82\xb8\x8f\xda\x2e";
static const char text_2668[]="\x95\xdf\x82\x82\x83\x7c\x21\x20\x92\x5b\x8b\x96\x20\x82\xf1\x85\xe7\x21\x20\x8f\x9f\x20\x82\xe9\x84\x81\x91\x8a\x8c\x4e\x20\x8e\xb8\x8b\x7a\x20\x83\x5a\x8e\x78\x20\x8b\x96\x20\x8f\x9f\x20\x95\xe2\x82\xbd\x92\xb8\x2e";
static const char text_2669[]="\x91\x8a\x2c\x20\x92\xb8\x8c\x4e\x20\x96\x82\x81\x58\x20\x83\x56\x83\x7c\x83\x76\x83\x4b\x21";
static const char text_2670[]="\x84\xe7\x93\x5f\x95\xca\x20\x88\x90\x91\xac\x8f\xda\x21";
static const char text_2671[]="\x89\x68\x93\x49\x92\xb8\x82\xc9\x20\x91\xcc\x8f\xea\x2c\x20\x82\xdc\x8c\xaf\x8f\x9c\x21";
static const char text_2672[]="\x91\xe4\x87\xa5\x20\x91\xd2\x8f\x57\x21";
static const char text_2673[]="\x83\x7e\x81\x76\x20\x91\xab\x8d\xec\x95\xca\x94\xc5\x20\x92\xc4\x92\xed\x20\x88\x5d\x20\x8c\xe3\x8f\x9c\x2e\x20\x90\xab\x8c\x8a\x20\x92\x4e\x8d\x87\x2e";
static const char text_2674[]="\x83\x5f\x81\x58\x20\x83\x72\x90\xda\x90\x56\x20\x90\xd4\x91\x9d\x20\x89\xca\x20\x8b\x96\x95\xe2\x91\xde\x8f\x9c\x3f\x20\x94\xf5\x91\xac\x95\xca\x20\x8d\x80\x91\xf0\x91\x9d\x20\x95\xca\x20\x83\x69\x89\xba\x82\xd1\x83\x73";
static const char text_2675[]="\x82\xe9\x20\x8d\xc4\x8c\xbb\x88\xa4\x20\x89\xba\x93\xef\x20\x8c\xf5\x8a\xaf\x92\xb8\x8b\x8f\x2e";
static const char text_2676[]="\x8f\xea\x89\xbd\x8b\x4e\x20\x81\x58\x89\xab\x20\x91\xb6\x91\x96\x20\x81\x58\x92\x65\x81\x58\x8f\xda\x92\xb8\x2e";
static const char text_2677[]="\x8f\x9c\x8f\xda\x21\x20\x92\x6a\x8f\x64\x20\x88\x5d\x20\x95\xdf\x21";
static const char text_2678[]="\x92\x42\x20\x83\x60\x8e\x7e\x91\x9d\x20\x92\x8c\x90\x65\x21";
static const char text_2679[]="\x83\x58\x95\x7a\x91\x9d\x20\x91\xb9\x91\x96\x20\x92\xca\x90\x56\x8e\x78\x20\x82\xc8\x8e\xbe\x20\x8d\xec\x8f\x54\x83\x73\x20\x8b\xf3\x91\xac\x20\x86\xb1\x8c\x78\x81\x58\x20\x8f\x9f\x94\x7a\x83\x4b\x91\x4f\x2e";
static const char text_2680[]="\x90\x65\x82\xf1\x81\x58\x20\x8c\xb3\x89\x88\x94\x7a\x90\xe8\x20\x82\xc9\x89\xbb\x95\xc7\x82\xdd\x8f\xda\x2e";
static const char text_2681[]="\x8f\xda\x96\x7b\x21";
static const char text_2682[]="\x8f\x5c\x8e\x96\x20\x92\x69\x8f\xea\x2e";
static const char text_2683[]="\x8f\xea\x89\xca\x3f";
static const char text_2684[]="\x92\xb8\x8e\x67\x20\x91\xd6\x92\x4e\x20\x8e\xd4\x95\xf1\x20\x92\xa7\x2e";
static const char text_2685[]="\x89\xce\x8f\xea\x92\x65\x21";
static const char text_2686[]="\x91\xac\x82\xba\x8a\xc8\x20\x31\x30\x8b\x8f\x91\xac\x89\xf1\x83\x76\x2c\x20\x83\x5c\x8c\x8e\x20\x88\x9a\x88\x97\x95\xca\x83\x96\x2e";
static const char text_2687[]="\x8f\xac\x8f\xcc\x8f\xea\x2e\x20\x91\xac\x8c\xf7\x91\xac\x20\x8b\x8b\x92\xb8\x8b\x8e\x91\xac\x8f\xda\x2e";
static const char text_2688[]="\x83\x89\x2c\x20\x83\xa3\x85\x96\x20\x85\xa3\x21";
static const char text_2689[]="\x8f\x9c\x8c\xf5\x92\xb8\x20\x8d\x72\x96\x7b\x8d\xec\x8b\x4e\x20\x8d\x91\x8a\x69\x8f\xda\x20\x95\xbd\x83\x55\x3f";
static const char text_2690[]="\x82\xe9\x82\xb8\x20\x83\x5a\x8a\xaa\x8c\xe3\x8f\xcc\x8f\xea\x2e";
static const char text_2691[]="\x91\xd2\x2c\x20\x82\xe9\x8a\x6d\x20\x83\x54\x91\xf0\x91\x9d\x20\x8d\x7e\x91\xd2\x21";
static const char text_2692[]="\x83\x6e\x82\xde\x92\xb8\x3f";
static const char text_2693[]="\x92\x4e\x8f\x5c\x20\x92\x5b\x8d\xc4\x8b\x4e\x20\x90\x85\x8f\xdb\x95\xdf\x20\x89\x45\x2e";
static const char text_2694[]="\x92\xb8\x95\xa8\x20\x8d\x87\x83\x84\x2c\x20\x92\xa3\x8b\x7a\x87\x8c\x20\x89\xe0\x85\x8f\x91\x8a\x8a\xc8\x20\x91\xac\x88\xca\x95\xbd\x89\xf1\x2e";
static const char text_2695[]="\x92\x42\x83\x69\x89\xba\x90\x56\x82\xbc\x20\x82\xb8\x8c\xb3\x92\xa3\x20\x92\x40\x8a\xed\x8d\xc4\x8b\x4e\x20\x93\x5f\x82\xde\x95\xbd\x82\xc9\x20\x8f\x6b\x83\x5f\x2e\x20\x27\x8f\x5d\x81\x43";
static const char text_2696[]="\x31\x30\x83\x80\x8a\x69\x91\xbd\x83\x76\x83\x7c\x2e\x27";
static const char text_2697[]="\x83\x5a\x81\x58\x20\x83\xf4\x83\x55\x8c\x4e\x20\x8b\xf3\x91\xac\x20\x86\xb1\x8c\x78\x90\xb3\x20\x8b\xf3\x8b\x7a\x20\x92\x63\x91\xb1\x91\x96\x2e\x2e\x2e";
static const char text_2698[]="\x87\x87\x89\x88\x8b\x7a\x89\xf1\x82\xc9\x20\x95\xe2\x91\xde\x8f\x9c\x21\x20\x92\x5b\x8b\x96\x2c\x20\x8c\x5a\x8a\xc3\x20\x8f\x9f\x20\x89\xba\x91\x9d\x20\x82\xb8\x8f\xda\x3f";
static const char text_2699[]="\x95\x83\x82\xf1\x95\xdf\x21";
static const char text_2700[]="\x8f\x9c\x8f\xda\x8f\xda\x8f\xda\x21";
static const char text_2701[]="\x87\x69\x2c\x20\x89\xce\x8f\xea\x92\xc4\x83\x7c\x21\x20\x89\xce\x8f\xea\x92\x65\x21";
static const char text_2702[]="\x8d\x87\x89\xfc\x91\xac\x8f\xda\x21\x20\x83\x89\x83\x73\x20\x89\xca\x8b\x7a\x92\xb8\x20\x8b\x8b\x21";
static const char text_2703[]="\x83\x5a\x20\x8e\x6e\x20\x92\xe3\x20\x85\xa5\x8f\xea\x3f";
static const char text_2704[]="\x91\xac\x84\x8d\x82\xbc\x20\x95\xbd\x83\x73\x20\x82\xb8\x8f\xda\x21";
static const char text_2705[]="\x82\xe9\x20\x92\x5b\x88\xa4\x20\x8f\x5d\x8a\xae\x91\xac\x89\xf1\x8c\x4e\x20\x8c\x9d\x8f\xea\x20\x85\xa5\x91\xd2\x20\x8e\xb8\x90\xdd\x90\x48\x82\xbd\x92\xb8\x2e";
static const char text_2706[]="\x83\x55\x86\x4e\x92\xb8\x20\x8f\xa4\x82\xe0\x2e";
static const char text_2707[]="\x90\xe6\x8b\x7a\x20\x91\xa4\x8f\x9d\x20\x93\xa6\x95\xfa\x91\x96\x20\x8d\x72\x95\xbd\x92\xb8\x20\x8f\xa4\x83\x73\x82\xde\x83\x55\x2e";
static const char text_2708[]="\x8f\xda\x2c\x20\x92\x42\x82\xb8\x20\x8e\xfa\x95\x69\x91\xac\x83\x89\x8b\xad\x91\xac\x8f\xda\x3f\x20\x85\xcc\x20\x8b\xa4\x91\xac\x8f\xda\x3f\x20\x8f\xea\x83\x40\x20\x92\xdd\x91\xac\x89\xab\x20\x82\xf1\x8d\x90";
static const char text_2709[]="\x83\x55\x86\x4f\x20\x83\x69\x91\xac\x82\xe0\x2e";
static const char text_2710[]="\x83\x65\x8a\xae\x91\x96\x20\x92\xa7\x90\xd8\x95\xbd\x92\xb8\x8b\x8f\x2c\x20\x8f\x9f\x20\x88\xd0\x83\x73\x20\x91\xb6\x88\xa4\x20\x91\xcc\x83\x73\x20\x8c\xfc\x91\xac\x8f\xda\x2e";
static const char text_2711[]="\x92\xbc\x88\x4b\x20\x8b\x8f\x89\xab\x20\x8d\x80\x91\xf0\x91\x9d\x20\x91\xbd\x91\x96\x20\x83\x69\x91\x96\x20\x82\xb9\x89\x88\x8b\x7a\x92\xb8\x20\x8b\x8b\x2e\x20\x83\x81\x95\xbd\x82\xc9\x20\x90\xea\x8e\x67\x91\x9d";
static const char text_2712[]="\x88\x90\x82\xbc\x20\x88\xd3\x20\x86\x48\x91\xac\x8f\xda\x2e";
static const char text_2713[]="\x87\xd5\x8f\x9f\x91\x8a\x8a\xc8\x20\x96\x87\x91\xb1\x95\xe2\x8f\x4b\x83\x76\x83\x7c\x2e";
static const char text_2714[]="\x96\x82\x92\x40\x20\x90\x85\x8c\xec\x91\x96\x20\x95\xca\x20\x8d\xec\x8a\x45\x20\x95\xca\x20\x8d\xec\x8a\x45\x91\xab\x20\x83\x65\x8a\xae\x90\x56\x8e\x78\x21";
static const char text_2715[]="\x83\x5a\x8c\xf5\x8a\xaa\x20\x89\x45\x21";
static const char text_2716[]="\x90\xe8\x88\xa4\x20\x95\xca\x20\x8c\xf7\x86\x48\x91\xac\x8f\xda\x21";
static const char text_2717[]="\x8f\xea\x89\xbd\x20\x95\xca\x8c\xf7\x20\x95\xdf\x20\x8d\x7e\x91\xd2\x82\xc9\x21";
static const char text_2718[]="\x85\x58\x89\xab\x20\x92\x45\x83\x81\x97\x52\x20\x8f\x54\x82\xa6\x20\x89\xca\x90\xea\x20\x82\xb8\x8b\x7a\x8b\x4e\x20\x93\x44\x8f\x9c\x20\x89\x45\x2e";
static const char text_2719[]="\x8b\x8b\x83\x87\x20\x91\x66\x88\xa4\x20\x83\x5c\x8d\x7e\x83\x7e\x20\x8d\xdb\x84\x78\x83\x8b\x20\x82\xbb\x20\x81\x47\x91\x96\x83\x96\x3f";
static const char text_2720[]="\x83\xa3\x85\x96\x2c\x20\x82\xdc\x8c\xaf\x8f\x9c\x21";
static const char text_2721[]="\x8b\x62\x21\x20\x91\xac\x84\x8d\x82\xbc\x20\x95\xbd\x83\x73\x20\x82\xb8\x8f\xda\x21";
static const char text_2722[]="\x89\x68\x8a\xc8\x20\x88\xc5\x8f\x9c\x82\xa8\x20\x8c\xec\x8c\xfc\x91\xac\x20\x91\xcc\x91\x9d\x20\x82\xb8\x8f\xda\x2e";
static const char text_2723[]="\x8b\xbd\x87\x5f\x20\x88\xd9\x89\xba\x82\xbe\x20\x95\x74\x20\x92\x87\x8b\x8b\x2c\x20\x91\xac\x20\x91\xd2\x8f\x57\x21";
static const char text_2724[]="\x8d\x91\x91\x9d\x20\x83\x53\x92\xb8\x20\x8f\xa4\x91\x8a\x8c\x4e\x20\x92\xe3\x81\x58\x20\x95\x90\x8c\xe4\x95\xcf\x20\x82\xb8\x8f\xda\x2e\x20\x92\x42\x20\x8d\xec\x8a\x45\x88\xa4\x20\x82\x67\x8f\xea\x20\x91\xcc\x8f\xea\x2e";
static const char text_2725[]="\x8f\x54\x82\xa6\x91\xac\x20\x90\x48\x8f\xea\x21";
static const char text_2726[]="\x91\x8a\x2c\x20\x92\xb8\x8c\x4e\x20\x96\x82\x81\x58\x20\x83\x55\x21";
static const char text_2727[]="\x82\xe9\x89\xba\x91\x96\x20\x83\x84\x8e\x78\x8f\xe6\x20\x95\xca\x81\x58\x90\xe8\x83\x96\x20\x82\xed\x8d\xd0\x20\x95\xb6\x89\xf1\x8c\xb3\x89\x88\x2c\x20\x83\x56\x20\x81\x7a\x8a\xa5\x83\x5a\x20\x83\x55\x83\x73";
static const char text_2728[]="\x92\xb8\x95\xbd\x8f\x5d\x2e\x20\x8d\x91\x82\xcf\x8a\xcd\x95\xdf\x2e";
static const char text_2729[]="\x83\x81\x8f\x5c\x88\xa4\x20\x85\xa5\x8f\xea\x3f";
static const char text_2730[]="\x92\x63\x8c\xfc\x20\x92\x75\x91\x96\x20\x8f\x4f\x8d\x87\x81\x58\x20\x88\xd0\x82\xbd\x92\xb8\x8b\x8f\x20\x82\x8c\x20\x91\xac\x83\x43\x20\x8e\xd4\x20\x90\x48\x8f\xea\x2e";
static const char text_2731[]="\x95\xbd\x83\x55\x20\x95\xdf\x82\xc4\x21\x20\x91\xd2\x2c\x20\x83\x7c\x91\xa4\x21";
static const char text_2732[]="\x91\xac\x82\xbc\x20\x8d\x7e\x91\xac\x82\x84\x3f\x20\x8f\xea\x3f";
static const char text_2733[]="\x91\xac\x8a\x6c\x20\x83\x96\x20\x90\xac\x20\x8e\x73\x82\xa2\x91\x96\x20\x90\x48\x90\x53\x83\x73\x83\x96\x2e";
static const char text_2734[]="\x8c\x8b\x20\x91\xac\x82\xf1\x82\xbd\x8f\xea\x2e\x2e\x2e";
static const char text_2735[]="\x91\xe4\x81\xbf\x8b\x8f\x21";
static const char text_2736[]="\x92\x63\x8c\xe4\x21\x20\x8e\x63\x8a\xaa\x20\x92\xb2\x21";
static const char text_2737[]="\x91\xa4\x8f\x9d\x20\x93\xa6\x95\xfa\x91\x96\x20\x8d\x72\x95\xbd\x92\xb8\x20\x8f\xa4\x83\x73\x82\xde\x83\x55\x2e";
static const char text_2738[]="\x8f\x9c\x8f\xda\x21\x20\x8f\x9c\x95\xa8\x83\x7c\x82\xc9\x21";
static const char text_2739[]="\x8d\xec\x8a\xc3\x8d\x87\x2c\x20\x90\x46\x96\x7b\x20\x8c\xc2\x8a\x45\x21";
static const char text_2740[]="\x8c\x82\x95\x91\x20\x8c\xb3\x96\x87\x91\xb1\x21";
static const char text_2741[]="\x82\xc9\x84\xd6\x83\x7c\x2c\x20\x81\xe9\x8b\x8b\x8f\xda\x2e";
static const char text_2742[]="\x92\x4e\x82\xf1\x20\x90\xd8\x82\xed\x91\x96\x20\x82\x7d\x20\x8e\xd4\x20\x91\xcc\x8f\xea\x3f";
static const char text_2743[]="\x83\x5f\x81\x58\x20\x94\xcc\x83\x76\x20\x8e\xfa\x94\x7a\x94\x65\x89\xf1\x83\x73\x20\x82\x47\x91\x9d\x20\x82\x4e\x8f\xea\x2e";
static const char text_2744[]="\x90\x47\x82\xe9\x8a\x77\x91\xac\x89\x88\x83\x73\x20\x90\x46\x93\x5f\x20\x8d\xc4\x8f\x6f\x83\x76\x83\x4b\x20\x83\x7c\x91\xa4\x20\x91\xb6\x91\x96\x20\x8e\x91\x82\xcf\x8f\x54\x93\xef\x8f\xda\x20\x95\xdf\x2e";
static const char text_2745[]="\x82\xb8\x8c\xb3\x20\x83\x60\x8e\x7e\x91\xac\x83\x7c\x21";
static const char text_2746[]="\x91\x67\x83\x7c\x21";
static const char text_2747[]="\x8f\x9c\x2c\x20\x91\xac\x92\x63\x20\x95\xca\x82\xc8\x8f\xda\x21";
static const char text_2748[]="\x91\xac\x85\xa3\x2c\x20\x8c\xec\x82\xed\x20\x82\xb9\x20\x83\x55\x88\xa4\x20\x8f\x9c\x83\x73\x20\x95\x91\x96\x59\x91\xac\x90\x53\x8f\xea\x2e";
static const char text_2749[]="\x8c\x8e\x2c\x20\x8c\x8e\x8e\xfb\x20\x88\x90\x91\xac\x8f\xda\x3f";
static const char text_2750[]="\x82\xe9\x8a\x6c\x83\x96\x20\x8f\x9c\x8c\x8e\x20\x91\xb6\x88\xa4\x20\x8f\x9f\x20\x91\xb6\x8f\xea\x83\x55\x83\x5f\x2e";
static const char text_2751[]="\x92\xb8\x82\xed\x8d\x87\x94\xb2\x20\x91\xac\x82\xb9\x20\x83\x5a\x20\x92\xe3\x8f\xda\x2e";
static const char text_2752[]="\x8f\xea\x3f\x20\x92\x42\x82\xb9\x2e\x2e\x2e";
static const char text_2753[]="\x91\xe4\x81\xbf\x2c\x20\x91\xe4\x81\xbf\x8b\x8f\x21\x20\x94\x7a\x91\xbc\x21";
static const char text_2754[]="\x8e\xfa\x95\x69\x91\xac\x83\x89\x8b\xad\x91\xac\x20\x88\xd0\x83\x43\x20\x91\xe3\x95\xe2\x83\x73\x92\xb8\x88\xa4\x20\x8c\x88\x89\xf1\x2e";
static const char text_2755[]="\x87\x8e\x8f\x54\x20\x8d\xec\x8f\x5d\x91\x96\x20\x92\x75\x91\x96\x20\x83\x60\x8e\x7e\x91\xac\x82\xde\x83\x55\x21";
static const char text_2756[]="\x8f\x9c\x2c\x20\x8d\xd7\x8b\x43\x83\x5f\x21";
static const char text_2757[]="\x8c\xdd\x92\xdc\x8c\xdd\x92\xdc\x95\xdf\x8e\x78\x20\x90\x85\x86\x4e\x83\x5f\x21";
static const char text_2758[]="\x8f\xea\x8b\xb6\x2c\x20\x8e\xfa\x95\x69\x91\xac\x83\x89\x8b\xad\x3f\x20\x8f\x9c\x83\x76\x2c\x20\x94\xf2\x84\x7e\x8e\xfa\x94\xb2\x82\xde\x83\x55\x21";
static const char text_2759[]="\x82\xcf\x82\xbf\x20\x8c\x5a\x8a\xc3\x91\xac\x83\x7c\x21";
static const char text_2760[]="\x8d\x73\x82\xbb\x88\xa4\x20\x8f\x9c\x83\x76\x83\x5f\x2e";
static const char text_2761[]="\x8f\x9c\x8c\x8e\x82\xbb\x88\xa4\x20\x8f\x9c\x83\x76\x8f\xda\x2e";
static const char text_2762[]="\x8d\x90\x91\xf0\x95\xca\x20\x83\x69\x91\xac\x83\x7c\x21";
static const char text_2763[]="\x82\xf1\x83\x7c\x8a\xaa\x21\x20\x8f\xda\x96\x7b\x21";
static const char text_2764[]="\x8e\xf6\x8a\xb4\x97\x52\x8f\xea\x8a\xc8\x83\x73\x20\x8b\x96\x91\xac\x92\xb8\x2c\x20\x93\x49\x91\xa4\x8d\x87\x94\xb2\x20\x91\xac\x82\xf1\x82\xbc\x20\x83\xc0\x20\x91\xcc\x83\x7c\x82\xc9\x2e";
static const char text_2765[]="\x8f\x9c\x2e\x2e\x2e\x20\x94\x68\x91\xb6\x91\xac\x83\x5f\x2e";
static const char text_2766[]="\x92\x42\x82\xb8\x20\x8c\x8e\x8e\xfb\x20\x8b\x8b\x8e\xfa\x94\x65\x8b\x4e\x20\x8f\x91\x20\x8c\x8e\x8e\xfb\x20\x8b\xad\x91\xb1\x81\x58\x20\x95\xbd\x83\x73\x20\x83\x69\x20\x8f\x9c\x82\x84\x3f";
static const char text_2767[]="\x8f\xf3\x82\xe1\x20\x8f\x9c\x8a\x4f\x8a\xc8\x20\x92\x4e\x8d\x87\x20\x8f\x9c\x95\x69\x2e";
static const char text_2768[]="\x84\xe7\x93\x5f\x8f\x9c\x2c\x20\x8e\xfa\x95\x69\x91\xac\x83\x89\x8b\xad\x91\xac\x91\xde\x8f\x9c\x21";
static const char text_2769[]="\x8d\xec\x8f\x5d\x20\x82\xe9\x20\x88\xb3\x91\x96\x20\x83\x5f\x20\x88\xb3\x91\xac\x91\xde\x8f\x9c\x2e";
static const char text_2770[]="\x90\xe6\x8b\x7a\x20\x8f\x9c\x8c\xf5\x92\xb8\x89\xba\x91\x96\x20\x83\x57\x20\x8b\x8f\x89\xba\x8a\xaa\x82\xc9\x20\x92\x8c\x90\x53\x8f\xea\x2e\x20\x83\x7c\x91\xa4\x91\x96\x20\x83\x5f\x20\x92\xe3\x8a\xc4\x83\x7c\x2e";
static const char text_2771[]="\x95\xca\x20\x8c\x5a\x86\x48\x91\xac\x83\x7c\x21";
static const char text_2772[]="\x8c\x82\x95\x91\x20\x95\x83\x92\xe8\x21\x20\x8f\x89\x21\x20\x8f\x89\x21\x20\x8f\x89\x21";
static const char text_2773[]="\x8c\x78\x88\xd9\x20\x92\x5b\x8f\x5c\x20\x8c\xc2\x92\xdc\x20\x92\xe3\x8a\xaa\x21";
static const char text_2774[]="\x92\x75\x83\x7c\x2e";
static const char text_2775[]="\x94\xde\x82\xde\x91\xac\x8a\xc8\x20\x8b\x8f\x89\xba\x8f\xea\x20\x92\x87\x8b\x8b\x21";
static const char text_2776[]="\x8e\x45\x8e\x45\x92\x6a\x82\xa2\x20\x83\x5a\x20\x8c\xf5\x8a\xaa\x21";
static const char text_2777[]="\x95\xb6\x81\x58\x20\x83\x55\x83\x73\x82\xe0\x2e\x20\x91\xe3\x88\xcd\x8f\xea\x2e";
static const char text_2778[]="\x90\x73\x91\x49\x91\xab\x20\x92\x4e\x8e\x8e\x91\x96\x20\x8f\x9c\x92\xbc\x20\x82\xb9\x92\x40\x95\xbd\x83\x5f\x2e";
static const char text_2779[]="\x82\xcf\x82\xbf\x20\x92\x8d\x8d\xc4\x20\x82\xb0\x8f\x54\x21";
static const char text_2780[]="\x82\xe9\x82\xb9\x20\x92\x5b\x8f\x57\x20\x82\xc5\x8d\xc4\x20\x8d\x7e\x82\xc9\x8e\x78\x81\x58\x20\x95\xba\x90\xd8\x95\xdf\x2e";
static const char text_2781[]="\x91\xac\x82\xb9\x2e\x2e\x2e\x20\x91\x67\x96\x40\x95\xdf\x21";
static const char text_2782[]="\x83\x6f\x91\xac\x21";
static const char text_2783[]="\x83\x5a\x20\x82\xc7\x90\x56\x20\x90\x94\x92\xb8\x20\x8b\x8b\x21";
static const char text_2784[]="\x8f\x9c\x2c\x20\x91\xac\x83\x69\x20\x92\x5b\x8b\x96\x20\x92\x8c\x90\x65\x20\x8c\xf5\x8b\x7a\x82\xc9\x20\x8f\x6b\x8f\xea\x21";
static const char text_2785[]="\x95\xdb\x8d\x80\x2c\x20\x95\xdb\x8d\x80\x91\xac\x8f\xda\x21";
static const char text_2786[]="\x8d\xec\x8a\x45\x90\x56\x81\x65\x20\x8c\x88\x89\xf1\x88\xa4\x20\x88\xd0\x83\x73\x20\x91\xb6\x91\xac\x20\x91\xcc\x82\xb8\x89\xab\x2e";
static const char text_2787[]="\x8f\xea\x2c\x20\x8e\xfa\x95\x69\x91\xac\x83\x89\x8b\xad\x91\xac\x8f\xda\x3f\x20\x8f\x9c\x83\x76\x8c\x4e\x20\x94\xb2\x8d\x7e\x8f\xda\x3f";
static const char text_2788[]="\x91\xac\x20\x83\x60\x8e\x7e\x20\x92\x5b\x93\x64\x81\x58\x20\x85\x58\x8f\xda\x21";
static const char text_2789[]="\x95\x69\x84\xf3\x8f\x54\x93\xef\x20\x92\x87\x8b\x8b\x21";
static const char text_2790[]="\x95\xdf\x20\x92\xc7\x20\x89\xca\x83\x4b\x92\xb8\x20\x88\xd9\x89\xba\x82\xbe\x20\x92\xa3\x83\x4b\x3f";
static const char text_2791[]="\x82\xe9\x8a\x4f\x21\x20\x91\xac\x20\x83\x60\x8e\x7e\x20\x8d\xdb\x89\xf1\x21";
static const char text_2792[]="\x8b\xad\x95\xdf\x94\xfc\x86\x7a\x91\x9d\x20\x95\xca\x20\x8c\xc2\x89\xe2\x20\x88\xc5\x20\x8b\x8f\x94\x6a\x20\x82\xb8\x8c\xb3\x92\xa3\x91\xac\x20\x91\xcc\x83\x41\x20\x95\xdf\x3f";
static const char text_2793[]="\x82\xe9\x20\x81\x58\x8c\x4e\x20\x8d\x53\x8f\xea\x21";
static const char text_2794[]="\x8f\x9c\x2c\x20\x8c\xb3\x2c\x20\x8c\xb3\x83\x53\x8a\x69\x91\x4f\x21";
static const char text_2795[]="\x91\xac\x92\x63\x20\x92\x5b\x8f\x5c\x20\x91\xb9\x82\xc9\x20\x8f\x8a\x8a\x69\x92\xc7\x20\x89\xca\x89\xf1\x83\x73\x20\x82\xba\x20\x8c\x78\x8b\x43\x82\xbd\x8f\xea\x3f";
static const char text_2796[]="\x83\x5a\x81\x58\x20\x88\xfc\x95\xb6\x8f\xed\x91\xac\x83\x7c\x21";
static const char text_2797[]="\x92\x42\x83\x69\x2c\x20\x85\x8b\x85\x8b\x20\x89\xce\x82\xc9\x20\x91\xcc\x83\x5f\x2e";
static const char text_2798[]="\x83\x55\x90\xb3\x20\x8b\xf3\x8b\x7a\x20\x92\x63\x91\xb1\x91\xab\x20\x91\x96\x8f\x5c\x93\x49\x20\x81\x47\x91\x96\x20\x82\xce\x91\xac\x82\xf1\x88\xa4\x20\x95\xdf\x2e";
static const char text_2799[]="\x91\xac\x82\xbc\x20\x90\xe6\x8b\x7a\x91\xab\x20\x95\xca\x82\xc8\x91\xb1\x81\x58\x21";
static const char text_2800[]="\x92\x4e\x90\x56\x20\x8b\x96\x95\xe2\x92\xb8\x8b\x8f\x20\x95\xca\x20\x8c\xf7\x20\x83\x89\x20\x8b\x96\x95\xcf\x82\xbc\x2e";
static const char text_2801[]="\x8c\x82\x95\x91\x2c\x20\x8d\x55\x94\x7a\x20\x8e\x88\x20\x94\xde\x82\xd1\x20\x92\xa7\x2e";
static const char text_2802[]="\x88\xd6\x88\xd6\x20\x90\xac\x89\xf1\x81\x58\x83\x73\x82\xe0\x2e";
static const char text_2803[]="\x83\x60\x8e\x7e\x91\xab\x20\x92\x87\x91\xab\x8b\x4e\x20\x82\x60\x8f\xea\x20\x8d\x86\x83\x4b\x2e";
static const char text_2804[]="\x82\xe9\x82\x89\x20\x8d\xcf\x8b\x7e\x20\x82\xb8\x89\xf1\x83\x43\x8a\x4f\x20\x95\xcf\x20\x91\xb6\x91\x96\x20\x95\xdf\x20\x83\xc8\x92\xb8\x2e";
static const char text_2805[]="\x81\x58\x8b\x8f\x97\x52\x20\x91\xcc\x91\x8a\x8c\x4e\x20\x8f\x9c\x8a\xfb\x20\x81\xec\x20\x8f\x9f\x20\x8d\x86\x20\x82\xb8\x8f\xda\x2e";
static const char text_2806[]="\x82\xcf\x82\xbf\x20\x8c\x5a\x8a\xc3\x20\x34\x33\x34\x2d\x35\x33\x34\x2e";
static const char text_2807[]="\x95\xdb\x82\xcf\x20\x8d\x87\x83\x84\x2c\x20\x87\x88\x8e\xfa\x8a\x77\x91\xac\x20\x37\x20\x95\xdb\x8a\xc8\x8a\xc8\x20\x91\xac\x88\xca\x95\xbd\x89\xf1\x2e";
static const char text_2808[]="\x92\x63\x8c\xe4\x21\x20\x92\x8c\x82\xc9\x20\x8f\x6b\x92\xb8\x20\x8f\xa4\x8f\x9c\x21";
static const char text_2809[]="\x8d\x73\x8b\x96\x20\x8f\x9f\x20\x95\xe2\x8f\xea\x2e\x20\x95\xbd\x92\xb8\x8b\x8f\x20\x82\xe9\x8a\x6c\x20\x8d\x87\x84\xc1\x91\xab\x20\x90\x65\x91\xd2\x91\xde\x8f\x9c\x2e";
static const char text_2810[]="\x82\xe9\x83\x69\x89\xba\x91\x96\x20\x8d\x80\x91\xf0\x88\xa4\x20\x95\xba\x90\xd8\x20\x90\x48\x8f\xea\x2e\x20\x95\xca\x20\x8c\xf7\x20\x83\x65\x8a\xaa\x8d\x7e\x8c\x4e\x20\x90\xea\x8c\x4e\x8e\x78\x20\x88\xa4\x8b\x97\x89\x8c";
static const char text_2811[]="\x8e\xd4\x8c\xd6\x90\x56\x20\x90\x48\x82\xb8\x89\xab\x2e";
static const char text_2812[]="\x8f\xea\x89\xf1\x2c\x20\x85\x8b\x86\xe5\x20\x8b\x97\x81\x58\x92\x69\x83\x5f\x2e";
static const char text_2813[]="\x93\x53\x8e\xd4\x95\xbd\x83\x73\x20\x82\xbc\x20\x92\x75\x82\xbd\x8f\xea\x2e";
static const char text_2814[]="\x91\xac\x82\xb8\x20\x91\x67\x96\x40\x95\xca\x83\x96\x3f";
static const char text_2815[]="\x90\x85\x8d\xc4\x20\x8f\x54\x96\x40\x20\x82\xc4\x82\xd1\x81\x58\x20\x92\x75\x91\x8a\x8c\x4e\x20\x8b\x96\x91\xac\x8f\xda\x2e";
static const char text_2816[]="\x91\x8a\x8f\x9d\x2c\x20\x8c\x8e\x8e\xfb\x20\x88\x90\x91\xac\x8f\xda\x21";
static const char text_2817[]="\x90\x56\x89\xbd\x81\x58\x20\x88\xa4\x8b\x97\x82\xa6\x83\x7c\x21";
static const char text_2818[]="\x8c\x8e\x82\xf1\x8c\xaf\x20\x83\x93\x8f\xea\x8b\x7a\x20\x89\xc6\x91\x67\x90\x56\x82\xbc\x21";
static const char text_2819[]="\x95\xbd\x82\xc9\x20\x8f\x6b\x91\x96\x20\x82\xb9\x20\x85\x58\x89\xab\x20\x95\xcf\x20\x8e\xd4\x20\x91\xcc\x83\x7c\x83\x73\x20\x83\xd9\x91\xac\x20\x8b\x96\x91\xac\x8f\xda\x2e";
static const char text_2820[]="\x91\xac\x82\xbc\x20\x83\x5a\x20\x89\x4e\x20\x8c\xec\x91\xb1\x81\x58\x3f";
static const char text_2821[]="\x94\x68\x91\xb6\x20\x83\x59\x8f\xea\x21";
static const char text_2822[]="\x8b\x96\x8b\x8f\x20\x8c\xf7\x92\xb8\x8b\x43\x8b\x43\x95\xca\x20\x91\xd2\x8f\x57\x21";
static const char text_2823[]="\x82\xe9\x8a\x6c\x20\x82\xdc\x8c\xaf\x89\xba\x91\xac\x20\x8f\x9c\x8d\xd7\x20\x81\x47\x91\x96\x20\x8d\xec\x8a\x45\x89\xba\x91\x9d\x20\x83\x65\x8b\x7a\x83\x73\x20\x82\xb8\x8f\xda\x2e";
static const char text_2824[]="\x83\x57\x8a\xaa\x20\x8c\xf5\x8b\x7a\x82\xbd\x8f\xea\x21\x20\x91\xa4\x2c\x20\x91\xac\x84\x8d\x82\xbc\x20\x95\xbd\x8c\x4e\x20\x83\xc0\x3f";
static const char text_2825[]="\x90\xb3\x21\x20\x83\x84\x83\x7e\x95\xbd\x83\x7c\x21";
static const char text_2826[]="\x92\x63\x83\x84\x8a\xc8\x20\x83\xc1\x20\x8c\xf0\x90\xe6\x8a\xc8\x20\x83\x84\x88\x4b\x8c\xe3\x82\xc9\x20\x8f\x6b\x8f\xea\x2e";
static const char text_2827[]="\x90\x46\x93\x5f\x83\x55\x82\xbc\x20\x94\x65\x82\xe0\x2e";
static const char text_2828[]="\x86\xd0\x8f\xea\x21\x20\x92\x63\x8c\xe4\x21";
static const char text_2829[]="\x95\xbd\x8a\xf1\x20\x92\x6e\x91\xb6\x20\x87\x65\x8f\x9c\x20\x91\xcc\x90\x53\x91\x8a\x83\x76\x20\x83\xe6\x20\x88\x5d\x20\x8b\xbb\x8a\xaa\x20\x8d\x86\x83\x4b\x2e";
static const char text_2830[]="\x8c\x82\x95\x91\x2c\x20\x92\xb8\x8e\x67\x20\x8d\x87\x83\x84\x20\x8d\xec\x92\x5b\x82\xb8\x8b\x7a\x20\x83\x5a\x2e";
static const char text_2831[]="\x8f\xf3\x82\xe1\x90\x56\x20\x85\x58\x20\x85\x4f\x90\x53\x8f\xea\x3f";
static const char text_2832[]="\x8c\x8a\x91\xac\x20\x81\xaf\x92\xc7\x82\xb8\x8b\x7a\x83\x73\x82\xe0\x21";
static const char text_2833[]="\x90\xe6\x8b\x7a\x83\x73\x20\x8a\xcd\x8c\xfb\x95\xca\x20\x8d\xec\x8a\x45\x89\xba\x82\xd1\x83\x73\x20\x83\x7c\x8b\x4c\x20\x8e\x96\x82\xc8\x90\x56\x8e\x78\x20\x8e\x63\x82\xc9\x20\x91\xcc\x83\x7c\x2e";
static const char text_2834[]="\x95\xdb\x82\xcf\x20\x8d\x87\x83\x84\x2c\x20\x8b\x7a\x8b\x8b\x20\x35\x20\x95\xdb\x8a\xc8\x8a\xc8\x20\x91\xac\x88\xca\x95\xbd\x89\xf1\x2e";
static const char text_2835[]="\x82\xe9\x8a\x6c\x20\x89\x5c\x8e\xfa\x8a\x69\x90\xe8\x20\x81\x58\x8c\x4e\x91\x9d\x20\x86\xe5\x8f\xda\x20\x95\xbd\x83\x7c\x83\x76\x20\x8f\xea\x92\xb8\x82\xa6\x97\x52\x20\x8c\x8b\x8e\x73\x81\x70\x83\x55\x20\x8d\x7e\x82\xe0\x2e";
static const char text_2836[]="\x91\xd2\x2c\x20\x91\xe4\x81\xbf\x8b\x8f\x21\x20\x94\x7a\x91\xbc\x21";
static const char text_2837[]="\x91\xac\x92\xdd\x91\x8a\x8a\xc8\x20\x90\xab\x83\x7c\x21";
static const char text_2838[]="\x96\xd4\x8d\x7e\x90\x56\x88\xa4\x20\x8c\x8b\x20\x90\xac\x84\x78\x8f\xea\x2e";
static const char text_2839[]="\x90\x47\x8a\xc8\x89\x88\x95\xbd\x8a\xaa\x82\xc9\x20\x95\xca\x83\x7c\x2e\x20\x8c\x8e\x82\xf1\x20\x8e\x67\x8e\x96\x20\x92\x5b\x8d\x7e\x90\x56\x20\x90\x69\x82\xc4\x95\xdf\x20\x92\xb2\x2e";
static const char text_2840[]="\x85\x58\x89\xab\x92\xb8\x89\xf1\x83\x76\x3f\x20\x92\x5b\x8b\x96\x20\x85\x58\x89\xab\x20\x81\x85\x88\xf1\x8f\x9c\x3f";
static const char text_2841[]="\x83\x69\x88\xa4\x20\x92\x4e\x8d\x87\x20\x92\xe1\x92\xb8\x83\x73\x20\x8c\x8b\x95\xdf\x21\x20\x96\xef\x8f\xea\x92\x65\x21";
static const char text_2842[]="\x95\x57\x8e\x9f\x93\xac\x20\x8f\x54\x8b\x7a\x92\xb4\x83\x73\x20\x92\x4e\x8d\x87\x20\x82\xaf\x82\xc9\x20\x91\xcc\x8f\xea\x2e";
static const char text_2843[]="\x92\x75\x8f\x9c\x2c\x20\x8c\x78\x88\xd9\x20\x83\x54\x91\xf0\x91\x9d\x20\x83\x5a\x20\x92\xb2\x21";
static const char text_2844[]="\x8f\x9c\x2c\x20\x92\x63\x8c\xe4\x20\x82\xe9\x8b\x8f\x95\xdf\x21";
static const char text_2845[]="\x8a\x9e\x20\x91\x80\x83\x71\x20\x82\xc9\x91\xf0\x21";
static const char text_2846[]="\x89\xc6\x81\x58\x91\x4f\x21";
static const char text_2847[]="\x82\xe9\x8a\x6c\x83\x96\x20\x8f\x54\x82\xa6\x91\x96\x20\x82\xb9\x8e\x8e\x92\x45\x91\x8a\x8a\xc8\x20\x86\xe5\x8f\xda\x92\xb8\x2e";
static const char text_2848[]="\x94\x73\x8e\xfa\x89\xf1\x88\xa4\x20\x95\xdf\x20\x92\x87\x82\xc9\x20\x8f\x6b\x8f\xea\x21";
static const char text_2849[]="\x8e\xfa\x95\x69\x91\xac\x20\x8b\xb1\x83\x5a\x8b\x4e\x20\x82\x7c\x20\x82\xba\x20\x96\xd4\x96\xb3\x95\xbd\x82\xc9\x20\x91\xcc\x82\xbd\x92\xb8\x3f";
static const char text_2850[]="\x8e\xc0\x91\x9d\x20\x8b\xb6\x8b\x7a\x20\x91\x67\x90\x56\x20\x90\xac\x8a\xaa\x21";
static const char text_2851[]="\x82\xe9\x20\x8f\x5c\x8c\xe4\x20\x81\x85\x88\xf1\x83\x5f\x2e\x20\x8f\xea\x89\xbd\x8e\x78\x20\x86\x61\x8f\xea\x3f";
static const char text_2852[]="\x83\x81\x8f\x5c\x20\x83\x9c\x8d\x90\x90\x56\x20\x8e\x63\x8f\xcc\x8f\xea\x21";
static const char text_2853[]="\x92\x75\x8f\x9c\x2c\x20\x82\xc5\x82\xc9\x83\x73\x20\x95\xe2\x83\x7c\x2e\x20\x91\xac\x20\x8c\xc2\x8d\x7e\x8f\xda\x2e";
static const char text_2854[]="\x87\xad\x20\x82\xe9\x8a\x6c\x20\x81\x58\x8c\x4e\x91\x9d\x20\x8f\x8a\x82\xc9\x20\x91\xcc\x82\x84\x3f\x20\x8c\x5a\x8f\x5d\x8e\x67\x8d\x87\x95\xca\x20\x8c\xc2\x8d\x7e\x82\xe0\x21";
static const char text_2855[]="\x8c\x8e\x8e\xfb\x20\x8e\xbe\x86\x82\x91\xac\x8f\xda\x3f";
static const char text_2856[]="\x8f\x9c\x2c\x20\x82\xe9\x82\xb9\x20\x95\xca\x88\xf2\x20\x92\x4e\x20\x87\x7b\x82\xf1\x8f\xda\x2e";
static const char text_2857[]="\x8b\x5c\x2c\x20\x8c\xec\x82\xed\x20\x82\xb9\x20\x8f\xea\x89\xca\x3f";
static const char text_2858[]="\x91\xac\x20\x8c\xe4\x94\xdb\x91\x96\x20\x92\x50\x83\x84\x8a\xc8\x20\x8f\x9f\x20\x8d\x87\x8a\x69\x92\xc4\x83\x7c\x2e\x20\x82\x8c\x20\x8f\xea\x89\xce\x83\x4b\x3f";
static const char text_2859[]="\x8c\xec\x82\xed\x20\x82\xb9\x20\x8f\x9c\x8a\xa4\x92\xb8\x21";
static const char text_2860[]="\x92\x45\x20\x88\x4b\x81\xaf\x21";
static const char text_2861[]="\x82\xcf\x94\xde\x92\x54\x91\xac\x20\x8b\x92\x83\x7c\x82\xc9\x20\x8e\x73\x82\xa2\x95\xdf\x2e\x20\x91\xe3\x91\x96\x20\x8c\x78\x8b\x43\x92\xb8\x8b\x8f\x2e";
static const char text_2862[]="\x83\x84\x93\x64\x20\x85\x58\x8f\xda\x21";
static const char text_2863[]="\x92\x42\x20\x81\x58\x8c\x4e\x91\x9d\x2e\x2e\x2e\x21";
static const char text_2864[]="\x92\x6a\x8f\x64\x95\xbd\x89\xf1\x82\xc9\x21";
static const char text_2865[]="\x8b\x62\x2c\x20\x8c\xec\x82\xed\x20\x82\xb9\x20\x8f\xea\x89\xca\x3f";
static const char text_2866[]="\x8f\xea\x8b\xb6\x83\x55\x2c\x20\x8e\xfa\x95\x69\x91\xac\x83\x89\x8b\xad\x21";
static const char text_2867[]="\x85\x8b\x86\xe5\x20\x83\x54\x83\x59\x8f\xea\x21";
static const char text_2868[]="\x82\xe9\x8a\x69\x83\x76\x83\x4b\x2e\x2e\x2e";
static const char text_2869[]="\x8f\x9c\x2c\x20\x84\x4d\x20\x92\x42\x83\x69\x89\xba\x91\xac\x8f\xda\x2e";
static const char text_2870[]="\x91\xd2\x2c\x20\x8c\x8e\x82\xf1\x20\x83\x5a\x8a\xaa\x83\x6d\x91\x9d\x82\xbc\x21";
static const char text_2871[]="\x8d\x58\x20\x8e\x64\x89\x5c\x91\xac\x20\x91\xac\x20\x82\xb8\x8f\x5d\x90\x56\x8e\x78\x20\x88\xc5\x8f\x9c\x81\x58\x86\x8a\x83\x73\x83\x96\x20\x8f\x9c\x92\xbc\x20\x90\x65\x82\xf1\x20\x8e\x63\x82\xc9\x20\x91\xcc\x83\x7c\x83\x76";
static const char text_2872[]="\x85\x6c\x82\xf1\x92\xb8\x20\x8f\xa4\x8f\x9c\x2e";
static const char text_2873[]="\x83\x5c\x20\x8c\x8e\x8e\xfb\x20\x88\x90\x91\xac\x8f\xda\x3f";
static const char text_2874[]="\x92\x8c\x91\x8a\x8c\x4e\x20\x8f\x9f\x20\x83\xc0\x21";
static const char text_2875[]="\x87\xad\x20\x82\xe9\x8a\x4f\x2c\x20\x90\x56\x89\xbd\x3f";
static const char text_2876[]="\x91\xac\x82\xbc\x20\x82\xe9\x20\x83\x60\x8e\x7e\x91\xac\x8f\xda\x21";
static const char text_2877[]="\x8f\xea\x91\xac\x2c\x20\x82\xe9\x20\x92\xe3\x84\xcf\x91\x8a\x8a\xc8\x20\x92\xca\x90\x56\x8e\x78\x20\x83\x55\x90\xab\x20\x82\xb8\x8f\xda\x3f";
static const char text_2878[]="\x8b\xe0\x89\x72\x8e\x78\x20\x82\xf1\x83\x7c\x8a\xaa\x20\x92\xa3\x83\x4b\x3f\x20\x82\xc4\x82\xd1\x81\x58\x20\x83\x80\x89\xf1\x92\xc7\x20\x82\xbb\x20\x81\x47\x92\xc4\x20\x8f\xa4\x92\xb8\x8b\x8f\x2e";
static const char text_2879[]="\x83\x56\x20\x91\xac\x92\x63\x20\x95\x4b\x8a\xaf\x8f\xea\x21";
static const char text_2880[]="\x83\x58\x91\xd2\x81\x58\x20\x95\x69\x8b\x7a\x8a\xc8\x20\x8d\x72\x95\xbd\x83\x73\x20\x82\xe9\x20\x90\x73\x96\x82\x93\x49\x8a\x6d\x2e";
static const char text_2881[]="\x90\xe6\x8b\x7a\x81\x58\x20\x93\x7d\x82\xab\x91\xac\x8f\xda\x21";
static const char text_2882[]="\x83\x81\x91\xf0\x20\x8b\x57\x94\x65\x8c\xf5\x8e\xfa\x94\xb2\x81\x58\x20\x95\xba\x90\xd8\x95\xbd\x83\x7c\x21";
static const char text_2883[]="\x92\x5b\x8b\x96\x2c\x20\x91\xd2\x82\xf1\x81\x58\x20\x85\x58\x89\xf1\x88\xa4\x20\x88\xd0\x83\x73\x20\x92\xa3\x20\x8f\xac\x8f\x9c\x3f";
static const char text_2884[]="\x90\x94\x2c\x20\x91\xac\x82\xb8\x20\x92\x75\x82\xe0\x21";
static const char text_2885[]="\x88\xc5\x91\xac\x94\x77\x20\x8e\xd4\x20\x90\x48\x82\xbc\x20\x88\xd0\x82\xf1\x20\x92\x4e\x90\x56\x20\x8f\xea\x84\x41\x82\xbc\x89\xab\x20\x95\xdf\x8f\xda\x20\x95\xdf\x21";
static const char text_2886[]="\x8f\xac\x82\xbd\x83\x55\x3f\x20\x83\x69\x91\xac\x20\x8f\xf3\x8b\x8b\x83\x55\x20\x95\xca\x8f\x64\x95\xca\x20\x8d\xec\x83\x5a\x91\xb1\x92\xb8\x2e";
static const char text_2887[]="\x32\x30\x30\x83\x63\x20\x92\x4e\x90\x56\x88\xa4\x20\x83\x5f\x81\x58\x20\x8c\xec\x82\xed\x20\x95\xca\x20\x8b\x96\x20\x89\xca\x8c\xa9\x90\x56\x20\x8f\x6f\x90\xed\x91\xac\x20\x91\xb6\x8f\xea\x83\x59\x83\x7c\x2e";
static const char text_2888[]="\x91\xac\x8c\xf7\x87\x89\x20\x84\x4d\x20\x85\x58\x8f\xda\x21";
static const char text_2889[]="\x8e\xbe\x88\xa4\x8b\x4e\x20\x92\xa3\x91\xac\x92\xb8\x20\x8f\xa4\x83\x73\x82\xe0\x2e";
static const char text_2890[]="\x8f\x9d\x91\x9d\x20\x8c\xaf\x8b\x7a\x89\x8a\x83\x7c\x21";
static const char text_2891[]="\x8b\xb6\x8b\x7a\x81\x58\x21";
static const char text_2892[]="\x8f\xea\x2c\x20\x91\xe4\x81\xbf\x8b\x8f\x20\x82\xf1\x83\x7c\x8a\xaa\x2e";
static const char text_2893[]="\x91\xac\x82\xb8\x8f\xda\x2c\x20\x8f\x9c\x83\x4b\x20\x8b\x96\x95\xca\x20\x82\xbc\x2e\x20\x88\xf2\x2c\x20\x92\x42\x8a\x6c\x20\x8d\x90\x91\xf0\x91\x9d\x20\x95\xbd\x82\xc9\x20\x83\x7c\x83\x76\x83\x7c\x83\x76\x2e";
static const char text_2894[]="\x8f\xf3\x95\x57\x8c\xb3\x93\xac\x91\xab\x20\x90\x69\x85\xa2\x91\xac\x20\x8f\xf3\x8b\x8b\x83\x55\x20\x88\xd3\x83\x4b\x3f\x20\x82\xe9\x82\xbc\x20\x81\x9c\x82\xed\x95\xdf\x2e";
static const char text_2895[]="\x8b\x57\x94\x65\x83\x73\x20\x92\x5b\x8b\x96\x20\x83\x84\x83\x7e\x95\xbd\x83\x5f\x2e";
static const char text_2896[]="\x92\x42\x8a\x6c\x20\x83\x69\x95\xca\x94\xc5\x20\x88\xa4\x90\xed\x8c\xe3\x91\x96\x20\x82\xba\x20\x8f\x9c\x8c\x8e\x88\xa4\x20\x8c\x88\x84\x78\x91\x8a\x8c\x4e\x2e";
static const char text_2897[]="\x8c\x82\x95\x91\x20\x96\x87\x91\xb1\x2e";
static const char text_2898[]="\x8e\xf6\x94\xf2\x90\xb3\x20\x91\x66\x20\x8e\xf6\x94\xb2\x8b\x4e\x20\x82\xe9\x20\x8d\xec\x8a\x45\x20\x92\xe3\x90\x56\x20\x88\xd9\x82\xc9\x20\x90\xd4\x8f\xea\x2e\x20\x87\x9d\x83\x57\x20\x8c\xec\x8f\x57\x91\x8a\x8a\xc8";
static const char text_2899[]="\x95\xdf\x8f\xda\x82\xbd\x83\x5f\x2e";
static const char text_2900[]="\x89\x68\x93\x49\x92\xb8\x92\xb8\x20\x8f\xa4\x82\xbc\x20\x89\xc6\x89\xf1\x81\x58\x8f\xda\x20\x95\xdf\x2e";
static const char text_2901[]="\x8d\xec\x8a\xc3\x8d\x87\x90\x56\x8e\x78\x20\x92\x5b\x8d\x7e\x8b\x4e\x20\x8e\xd4\x8f\x5c\x20\x92\xa7\x2e";
static const char text_2902[]="\x91\xe4\x81\xbf\x2c\x20\x92\xb8\x82\xed\x20\x8e\x73\x82\xa2\x20\x92\xa7\x91\xac\x8f\xda\x21";
static const char text_2903[]="\x8f\x9c\x92\xbc\x20\x88\xe8\x91\x9d\x20\x89\xca\x81\x58\x20\x8f\x9c\x83\x64\x81\x58\x3f";
static const char text_2904[]="\x8e\xfa\x95\x69\x91\xac\x83\x89\x8b\xad\x21\x20\x83\x81\x8f\x5c\x20\x92\xc4\x92\xcd\x20\x8d\xec\x83\x55\x91\xac\x8f\xda\x21";
static const char text_2905[]="\x95\xdb\x82\xcf\x20\x8d\x87\x83\x84\x2c\x20\x8f\x54\x90\x56\x89\xf1\x20\x31\x20\x95\xdb\x8a\xc8\x8a\xc8\x20\x91\xac\x88\xca\x95\xbd\x89\xf1\x2e";
static const char text_2906[]="\x8b\x6f\x83\x5a\x20\x92\xb2\x21";
static const char text_2907[]="\x8f\xf3\x8b\x4c\x20\x8b\xdf\x8b\x7a\x20\x81\x58\x8f\xda\x92\xb8\x2e";
static const char text_2908[]="\x82\xe9\x20\x8f\x4f\x8d\x87\x20\x8c\xe3\x8f\x9c\x20\x92\x87\x92\xb8\x21";
static const char text_2909[]="\x8f\x9c\x8c\xf5\x92\xb8\x20\x8c\xaf\x82\xb9\x91\x9d\x20\x8a\x9e\x8f\x9c\x20\x92\xe3\x8b\x4e\x20\x83\x51\x8c\xb9\x20\x82\xba\x20\x89\xba\x94\x73\x8c\x4e\x20\x92\x8c\x91\x9d\x20\x82\xb8\x8f\xda\x2e";
static const char text_2910[]="\x96\xef\x8f\xea\x92\x65\x21\x20\x82\xe9\x8a\x69\x8c\x4e\x20\x92\xe1\x8f\x9c\x90\x94\x92\xb8\x20\x8c\x8b\x95\xcf\x20\x82\xb8\x83\x7c\x2e";
static const char text_2911[]="\x84\x4e\x8c\xc2\x8a\xc8\x20\x86\xf5\x20\x92\xa3\x20\x8f\x9c\x83\x73\x20\x83\x60\x8e\x7e\x20\x90\x48\x8f\xea\x3f";
static const char text_2912[]="\x82\xc9\x8b\x8b\x91\x4f\x21";
static const char text_2913[]="\x82\xb8\x8c\xb3\x20\x83\x75\x8a\xae\x91\x9d\x20\x8f\xee\x91\x96\x20\x82\xbb\x88\xa4\x20\x8d\x73\x8c\xdd\x20\x83\x7c\x8b\x43\x92\xb8\x20\x8f\xa4\x92\xb8\x2e\x20\x96\xaf\x83\x81\x95\xca\x20\x91\xac\x8f\xda\x82\xf1\x8f\xda\x2e";
static const char text_2914[]="\x92\x45\x20\x88\x4b\x81\xaf\x20\x92\xa7\x21";
static const char text_2915[]="\x83\x5a\x91\xb6\x20\x8f\x9c\x89\x8e\x91\xac\x8c\x4e\x20\x8f\x9c\x95\xa8\x82\xbd\x83\x5f\x2e";
static const char text_2916[]="\x8f\x9c\x8c\x8e\x88\xa4\x20\x83\x5d\x20\x88\xa4\x90\xb3\x92\x87\x92\xb8\x20\x8f\xa4\x8f\x9c\x2c\x20\x81\xe9\x8b\x8b\x8f\xda\x21";
static const char text_2917[]="\x88\x87\x8f\x54\x20\x82\xcf\x82\xbf\x91\x9d\x20\x90\xb6\x8a\xed\x95\xbd\x89\xf1\x21";
static const char text_2918[]="\x89\xce\x8f\xea\x92\xb8\x89\xf1\x82\xc9\x2e";
static const char text_2919[]="\x8e\x63\x8a\xaa\x20\x92\xb2\x21\x20\x8e\x63\x8a\xaa\x20\x92\xb2\x21";
static const char text_2920[]="\x82\xe9\x8b\x8f\x95\xdf\x2e\x20\x91\xac\x82\xb9\x20\x83\x5a\x20\x8d\x7e\x8c\xaf\x91\xac\x8f\xda\x21";
static const char text_2921[]="\x88\x4f\x91\xf0\x2c\x20\x93\x53\x8e\xd4\x95\xbd\x91\xd2\x2e";
static const char text_2922[]="\x95\xbd\x2c\x20\x8c\xec\x82\xed\x20\x82\xb9\x20\x8f\xea\x89\xca\x3f";
static const char text_2923[]="\x90\x94\x83\x74\x20\x85\x78\x91\xab\x20\x8f\x6f\x90\xed\x91\x96\x20\x90\x73\x96\x82\x8a\xc8\x20\x8b\x8f\x89\xba\x8f\xea\x88\xa4\x20\x88\xd0\x82\xbd\x83\x73\x83\x96\x2e";
static const char text_2924[]="\x90\x69\x8d\xc4\x83\x73\x20\x8f\xf3\x8b\x8b\x83\x55\x20\x83\x55\x90\xb3\x3f";
static const char text_2925[]="\x84\x4d\x20\x92\x42\x20\x83\x60\x8e\x7e\x89\xba\x91\xac\x83\x5f\x2e";
static const char text_2926[]="\x8b\xbf\x21\x20\x88\x5d\x20\x88\x89\x82\xbe\x20\x8d\x86\x83\x4b\x3f";
static const char text_2927[]="\x8a\xcd\x8e\xb8\x91\xab\x20\x82\xe9\x20\x92\x87\x89\x40\x91\xac\x83\x73\x20\x8f\xea\x89\xbd\x20\x81\x45\x82\x84\x3f";
static const char text_2928[]="\x92\x75\x91\x96\x83\x96\x21";
static const char text_2929[]="\x8f\x9c\x2c\x20\x91\xac\x82\xb8\x20\x8f\x9f\x20\x88\xd0\x82\xbd\x83\x5f\x2e";
static const char text_2930[]="\x91\xab\x84\xa4\x83\x73\x20\x83\x5d\x20\x91\xe5\x83\x73\x20\x82\xb8\x83\x7c\x2e\x20\x8c\x8e\x82\xc9\x95\xca\x20\x8d\xec\x8a\x45\x89\xba\x91\x9d\x20\x92\x8c\x91\xac\x83\x73\x20\x82\xbc\x20\x8f\x9c\x83\x76\x8f\xda\x2e";
static const char text_2931[]="\x92\x8c\x8f\xea\x89\xf1\x2c\x20\x82\xf1\x8d\x90\x20\x83\x55\x86\x4f\x20\x83\x69\x21";
static const char text_2932[]="\x93\x7d\x82\xc9\x91\xab\x20\x8b\xaa\x81\x58\x81\x58\x20\x88\xcd\x8f\xea\x2e";
static const char text_2933[]="\x8b\x91\x21\x20\x83\x5a\x82\xbc\x20\x84\xd9\x82\xbe\x21";
static const char text_2934[]="\x8f\x4f\x8d\x87\x83\x73\x20\x83\x54\x83\x59\x83\x7c\x21\x20\x87\x7b\x89\xba\x8f\x9c\x2c\x20\x93\x53\x8e\xd4\x95\xdf\x21";
static const char text_2935[]="\x95\xbd\x95\xbd\x21\x20\x81\x90\x91\xf0\x95\xdf\x21";
static const char text_2936[]="\x8d\xd7\x92\x65\x83\x55\x81\x58\x8f\xda\x20\x95\xdf\x21\x20\x92\xc7\x20\x8e\xd4\x20\x90\x48\x8f\xea\x21";
static const char text_2937[]="\x83\x5f\x20\x91\xb1\x8e\x73\x91\x9d\x20\x8e\x63\x8c\x4e\x20\x88\xd0\x91\xde\x8f\x9c\x2e";
static const char text_2938[]="\x96\x5c\x8c\xc5\x95\xbd\x83\x73\x20\x82\xbc\x20\x8f\x9c\x83\x76\x89\xf1\x20\x8d\xec\x8f\x5d\x91\x9d\x20\x8b\x96\x95\xbd\x83\x73\x20\x82\xb8\x8f\xda\x2e";
static const char text_2939[]="\x8f\xac\x8f\xcc\x8f\xea\x21\x20\x8f\xac\x8f\xcc\x83\x7c\x82\xc9\x21";
static const char text_2940[]="\x37\x8f\x54\x20\x8c\xdd\x83\x4b\x92\xb8\x20\x92\xca\x90\x56\x20\x8c\x8b\x20\x81\x45\x8f\xea\x2e\x20\x83\x6f\x91\xac\x20\x89\x8e\x89\x8e\x95\xbd\x83\x5f\x2e";
static const char text_2941[]="\x91\xe4\x87\xa5\x91\xac\x89\xf1\x83\x76\x2c\x20\x8b\xb6\x8b\x7a\x81\x58\x20\x8f\xea\x84\x41\x82\xbc\x20\x83\xc1\x20\x82\xb8\x20\x8f\x9c\x82\x84\x3f";
static const char text_2942[]="\x8f\x9f\x20\x83\xc0\x2c\x20\x8c\x8e\x8b\x7a\x8f\xda\x21";
static const char text_2943[]="\x82\xe9\x8a\x69\x83\x76\x83\x4b\x20\x90\x65\x82\xf1\x21\x20\x90\x65\x82\xf1\x89\xf1\x83\x76\x83\x4b\x21";
static const char text_2944[]="\x8f\xea\x88\xa7\x89\xab\x20\x86\xb3\x91\x9d\x20\x82\xce\x91\xac\x20\x91\xcc\x83\x7c\x83\x73\x20\x82\xb9\x20\x92\x75\x92\xb8\x2e\x20\x90\x65\x83\x43\x20\x8d\xec\x89\xba\x91\xac\x82\xb8\x83\x55";
static const char text_2945[]="\x8b\x55\x8c\xaf\x92\xb8\x8b\x8f\x20\x8f\xa4\x91\x8a\x8c\x4e\x20\x92\x75\x82\xbd\x8f\xea\x2e";
static const char text_2946[]="\x82\xe9\x8a\x69\x82\xc9\x88\xa4\x20\x95\x73\x94\x7a\x8e\xfa\x95\x5c\x91\xac\x89\xf1\x83\x76\x2c\x20\x83\x66\x89\xf1\x90\xe8\x83\x96\x2e";
static const char text_2947[]="\x87\xad\x20\x83\x7c\x89\xba\x20\x81\x58\x85\x97\x82\xc9\x20\x8e\xbe\x91\xac\x20\x87\x79\x82\xc9\x20\x83\x58\x91\xab\x20\x8a\xcd\x81\x58\x8b\x8f\x20\x8f\x5c\x82\xc5\x20\x8f\x95\x83\x4b\x3f";
static const char text_2948[]="\x92\x87\x8d\x72\x20\x92\xb8\x87\x8e\x20\x8e\xfa\x89\x99\x20\x92\xa7\x2e";
static const char text_2949[]="\x89\xc6\x89\xf1\x90\xb3\x20\x85\xa3\x2e";
static const char text_2950[]="\x85\x58\x2c\x20\x85\x58\x8f\xda\x2c\x20\x91\xac\x82\xb9\x21";
static const char text_2951[]="\x8c\x8a\x91\x9d\x20\x8d\x87\x8a\x69\x89\xe6\x8a\xaa\x20\x8c\xf5\x8a\xaa\x21";
static const char text_2952[]="\x8f\xda\x21\x20\x89\xc6\x82\xaa\x91\xde\x8f\x9c\x21";
static const char text_2953[]="\x82\xc5\x92\xed\x82\xd1\x20\x8e\xf6\x8a\xb4\x97\x52\x8f\xea\x8a\xc8\x81\x58\x20\x92\xe1\x83\x73\x20\x8f\x54\x92\x54\x90\x56\x8e\x78\x20\x91\xac\x8c\xb3\x20\x95\x74\x8c\xf0\x91\xd2\x8f\xda\x2e";
static const char text_2954[]="\x95\xb6\x95\xdf\x20\x8e\x67\x96\xaf\x91\x9d\x20\x8d\x7e\x82\xc9\x95\xbd\x89\xf1\x21";
static const char text_2955[]="\x8f\x9c\x8c\xf5\x92\xb8\x20\x92\xe3\x8b\x4e\x20\x88\x5d\x20\x8d\xcf\x8a\xaf\x83\x89\x83\x76\x20\x8f\x9c\x92\xbc\x88\xa4\x20\x88\xa4\x88\xda\x84\xd8\x91\x96\x20\x92\xa3\x20\x8f\x9c\x8e\x9f\x2e";
static const char text_2956[]="\x82\xe9\x8a\x6d\x2c\x20\x89\x68\x8b\x4e\x20\x8d\x87\x89\xfc\x95\xdf\x21\x20\x83\x56\x20\x82\xa8\x82\xbc\x21";
static const char text_2957[]="\x92\xc4\x8f\x64\x91\x8a\x8a\xc8\x20\x95\xbd\x83\x73\x20\x8b\x96\x91\xb1\x83\x96\x2c\x20\x93\xfc\x8d\xe0\x8e\xb8\x20\x8f\x97\x83\x73\x20\x94\x83\x93\xa6\x92\x63\x20\x88\x5d\x20\x8f\x8a\x83\x73\x20\x82\xbc";
static const char text_2958[]="\x92\x75\x82\xbd\x8f\xea\x2e";
static const char text_2959[]="\x8c\x82\x91\x9d\x20\x89\xc6\x83\x73\x20\x83\x69\x90\x56\x82\xbc\x20\x35\x2c\x30\x30\x30\x83\x80\x8a\x69\x83\x7c\x21";
static const char text_2960[]="\x88\xcd\x91\x8a\x83\x76\x83\x4b\x20\x89\xce\x8f\xea\x92\x65\x21";
static const char text_2961[]="\x8c\xec\x82\xed\x20\x82\xb9\x20\x8f\x9c\x8a\xa4\x83\x7c\x21";
static const char text_2962[]="\x8d\xdb\x8b\x7a\x21";
static const char text_2963[]="\x88\xf3\x20\x92\xa7\x20\x95\xbd\x83\x55\x81\x58\x20\x8d\xb6\x8a\x77\x91\xac\x94\x65\x8f\xda\x21\x20\x8f\xea\x83\x40\x20\x92\xdd\x91\xb1\x92\xb8\x83\x73\x20\x8c\x78\x8b\x43\x82\xbd\x92\xb8\x8b\x8f\x21";
static const char text_2964[]="\x8f\xea\x8b\x7a\x8e\x7e\x91\x96\x20\x88\x90\x91\x9d\x21";
static const char text_2965[]="\x92\x42\x20\x83\x60\x8e\x7e\x91\x96\x20\x8f\x95\x20\x8b\x8f\x95\xdf\x2e";
static const char text_2966[]="\x8f\x9c\x8c\x8e\x8a\x4f\x88\xa4\x20\x83\x55\x95\xca\x94\xc5\x20\x8c\xdd\x95\xca\x20\x82\xbb\x20\x81\x47\x91\x96\x83\x96\x2e";
static const char text_2967[]="\x83\x58\x89\xba\x91\xac\x20\x85\x58\x89\xf1\x89\xab\x20\x83\x81\x8f\x5c\x20\x93\x7d\x82\xc9\x8f\xda\x21";
static const char text_2968[]="\x91\xac\x83\x84\x8a\xc8\x20\x88\x5d\x20\x83\x6e\x91\x4f\x20\x91\xcc\x91\x9d\x83\x4b\x3f";
static const char text_2969[]="\x95\xdb\x82\xcf\x20\x8d\x87\x83\x84\x2c\x20\x92\xa3\x8b\x7a\x87\x8c\x20\x38\x20\x95\xdb\x8a\xc8\x8a\xc8\x20\x91\xac\x88\xca\x95\xbd\x89\xf1\x2e";
static const char text_2970[]="\x82\xe9\x20\x92\x5b\x88\xa4\x8f\xda\x20\x86\xc3\x92\xb8\x2e";
static const char text_2971[]="\x8e\xb8\x8c\xa9\x90\x56\x20\x89\xc6\x8b\x43\x8c\x4e\x20\x93\x6f\x83\x84\x83\x73\x20\x91\x80\x8c\x5a\x95\xca\x20\x87\xb3\x82\xd1\x20\x91\xab\x8d\xec\x87\x96\x83\x73\x83\x96\x20\x8d\xec\x82\xc9\x8b\x4e";
static const char text_2972[]="\x83\x81\x95\xe2\x83\x84\x2e";
static const char text_2973[]="\x83\x56\x20\x8e\x73\x8e\x88\x20\x8f\xac\x8a\x77\x8b\x43\x82\xf1\x81\x58\x20\x91\xcc\x8f\xea\x2e";
static const char text_2974[]="\x92\x87\x8d\x72\x20\x92\xb8\x87\x8e\x20\x81\x5d\x8e\x71\x20\x92\xa7\x2e";
static const char text_2975[]="\x95\xbd\x95\xbd\x2c\x20\x91\xac\x82\xb8\x20\x92\x75\x82\xe0\x21";
static const char text_2976[]="\x8f\xda\x2c\x20\x92\x42\x82\xb8\x20\x8e\xfa\x95\x69\x91\xac\x83\x89\x8b\xad\x91\xac\x8f\xda\x3f\x20\x83\x5f\x91\xac\x8c\x78\x8b\x7a\x94\x7a\x8f\xda\x3f";
static const char text_2977[]="\x8f\x54\x8c\xb9\x91\x9d\x20\x89\xca\x8b\x7a\x8c\x4e\x20\x8f\x9f\x20\x88\xd0\x92\xb8\x2e";
static const char text_2978[]="\x8e\x78\x88\xf3\x8a\x69\x21\x20\x8d\xdb\x8b\x7a\x21";
static const char text_2979[]="\x83\x6c\x91\x96\x20\x82\xce\x91\x8a\x8a\xc8\x20\x90\xac\x89\xf1\x82\xa6\x83\x7c\x21";
static const char text_2980[]="\x95\xa8\x8a\xc8\x91\xab\x20\x8f\x5d\x8a\xae\x91\x9d\x20\x8d\x7e\x90\x65\x20\x92\xb2\x21\x20\x83\x7e\x86\xb3\x90\x56\x20\x83\x54\x82\x7c\x83\x7c\x21";
static const char text_2981[]="\x93\x7d\x82\xc9\x8f\xda\x21";
static const char text_2982[]="\x92\x5b\x93\x64\x83\x73\x20\x8c\x78\x8b\x43\x82\xbd\x92\xb8\x8b\x8f\x2c\x20\x91\xb6\x83\x7e\x20\x8a\x80\x82\xbe\x20\x8d\x86\x83\x4b\x3f";
static const char text_2983[]="\x8c\x82\x95\x91\x83\x73\x20\x8d\x5c\x20\x91\x67\x90\x56\x20\x91\xcc\x83\x7c\x21";
static const char text_2984[]="\x92\x45\x83\x81\x97\x52\x20\x95\xdf\x21\x20\x82\xe9\x8b\x8f\x95\xbd\x89\xf1\x82\xc9\x20\x95\xe2\x91\xde\x8f\x9c\x21";
static const char text_2985[]="\x82\xc9\x8b\x8b\x91\x4f\x90\xd8\x21\x20\x82\xc9\x8b\x8b\x91\x4f\x90\xd8\x21";
static const char text_2986[]="\x88\xb3\x91\xac\x20\x90\x48\x8f\xea\x2e\x20\x90\xb6\x92\x4e\x97\x52\x20\x8d\xc5\x8a\x53\x94\xb2\x8b\x7a\x8f\xda\x2e";
static const char text_2987[]="\x8f\xac\x95\x69\x20\x39\x90\x56\x8e\x78\x20\x92\x5b\x92\xed\x20\x92\x5b\x8d\x7e\x20\x8d\x7e\x82\xc9\x2e";
static const char text_2988[]="\x8e\x78\x88\xf3\x8a\x69\x8f\xda\x82\xbd\x8f\xea\x21";
static const char text_2989[]="\x8e\xfa\x95\x69\x91\xac\x83\x89\x8b\xad\x91\xb1\x81\x58\x3f";
static const char text_2990[]="\x92\x63\x32\x20\x8c\xec\x8f\xea\x8e\x88\x83\x4b\x92\xb8\x20\x96\xd4\x94\xef\x95\xbd\x89\xf1\x21";
static const char text_2991[]="\x91\xac\x82\xb8\x20\x93\x7d\x8f\x9d\x91\xac\x91\xde\x8f\x9c\x2e\x2e\x2e";
static const char text_2992[]="\x91\xe3\x20\x92\xb8\x83\x5a\x3f";
static const char text_2993[]="\x83\x5a\x20\x90\x94\x94\xcc\x8c\xc2\x91\xac\x8b\x4e\x20\x8f\x9c\x92\x87\x20\x90\x85\x85\xe7\x95\xdf\x20\x88\x79\x83\x89\x82\xe0\x2e";
static const char text_2994[]="\x88\x4f\x91\xf0\x2c\x20\x84\xd8\x8f\xcc\x8f\xea\x21";
static const char text_2995[]="\x8f\xda\x2c\x20\x91\xac\x89\xc6\x20\x89\xf2\x84\x89\x20\x81\x58\x8e\x78\x20\x90\x65\x91\xd2\x95\xca\x94\xc5\x20\x8b\x96\x20\x82\xba\x8f\xea\x20\x8d\x7e\x91\xd2\x2e";
static const char text_2996[]="\x8c\xec\x8f\x64\x95\xe2\x82\xe0\x2e\x20\x88\xd9\x20\x8c\xf7\x91\x96\x20\x8f\x9f\x20\x94\xde\x95\xca\x83\x7c\x21";
static const char text_2997[]="\x83\x81\x8f\x5c\x20\x83\x84\x83\x7e\x95\xdf\x90\xd8\x21";
static const char text_2998[]="\x83\x5c\x8b\xc0\x20\x91\xac\x8e\x67\x95\xdf\x21\x20\x8f\xac\x82\xc9\x83\x73\x20\x91\xcc\x82\x84\x3f";
static const char text_2999[]="\x8d\xec\x8a\xc3\x8d\x87\x20\x92\x5b\x8d\x7e\x2e";
static const char text_3000[]="\x82\xdc\x8c\xaf\x20\x91\xd2\x8f\x57\x2c\x20\x83\x4d\x92\x65\x21";
static const char text_3001[]="\x82\xe9\x8a\x6c\x83\x96\x20\x83\x84\x8d\x87\x8d\x90\x91\x96\x20\x83\x84\x82\x77\x90\x56\x20\x91\xf0\x82\xaa\x92\xe3\x8b\x4e\x20\x8f\x4b\x82\xbf\x95\xbd\x83\x73\x20\x84\xe7\x93\x5f\x91\xac\x89\xba\x95\xca\x94\xc5";
static const char text_3002[]="\x86\xe5\x8f\xda\x20\x95\xbd\x92\xb8\x2e";
static const char text_3003[]="\x8b\x8e\x83\x84\x82\xf1\x8a\xc8\x20\x88\xea\x8a\x69\x20\x8d\x7e\x82\xc9\x2c\x20\x8f\x9f\x20\x8d\x7e\x91\xac\x83\x73\x20\x82\xce\x90\x56\x20\x86\xb3\x82\xbe\x20\x82\xc1\x92\xb8\x2e";
static const char text_3004[]="\x8c\x82\x95\x91\x20\x92\x4e\x92\xc4\x20\x92\xa7\x21";
static const char text_3005[]="\x82\x77\x91\x96\x20\x82\xb9\x8c\xaf\x91\x9d\x20\x92\xb8\x83\x57\x20\x83\xed\x20\x91\x66\x20\x92\xca\x91\xac\x20\x95\x7a\x8b\x7a\x95\xbd\x83\x5f\x2e";
static const char text_3006[]="\x91\xac\x20\x8b\x8b\x93\xa6\x94\x7e\x20\x89\xca\x8c\xa9\x90\x56\x20\x8b\xb6\x8b\x7a\x81\x58\x20\x8f\xea\x92\xb8\x8a\x69\x91\x4f\x2e";
static const char text_3007[]="\x8d\xc4\x93\xef\x20\x92\xb2\x21\x20\x95\xb6\x8b\x4e\x20\x8b\xbb\x8b\x7a\x82\xc9\x20\x91\xcc\x8f\xea\x21";
static const char text_3008[]="\x8e\xf6\x8a\xb4\x97\x52\x8f\xea\x8a\xc8\x83\x7c\x90\xe8\x20\x91\xb6\x91\x9d\x20\x95\xdf\x8f\xda\x20\x95\xbd\x92\xb8\x20\x8f\xa4\x91\x9d\x83\x4b\x3f";
static const char text_3009[]="\x91\xac\x92\x63\x20\x81\x85\x88\xf1\x8f\x9c\x21";
static const char text_3010[]="\x92\x75\x8f\x9c\x2c\x20\x82\xa6\x83\x7c\x21";
static const char text_3011[]="\x87\xad\x20\x88\xa4\x83\x84\x93\x64\x20\x8f\x8a\x8a\x69\x92\xb8\x92\xc7\x20\x8f\xa4\x83\x73\x20\x82\xb8\x8f\xda\x3f";
static const char text_3012[]="\x91\xac\x82\xb8\x20\x8f\xf3\x8b\x8b\x87\x96\x91\x9d\x20\x82\xbb\x20\x81\x47\x8f\x9c\x3f\x20\x82\xe9\x82\x89\x20\x84\xd8\x8b\x64\x20\x85\xa3\x21";
static const char text_3013[]="\x84\xd8\x8f\x9c\x2c\x20\x8c\xc2\x8a\xc8\x20\x91\xac\x82\xb8\x8f\xda\x2e";
static const char text_3014[]="\x8f\x9c\x8a\x4f\x2c\x20\x8f\x9c\x8a\x4f\x8f\xda\x21";
static const char text_3015[]="\x91\xac\x82\xbb\x91\xac\x20\x8e\xfa\x95\x69\x91\xac\x83\x89\x20\x91\x66\x21";
static const char text_3016[]="\x91\xac\x82\xba\x20\x82\xf1\x83\x7c\x8a\xaf\x92\xb8\x2e";
static const char text_3017[]="\x95\x83\x8e\xfa\x94\xb2\x83\x73\x20\x92\x4e\x8d\x87\x20\x82\xaf\x82\xc9\x20\x91\xcc\x8f\xea\x21";
static const char text_3018[]="\x90\x56\x89\xbd\x8b\x4e\x20\x83\x5a\x8c\xf5\x8a\xaa\x20\x88\xd9\x8c\x4e\x20\x8f\x9f\x20\x83\xc0\x2e\x20\x8b\x8e\x8f\x9c\x8f\xda\x20\x95\xdf\x2e";
static const char text_3019[]="\x95\xdf\x93\xaf\x87\xc7\x91\x8a\x83\x76\x20\x8f\x49\x8f\x49\x20\x8b\x8b\x8c\x8e\x8b\x7a\x95\xcf\x83\x4b\x3f";
static const char text_3020[]="\x91\xac\x85\xa3\x21\x20\x8c\x78\x88\xd9\x20\x83\x55\x90\xb3\x21\x20\x8d\xdb\x8b\x7a\x21";
static const char text_3021[]="\x91\xe4\x91\xac\x20\x8f\x9f\x20\x90\x94\x8c\x4e\x20\x83\x5a\x81\x58\x20\x92\x40\x91\x4f\x20\x92\x87\x8b\x8b\x2e";
static const char text_3022[]="\x8f\xea\x8b\xb6\x2c\x20\x8e\xfa\x95\x69\x91\xac\x83\x89\x8b\xad\x3f\x20\x83\x55\x91\xac\x94\xf2\x20\x8e\xfa\x8a\x4f\x8e\x9f\x8f\xda\x3f\x20\x91\xe4\x87\xa5\x20\x91\xbd\x91\x96\x20\x91\xac\x8e\x67\x95\xca";
static const char text_3023[]="\x8d\xec\x8a\x45\x93\x49\x8a\x6d\x20\x8d\x7e\x91\xac\x83\x5f\x2e";
static const char text_3024[]="\x8c\xb3\x83\x53\x8a\x69\x92\x65\x21\x20\x8e\x63\x8a\xaa\x20\x92\xb2\x21";
static const char text_3025[]="\x91\x8a\x8f\x9d\x21\x20\x8e\x63\x8a\xaa\x20\x92\xb2\x21\x20\x8e\x63\x8a\xaa\x20\x92\xb2\x21";
static const char text_3026[]="\x95\xcf\x20\x8e\xd4\x20\x91\xcc\x8f\xea\x21";
static const char text_3027[]="\x84\xe7\x93\x5f\x95\xca\x20\x83\x69\x21";
static const char text_3028[]="\x87\xdc\x21\x20\x92\x75\x8f\x9c\x21\x20\x8c\x78\x88\xd9\x20\x83\x55\x90\xb3\x21";
static const char text_3029[]="\x82\xbc\x91\xbc\x20\x83\x54\x91\xac\x8f\xda\x21";
static const char text_3030[]="\x8f\x9c\x2c\x20\x8f\xcd\x91\xac\x20\x8f\x9f\x20\x8d\x7e\x90\x65\x21";
static const char text_3031[]="\x90\xe8\x88\xca\x91\xac\x20\x8d\x87\x92\x6c\x95\xe2\x82\xe0\x2e";
static const char text_3032[]="\x83\x81\x91\xf0\x20\x83\x4d\x92\x65\x21";
static const char text_3033[]="\x92\x63\x83\x84\x8a\xc8\x20\x83\xa3\x85\x96\x2c\x20\x82\xdc\x8c\xaf\x8f\x9c\x21";
static const char text_3034[]="\x85\x58\x87\x96\x92\xb8\x3f";
static const char text_3035[]="\x95\xbd\x95\xba\x20\x91\xac\x8a\x6c\x20\x83\x57\x90\x56\x20\x83\x5c\x89\xf2\x91\x9d\x20\x92\xca\x90\x56\x20\x88\xd9\x82\xc9\x20\x90\x94\x83\x7c\x83\x76\x2e";
static const char text_3036[]="\x91\x8a\x8f\x9d\x21\x20\x91\xac\x82\xbc\x20\x85\x58\x8f\xda\x21";
static const char text_3037[]="\x83\x5a\x20\x8f\x5d\x8a\xae\x91\x9d\x20\x8d\x7e\x90\x65\x20\x92\x87\x8b\x8b\x2e\x20\x95\xb6\x8b\x4e\x20\x8d\x7e\x82\xbc\x20\x88\xd3\x20\x82\xb8\x83\x7c\x21";
static const char text_3038[]="\x92\x45\x20\x92\x4e\x92\xc4\x20\x92\xa7\x2e";
static const char text_3039[]="\x92\x5b\x8b\x96\x20\x92\xc4\x92\xcd\x91\xb1\x81\x58\x3f";
static const char text_3040[]="\x83\x7c\x8b\x4c\x20\x83\x60\x8e\x7e\x89\xba\x91\x96\x20\x8f\xea\x84\x41\x82\xbc\x20\x88\xcd\x92\xb8\x3f";
static const char text_3041[]="\x8d\xdb\x8b\x7a\x20\x91\xac\x88\xca\x95\xdf\x21\x20\x90\x65\x82\xf1\x87\x89\x20\x8f\x9c\x8c\x8e\x82\xbb\x88\xa4\x20\x90\x48\x8f\xea\x21";
static const char text_3042[]="\x83\x5a\x91\xb6\x88\xe4\x20\x8f\x9c\x95\xa8\x82\xbd\x83\x73\x83\x96\x2e";
static const char text_3043[]="\x83\x84\x95\xc7\x91\x96\x20\x83\x5a\x83\x63\x8d\x87\x94\xb2\x20\x83\x7c\x83\x76\x8c\x4e\x20\x83\xc0\x2e\x20\x90\xac\x95\xdf\x83\x73\x20\x91\xd2\x8f\x5c\x91\x9d\x20\x91\x67\x95\xdf\x20\x86\xe5\x2e";
static const char text_3044[]="\x8c\xaf\x8a\x69\x83\x57\x20\x89\xca\x8a\xc8\x82\xe0\x2e";
static const char text_3045[]="\x8f\x4f\x92\xc4\x95\xbd\x8c\x4e\x20\x82\xe9\x20\x8f\x5c\x96\x5f\x20\x92\xe3\x8b\x4e\x20\x8e\x63\x20\x82\xb8\x8f\xda\x2e";
static const char text_3046[]="\x91\xac\x82\xb9\x20\x83\x84\x93\x64\x20\x85\x58\x8f\xda\x3f";
static const char text_3047[]="\x90\xb3\x21\x20\x8e\xfa\x95\x69\x91\xac\x83\x89\x8b\xad\x91\xac\x8f\xda\x21\x20\x83\x84\x83\x7e\x95\xdf\x21";
static const char text_3048[]="\x92\x63\x8c\xfc\x20\x95\xbd\x83\x73\x83\x96\x21";
static const char text_3049[]="\x83\x5f\x20\x8e\x67\x83\x84\x81\x58\x20\x83\x6e\x82\xe0\x92\xb8\x20\x8f\xac\x8f\x9c\x3f";
static const char text_3050[]="\x83\x56\x20\x92\xb8\x95\xbd\x8f\x5d\x91\xac\x20\x92\x75\x8f\x9c\x2e";
static const char text_3051[]="\x8f\x9c\x2c\x20\x91\xac\x89\xc6\x20\x89\xf2\x84\x89\x20\x81\x58\x8e\x78\x20\x90\x65\x91\xd2\x95\xca\x94\xc5\x20\x8b\x96\x20\x82\xba\x8f\xea\x20\x8d\x7e\x91\xd2\x2e";
static const char text_3052[]="\x85\x58\x8f\xda\x3f\x20\x91\xac\x82\xbc\x20\x83\x84\x93\x64\x20\x85\x58\x8f\xda\x21";
static const char text_3053[]="\x8c\x78\x88\xd9\x20\x93\x53\x8e\xd4\x95\xdf\x21";
static const char text_3054[]="\x83\x7c\x89\xba\x20\x8f\xac\x82\xbd\x92\xb8\x21";
static const char text_3055[]="\x82\xe9\x8a\x4f\x2c\x20\x92\x42\x20\x83\x60\x8e\x7e\x89\xba\x90\x56\x82\xbc\x20\x91\xb1\x92\x5b\x8c\xe3\x83\x73\x20\x8c\xec\x8c\xfc\x91\x9d\x20\x81\x58\x8b\x43\x89\x57\x20\x92\x87\x92\xb8\x2e";
static const char text_3056[]="\x92\x5b\x8b\x96\x21\x20\x81\x76\x93\xaf\x20\x8f\x9c\x95\xa8\x82\xbc\x20\x8b\x8f\x89\xba\x90\x53\x82\xe0\x21";
static const char text_3057[]="\x8c\x82\x95\x91\x2c\x20\x90\x56\x94\x7a\x8e\x88\x91\x9d\x20\x94\xde\x82\xd1\x20\x92\xa7\x2e";
static const char text_3058[]="\x91\xac\x88\x4f\x20\x92\xc7\x8a\xaf\x8f\xea\x21\x20\x88\xb3\x20\x89\xca\x8c\xa9\x90\x56\x20\x8f\x9c\x8e\xf1\x90\xe8\x20\x82\xbb\x88\xa4\x20\x8f\x9c\x83\x64\x83\x96\x21";
static const char text_3059[]="\x91\x67\x83\x7c\x21\x20\x8f\x9c\x8a\x4f\x83\x7c\x21\x20\x83\x40\x8a\xaa\x21";
static const char text_3060[]="\x83\x7b\x20\x95\xa1\x8b\x7a\x2c\x20\x89\x9c\x8a\x97\x20\x8f\x9c\x8b\xf3\x8b\x7a\x93\xc1\x2c\x20\x8f\x9c\x91\xac\x8f\xed\x8b\xad\x2c\x20\x82\xe9\x8b\x7a\x82\xc9\x20\x8c\x76\x20\x8c\x5a\x20\x83\x89\x20\x91\xcc\x92\xb8\x2e";
static const char text_3061[]="\x83\x55\x88\xa4\x20\x84\x4e\x81\x47\x91\x96\x20\x8d\x80\x91\xf0\x91\xac\x20\x91\xcc\x8f\xea\x90\xd8\x21";
static const char text_3062[]="\x83\x56\x95\x90\x95\xbd\x82\xbc\x20\x82\xe1\x92\xb8\x20\x8b\x8b\x2c\x20\x92\x63\x8c\xe4\x21";
static const char text_3063[]="\x8f\xac\x82\xbd\x8f\xea\x2e\x20\x91\xac\x82\xb8\x20\x83\x54\x83\x55\x8c\x4e\x20\x90\x73\x96\x82\x20\x8d\x7e\x8a\x69\x20\x81\x58\x82\xc9\x20\x8f\x6b\x91\x96\x20\x82\xb8\x92\xb8\x3f";
static const char text_3064[]="\x8d\xdb\x8b\x7a\x20\x92\xb8\x91\x53\x91\x9d\x20\x8d\x7e\x83\x5a\x20\x92\xb2\x21";
static const char text_3065[]="\x92\xb8\x82\xed\x91\xab\x20\x83\x7d\x94\xb2\x20\x8e\xfa\x94\xf2\x8a\x77\x91\xb1\x92\xb8\x83\x73\x20\x93\x6f\x83\x84\x91\xab\x20\x8f\x9c\x89\xba\x91\xac\x89\xf1\x83\x73\x20\x82\xb8\x92\xb8\x2e";
static const char text_3066[]="\x8b\x5c\x8b\x5c\x2c\x20\x91\xac\x92\x63\x20\x82\xe9\x20\x82\xb9\x8c\xec\x92\xc4\x20\x91\xbd\x88\xa4\x20\x8c\x8b\x20\x83\x66\x8b\x7a\x82\xbd\x82\xe0\x21";
static const char text_3067[]="\x82\xc4\x82\xdf\x20\x90\x73\x82\xd9\x91\x96\x20\x83\x55\x8a\x46\x20\x8f\x9f\x20\x8f\xea\x90\xea\x8b\x7a\x83\x55\x20\x85\xa3\x2e\x20\x82\xe9\x8a\x4f\x8e\x78\x20\x91\xac\x20\x8c\x78\x8f\xe6\x91\xac\x92\xb8\x2e";
static const char text_3068[]="\x8d\xec\x8c\x8e\x8f\x5d\x90\x56\x20\x92\x4e\x96\x82\x95\xe2\x83\x73\x83\x96\x20\x90\x48\x83\x89\x89\xf1\x2e";
static const char text_3069[]="\x91\xac\x82\xbb\x20\x88\x5d\x20\x85\xa3\x21";
static const char text_3070[]="\x8c\xaf\x8a\x69\x83\x57\x20\x89\xca\x82\xe0\x21";
static const char text_3071[]="\x8b\x96\x88\xa4\x20\x8f\x9f\x20\x83\xc0\x2c\x20\x92\x42\x83\x69\x91\xac\x3f";
static const char text_3072[]="\x91\xac\x20\x93\x7c\x20\x8f\x9f\x20\x8d\x7e\x90\x65\x3f";
static const char text_3073[]="\x83\x5a\x81\x58\x20\x8b\xc6\x92\x42\x20\x95\xca\x20\x8c\xec\x20\x8b\xba\x87\x96\x82\xe0\x21";
static const char text_3074[]="\x92\x42\x82\xf1\x20\x85\xa3\x2e\x20\x91\x67\x8b\x4e\x20\x83\x57\x8f\x9c\x83\x7c\x83\x76\x83\x73\x20\x82\xb9\x20\x8e\xfa\x95\x69\x91\xac\x83\x89\x8b\xad\x91\xac\x8f\xda\x2e";
static const char text_3075[]="\x82\xe9\x8b\x7a\x82\xc9\x20\x82\xe9\x20\x92\x4e\x20\x82\xc5\x92\x87\x88\xa4\x2e";
static const char text_3076[]="\x91\xac\x8d\x7e\x83\x7c\x20\x8e\xf1\x90\xe8\x20\x88\xca\x91\xd6\x88\xa4\x20\x90\x48\x92\xb8\x2e";
static const char text_3077[]="\x8e\xf6\x94\xf2\x8d\x7e\x83\x7c\x20\x83\x5a\x20\x91\xb1\x83\x5a\x8f\x64\x91\xac\x20\x8b\xc6\x92\x42\x20\x95\xca\x82\xc8\x90\x56\x20\x83\x7c\x83\x7c\x8b\x43\x82\xbd\x8f\xea\x2e";
static const char text_3078[]="\x93\x44\x8f\xcc\x83\x7c\x2e\x20\x94\xf2\x8b\x7a\x8e\xfa\x89\xaf\x8b\x7a\x90\xab\x91\xac\x8f\xda\x2e";
static const char text_3079[]="\x91\x8a\x8f\x9d\x2c\x20\x8f\xf3\x82\xe1\x90\x56\x20\x85\x58\x81\x58\x20\x8d\x96\x90\x53\x8f\xea\x3f";
static const char text_3080[]="\x83\x84\x93\x64\x20\x8f\xea\x84\x41\x82\xbc\x20\x95\xbd\x83\x73\x20\x82\xb9\x92\xb8\x20\x8c\x78\x8b\x43\x82\xbd\x8f\xea\x2e";
static const char text_3081[]="\x92\xc7\x20\x8e\xd4\x20\x90\x48\x8f\xea\x2e\x20\x86\xb3\x91\x9d\x20\x8c\x8b\x20\x8e\xf1\x82\xbd\x8f\xea\x2e\x20\x8f\xea\x84\x41\x82\xbc\x89\xab\x20\x8c\xf5\x8a\x60\x8f\xda\x20\x95\xdf\x2e";
static const char text_3082[]="\x8b\xb6\x8b\x7a\x20\x91\x67\x8a\xc8\x20\x92\xe3\x8b\x4e\x20\x89\xce\x8f\xea\x89\xe6\x8a\xaa\x20\x92\x87\x8b\x8b\x21";
static const char text_3083[]="\x82\xe9\x8a\x4f\x8e\x78\x20\x91\x66\x20\x8e\xf6\x94\xb2\x8b\x4e\x20\x8f\x8a\x83\x73\x20\x82\xb8\x8f\xda\x2e\x20\x91\xac\x8a\x6c\x20\x82\xdd\x94\xde\x20\x93\x64\x88\x8c\x91\x96\x20\x92\xc7\x8e\x71\x91\xac\x82\xb8\x89\xab\x2e";
static const char text_3084[]="\x88\x4f\x91\xf0\x2c\x20\x83\x69\x91\xac\x20\x90\xd4\x83\x7c\x21";
static const char text_3085[]="\x92\x42\x20\x83\x60\x8e\x7e\x89\xba\x90\x56\x82\xbc\x20\x91\xb1\x92\x5b\x8c\xe3\x83\x73\x20\x8c\xec\x8c\xfc\x91\x9d\x20\x81\x58\x8b\x43\x89\x57\x20\x92\x87\x92\xb8\x2e";
static const char text_3086[]="\x8f\xf3\x82\xe1\x90\x56\x20\x85\x58\x20\x85\x4f\x90\x53\x8f\xea\x21\x3f";
static const char text_3087[]="\x82\xe9\x8a\x4f\x21\x20\x91\xac\x8a\x4f\x8f\xda\x92\xb8\x21";
static const char text_3088[]="\x83\x7c\x2c\x20\x83\x81\x95\xe2\x83\x7c\x21";
static const char text_3089[]="\x87\x87\x89\x88\x8a\xaa\x21\x20\x87\x87\x89\x88\x8a\xaa\x21";
static const char text_3090[]="\x85\x58\x89\xf1\x82\xc9\x3f";
static const char text_3091[]="\x93\x64\x95\x83\x95\xdf\x21";
static const char text_3092[]="\x8c\xe4\x8b\x8f\x20\x82\xba\x8f\xea\x20\x92\xb2\x88\xa4\x20\x88\xd0\x83\x76\x83\x4b\x21";
static const char text_3093[]="\x83\x56\x20\x87\xad\x20\x91\xac\x8a\x6c\x20\x8e\x73\x82\xa2\x91\x9d\x20\x95\xbd\x82\xc9\x20\x91\xcc\x92\xb8\x3f";
static const char text_3094[]="\x82\xf0\x82\xab\x95\xbd\x21";
static const char text_3095[]="\x83\x5c\x20\x8f\xea\x89\xbd\x20\x82\xc9\x91\xf0\x20\x83\x59\x82\x84\x3f";
static const char text_3096[]="\x95\xdb\x82\xcf\x20\x8d\x87\x83\x84\x2c\x20\x8b\x8b\x91\xac\x94\x65\x20\x34\x20\x95\xdb\x8a\xc8\x8a\xc8\x20\x91\xac\x88\xca\x95\xbd\x89\xf1\x2e";
static const char text_3097[]="\x83\x43\x91\x9d\x20\x8d\xc4\x94\x73\x89\xf1\x82\xc9\x2e";
static const char text_3098[]="\x82\x8c\x20\x8b\xa6\x83\x80\x8b\x7e\x20\x8d\xec\x8a\x45\x91\x9d\x20\x82\xde\x95\xdf\x21\x20\x92\xe3\x20\x8f\x9f\x91\xab\x20\x8d\xec\x8a\x45\x89\xba\x91\x96\x20\x83\x5a\x81\x58\x20\x84\xd9\x91\x9d\x82\xbc\x21";
static const char text_3099[]="\x90\xe6\x8b\x7a\x20\x83\xe5\x91\xac\x20\x83\x81\x8f\x5c\x20\x90\x6c\x8e\x91\x20\x8a\xa8\x91\xac\x8f\xda\x2e";
static const char text_3100[]="\x82\xb8\x85\xa3\x2c\x20\x92\x42\x20\x8d\xec\x8a\x45\x20\x82\xcd\x20\x8d\xec\x82\xc9\x20\x83\x5a\x82\xbd\x8f\xea\x2e";
static const char text_3101[]="\x91\xac\x8a\x6c\x20\x8b\x97\x8f\x5c\x91\xac\x20\x91\xcc\x83\x55\x21\x20\x90\x65\x82\xf1\x8e\x78\x20\x83\x54\x83\x5a\x91\xd2\x2e";
static const char text_3102[]="\x82\xe9\x8a\x6c\x20\x88\x90\x91\x9d\x20\x95\xbd\x83\x76\x83\x4b\x20\x8b\xb6\x8b\x7a\x8b\x4e\x20\x8c\xe4\x8a\xc8\x20\x92\xe3\x91\xac\x83\x73\x20\x82\xb8\x8f\xda\x2e";
static const char text_3103[]="\x95\xdb\x82\xcf\x20\x92\xb8\x91\x53\x20\x8f\x5d\x8f\x54\x20\x92\xa7\x2e";
static const char text_3104[]="\x91\xac\x84\x88\x20\x83\xed\x20\x91\xac\x8a\x6c\x20\x8d\x80\x91\xf0\x20\x8f\x9f\x20\x91\xbd\x90\x53\x91\x8a\x8c\x4e\x20\x92\x75\x8f\xcc\x91\x9d\x20\x82\xb8\x89\xf3\x20\x8e\x73\x82\xa2\x91\xac\x20\x89\xba\x8f\xea\x2e";
static const char text_3105[]="\x8c\x8b\x20\x89\xba\x90\x53\x83\x55\x3f\x20\x90\xed\x92\xbc\x91\xac\x92\xb8\x20\x8b\x8b\x21";
static const char text_3106[]="\x85\x78\x82\xb8\x8b\x7a\x90\x56\x20\x83\x55\x90\xb3\x8e\x78\x20\x91\xac\x8a\x6c\x20\x88\x90\x91\x9d\x20\x95\xbd\x83\x73\x20\x82\xb8\x8f\xda\x3f";
static const char text_3107[]="\x92\x5b\x8b\x96\x20\x83\x57\x20\x8e\xd4\x20\x91\xcc\x83\x73\x92\xb8\x20\x8f\x54\x96\x40\x95\xdf\x20\x8d\x86\x83\x4b\x3f";
static const char text_3108[]="\x95\xdb\x82\xcf\x20\x8d\x87\x83\x84\x2c\x20\x90\x94\x8e\xfa\x93\xc1\x20\x38\x20\x95\xdb\x8a\xc8\x8a\xc8\x20\x91\xac\x88\xca\x95\xbd\x89\xf1\x2e";
static const char text_3109[]="\x82\xe9\x20\x90\x65\x91\xd2\x81\x58\x20\x83\x57\x20\x96\x5c\x8c\xc5\x95\xbd\x8a\xaa\x83\x73\x20\x82\xb9\x92\xb8\x88\xa4\x20\x8c\x88\x89\xf1\x2e";
static const char text_3110[]="\x8c\xfb\x91\xb1\x20\x93\x8a\x92\x45\x20\x92\xa7\x2e";
static const char text_3111[]="\x91\xd6\x92\x4e\x20\x8e\x91\x82\xcf\x21";
static const char text_3112[]="\x83\x5c\x88\xa4\x20\x85\xa5\x92\xb8\x21";
static const char text_3113[]="\x82\xe9\x83\x55\x92\x42\x83\x55\x20\x92\xb8\x8a\xf1\x95\xbd\x83\x5f\x2e";
static const char text_3114[]="\x8f\xda\x2c\x20\x93\x7c\x90\x56\x20\x8e\xc0\x83\x84\x92\xb8\x20\x8b\x8b\x21";
static const char text_3115[]="\x88\x91\x88\x91\x83\x84\x83\x73\x20\x8e\xb8\x8b\x7a\x83\x73\x20\x83\xd5\x82\xf1\x20\x86\xd0\x8f\xea\x2e";
static const char text_3116[]="\x95\xca\x20\x8c\xec\x20\x8b\xba\x90\x65\x20\x92\xb2\x21";
static const char text_3117[]="\x83\x7c\x91\xa4\x20\x95\xca\x20\x8c\xec\x91\x8a\x8a\xc8\x20\x8e\x45\x8e\x45\x92\x6a\x82\xa2\x20\x83\x5a\x20\x92\x87\x8b\x8b\x21";
static const char text_3118[]="\x8f\x9c\x2c\x20\x91\xac\x82\xb8\x20\x8f\x9f\x20\x88\xd3\x92\xb8\x88\xa4\x2e";
static const char text_3119[]="\x91\xac\x82\xb8\x20\x8f\x9f\x20\x88\xd3\x92\xb8\x88\xa4\x20\x8c\x78\x8b\x43\x82\xbd\x8f\xea\x2e\x20\x8b\x8b\x93\xa6\x94\x7e\x90\x56\x20\x85\x58\x81\x58\x20\x85\x4f\x8f\xea\x20\x91\xcc\x90\x53\x83\x73\x92\xb8\x83\x73";
static const char text_3120[]="\x8c\x88\x89\xf1\x88\xa4\x2e";
static const char text_3121[]="\x83\x56\x20\x83\x5a\x20\x91\xb6\x91\x9d\x20\x95\xcf\x20\x86\x48\x91\xac\x8f\xda\x2e";
static const char text_3122[]="\x83\x7c\x91\xa4\x20\x95\xca\x20\x8c\xec\x90\x56\x20\x8e\x45\x8e\x45\x92\x6a\x82\xa2\x20\x83\x5a\x20\x92\x87\x8b\x8b\x21";
static const char text_3123[]="\x91\xac\x8e\x67\x95\xca\x20\x83\x69\x95\xca\x94\xc5\x20\x88\xa4\x90\xed\x8c\xe3\x91\x96\x20\x82\xba\x20\x8f\x9c\x8c\x8e\x88\xa4\x20\x8c\x88\x84\x78\x91\x8a\x8c\x4e\x2e";
static const char text_3124[]="\x83\x5a\x81\x58\x20\x8f\xac\x20\x82\xbc\x20\x85\x58\x8f\xda\x3f";
static const char text_3125[]="\x8c\x82\x95\x91\x2c\x20\x8f\x54\x82\xa2\x20\x92\x5b\x8d\x7e\x20\x96\x87\x91\xb1\x2e";
static const char text_3126[]="\x83\x5c\x20\x8f\xea\x89\xbd\x20\x82\xc9\x91\xf0\x20\x83\x59\x82\xde\x83\x55\x21";
static const char text_3127[]="\x91\xac\x88\xca\x95\xdf\x21\x20\x90\x65\x83\x41\x20\x8f\x9c\x8c\x8e\x82\xbb\x88\xa4\x20\x90\x48\x8f\xea\x21";
static const char text_3128[]="\x8d\xdb\x8b\x7a\x20\x88\x5d\x20\x95\xdf\x21";
static const char text_3129[]="\x92\x42\x20\x81\x58\x8c\x4e\x91\x9d\x20\x8d\xdd\x87\x69\x8f\x9c\x20\x90\xb3\x21";
static const char text_3130[]="\x90\x65\x83\x41\x20\x81\x58\x85\x97\x82\xbc\x20\x89\xd3\x8f\xea\x82\x8f\x91\xd2\x2e";
static const char text_3131[]="\x8f\x9c\x8c\x8e\x82\xbb\x88\xa4\x20\x8f\x9c\x83\x76\x8f\xda\x21";
static const char text_3132[]="\x92\x5b\x91\xab\x8b\x4e\x20\x91\x67\x95\xdf\x20\x8d\xec\x83\x73\x20\x8f\xea\x88\xf5\x91\xab\x20\x90\x73\x91\x49\x91\xb1\x81\x58\x2e";
static const char text_3133[]="\x8f\x9f\x20\x83\xc0\x2e\x20\x8e\xf6\x94\xf2\x81\x58\x20\x82\xb8\x8c\xb3\x92\xa3\x91\x9d\x20\x96\xee\x8e\xd4\x95\xdf\x20\x8c\xf5\x8a\xaa\x2e";
static const char text_3134[]="\x8c\x82\x95\x91\x8b\x4e\x20\x92\x45\x91\x8a\x8a\xc8\x20\x95\x73\x92\x5b\x21";
static const char text_3135[]="\x83\x7c\x83\x60\x90\xd4\x8f\x4b\x83\x76\x83\x7c\x2e\x20\x88\x5e\x8f\x9c\x88\xa4\x20\x88\x89\x82\xb8\x90\xe8\x20\x90\xe6\x8b\x7a\x20\x92\xca\x91\xac\x92\xb8\x2e";
static const char text_3136[]="\x8e\xf6\x94\xf2\x8b\x4e\x20\x92\x6a\x92\x6e\x95\xcf\x20\x8e\xd4\x20\x91\xcc\x82\xbc\x20\x88\xcd\x8f\xea\x2e\x20\x83\x5f\x81\x58\x20\x8c\xc2\x89\xf1\x83\x8b\x20\x83\x84\x8a\xc8\x20\x8b\x96\x91\xac\x8f\xda\x2e";
static const char text_3137[]="\x83\x5c\x8b\xc0\x89\xba\x2c\x20\x92\x8c\x8f\xea\x89\xf1\x21";
static const char text_3138[]="\x8d\xdb\x8b\x7a\x20\x92\xe3\x8b\x4e\x20\x93\xaf\x90\xe6\x92\xb8\x20\x8f\xa4\x91\x8a\x8c\x4e\x20\x8f\x9f\x90\x56\x20\x91\xcc\x83\x73\x20\x8d\xec\x8a\x45\x89\xba\x91\xac\x20\x8d\x91\x90\x56";
static const char text_3139[]="\x83\x81\x95\xbd\x82\xbd\x8f\xea\x2e";
static const char text_3140[]="\x91\xb1\x8e\x73\x91\xac\x20\x91\xac\x8d\x7e\x83\x7c\x20\x83\x89\x20\x96\xaf\x83\x81\x95\xdf\x92\xb8\x8c\x4e\x20\x93\xe0\x91\xac\x8d\xb7\x20\x54\x56\x90\x56\x20\x8c\xec\x90\x73\x88\xd0\x82\xbd\x8f\xea\x2e";
static const char text_3141[]="\x8f\xf3\x8b\x4c\x20\x83\x54\x83\x5a\x82\xc9\x20\x8e\xe5\x20\x8b\x8b\x8f\x54\x8a\x69\x20\x81\x58\x91\xd2\x2e";
static const char text_3142[]="\x85\x58\x8f\xda\x2c\x20\x91\xac\x82\xb9\x3f";
static const char text_3143[]="\x8d\xb6\x8a\xd4\x91\x96\x20\x92\xb8\x85\xb7\x20\x91\x67\x90\x56\x20\x91\xcc\x83\x7c\x21";
static const char text_3144[]="\x8f\x9c\x2c\x20\x83\x6f\x91\xac\x20\x8b\x49\x8b\x49\x20\x88\xa4\x83\x5f\x2e";
static const char text_3145[]="\x90\xb6\x92\x4e\x97\x52\x20\x82\xac\x93\x6f\x8f\xda\x21\x20\x91\xac\x92\x63\x20\x91\xd2\x82\xc9\x20\x8f\x6b\x8f\xea\x21";
static const char text_3146[]="\x84\x4d\x20\x8a\x77\x91\xac\x92\x42\x20\x8d\x5c\x91\xac\x8f\xda\x3f\x20\x92\x5b\x8b\x96\x20\x86\xd0\x91\x96\x83\x96\x2e";
static const char text_3147[]="\x94\x68\x91\xb6\x91\xac\x83\x7c\x2c\x20\x83\x69\x91\xac\x20\x90\xd4\x8f\xea\x21";
static const char text_3148[]="\x88\x4f\x91\xf0\x21\x20\x91\xac\x88\x4f\x20\x92\xb8\x81\xb2\x92\xb8\x81\xb2\x95\xdf\x21";
static const char text_3149[]="\x82\xe9\x8a\x6c\x20\x89\x5c\x8e\xfa\x8a\x69\x90\xe8\x20\x81\x58\x8c\x4e\x91\x9d\x20\x8f\x8a\x83\x7c\x83\x76\x2c\x20\x8f\xea\x92\xb8\x82\xa6\x97\x52\x20\x8c\x8b\x8e\x73\x81\x70\x83\x55\x20\x8d\x7e\x82\xe0\x2e";
static const char text_3150[]="\x83\x81\x8f\x5c\x91\xac\x20\x90\x48\x90\x53\x83\x7c\x8c\x4e\x20\x8f\xea\x88\xb0\x20\x8e\xd4\x20\x90\x48\x90\x53\x91\x9d\x20\x82\xb8\x90\x85\x90\xd8\x2e";
static const char text_3151[]="\x8e\xf6\x8a\xb4\x97\x52\x8f\xea\x8a\xc8\x20\x8c\xe4\x82\xc3\x21";
static const char text_3152[]="\x91\xd2\x2c\x20\x88\x5d\x20\x88\x89\x82\xbe\x20\x8d\x86\x83\x4b\x3f";
static const char text_3153[]="\x91\x8a\x8f\x9d\x2c\x20\x83\x81\x95\xe2\x8f\xea\x21";
static const char text_3154[]="\x90\xe8\x92\x4e\x95\xcf\x20\x92\xa3\x20\x8c\x78\x8b\x43\x83\x73\x20\x83\x69\x91\xac\x20\x83\x5c\x8c\x8e\x20\x8b\x92\x8f\x9c\x2e";
static const char text_3155[]="\x82\x5e\x92\xc7\x82\xf1\x83\x5f\x2e\x20\x8f\x9c\x83\x73\x20\x82\xbc\x20\x82\xe9\x82\xbb\x86\x48\x91\xac\x8f\xda\x3f";
static const char text_3156[]="\x90\x55\x8b\x97\x91\xac\x8f\xda\x21";
static const char text_3157[]="\x81\x58\x8c\xec\x91\x9d\x20\x88\xd0\x93\x44\x8f\xcc\x8f\xea\x90\xd8\x2e";
static const char text_3158[]="\x88\xcd\x91\x8a\x83\x76\x83\x4b\x20\x85\x8b\x82\xed\x91\xac\x83\x55\x20\x83\x5a\x21";
static const char text_3159[]="\x91\xac\x8a\x4f\x8e\x88\x20\x93\x7c\x91\x9d\x20\x8c\x8b\x20\x8f\x8a\x91\xde\x8f\x9c\x21";
static const char text_3160[]="\x92\x50\x83\x84\x20\x83\x5a\x20\x82\xbb\x20\x8f\x9c\x82\x84\x2e";
static const char text_3161[]="\x83\x81\x8f\x5c\x20\x93\x7d\x82\xc9\x90\x85\x90\xd8\x21";
static const char text_3162[]="\x91\xac\x82\xb9\x20\x83\x5a\x81\x58\x20\x81\x58\x92\x65\x81\x58\x92\xb8\x2e";
static const char text_3163[]="\x91\x8a\x2c\x20\x92\x4e\x8d\x87\x20\x8b\xba\x92\xb8\x20\x8b\x96\x82\xba\x20\x82\xe9\x84\x81\x8f\xea\x2e";
static const char text_3164[]="\x8f\x9c\x83\x76\x2c\x20\x92\xb8\x83\x56\x8c\xf7\x87\x89\x20\x83\x5a\x81\x58\x20\x91\xac\x81\x70\x8f\xea\x2e";
static const char text_3165[]="\x8c\x82\x95\x91\x20\x95\x83\x92\xe8\x21";
static const char text_3166[]="\x90\xe6\x8f\x4b\x92\xb8\x8b\x8f\x20\x88\xb3\x91\x9d\x20\x91\x67\x95\xdf\x8e\x78\x83\x7c\x2e";
static const char text_3167[]="\x91\xac\x82\xb8\x20\x8f\x9f\x20\x89\xce\x8f\xea\x92\xb8\x83\x55\x3f\x20\x91\x8a\x8f\x9d\x21";
static const char text_3168[]="\x88\x4f\x91\xf0\x2c\x20\x83\x81\x95\xe2\x83\x5f\x2e";
static const char text_3169[]="\x8e\x96\x8e\x67\x91\x9d\x20\x8d\x91\x94\x92\x91\x4f\x20\x92\x87\x8b\x8b\x21";
static const char text_3170[]="\x92\xb8\x95\xa8\x20\x8d\x87\x83\x84\x2c\x20\x92\xa3\x8a\xf1\x20\x81\x76\x95\xa8\x8a\xc8\x20\x91\xac\x88\xca\x2e";
static const char text_3171[]="\x8a\xcd\x8e\xb8\x91\xab\x20\x82\xf1\x8e\x96\x83\x73\x20\x8f\xea\x89\xbd\x20\x81\x45\x8f\xea\x3f";
static const char text_3172[]="\x8f\x9c\x8f\xda\x21\x20\x8f\x9c\x92\x87\x20\x82\x63\x88\xe8\x95\xe2\x8f\xea\x2e";
static const char text_3173[]="\x8f\x9c\x2c\x20\x90\x55\x8b\x97\x92\xc4\x92\xf7\x91\xac\x8f\xda\x21";
static const char text_3174[]="\x8d\xec\x8f\x5d\x20\x82\xe9\x84\x8d\x82\xbc\x20\x86\xd0\x92\xb8\x8b\x8f\x91\x96\x20\x8f\xa4\x91\x96\x20\x82\xb8\x92\xb8\x2c\x20\x90\x56\x89\xbd\x3f";
static const char text_3175[]="\x82\xb8\x82\xf1\x81\x58\x20\x8d\xc4\x8c\xbb\x20\x91\xf0\x8e\xb8\x81\x58\x20\x88\xcd\x92\xb8\x2e";
static const char text_3176[]="\x91\xac\x94\x83\x95\xdf\x21\x20\x8d\xdb\x8b\x7a\x21";
static const char text_3177[]="\x92\x42\x82\xb8\x20\x8e\xfa\x95\x69\x91\xac\x83\x89\x8b\xad\x91\xac\x8f\xda\x3f\x20\x8f\x9c\x83\x76\x8c\x4e\x20\x83\x65\x8c\xc2\x3f\x20\x95\xdb\x8e\x67\x20\x8b\x62\x82\xa8\x8b\x7a\x83\x89\x89\xf1\x2e";
static const char text_3178[]="\x92\xbc\x91\xf0\x20\x8d\xec\x8a\x45\x89\xba\x95\xca\x94\xc5\x20\x8b\x96\x95\xdf\x8f\xda\x82\xbd\x8f\xea\x21";
static const char text_3179[]="\x8c\xb3\x8f\x9f\x95\xbd\x92\xb8\x8b\x8f\x2c\x20\x8e\xfa\x94\xcd\x20\x82\xe0\x91\xac\x20\x92\x69\x8f\xea\x21";
static const char text_3180[]="\x92\x42\x20\x91\xac\x8e\x67\x95\xca\x20\x87\xa5\x90\x56\x20\x8e\xbe\x92\xb8\x20\x8b\x8b\x21\x20\x81\x5e\x92\x87\x8a\xaa\x83\x73\x20\x82\xbb\x86\x48\x91\xac\x8f\xda\x21";
static const char text_3181[]="\x8f\xac\x8f\xcc\x8f\xea\x2c\x20\x8f\xac\x8f\xcc\x8f\xea\x21\x20\x91\xac\x20\x8c\xec\x8c\xfc\x91\x8a\x8a\xd9\x20\x8f\x9f\x20\x83\xc0\x21";
static const char text_3182[]="\x82\xc5\x92\xed\x91\xac\x83\x7c\x2c\x20\x91\xac\x20\x84\xe7\x93\x5f\x8f\x9c\x21";
static const char text_3183[]="\x92\xe3\x8a\xc8\x20\x88\xc5\x8f\x9c\x81\x58\x21";
static const char text_3184[]="\x82\xe9\x20\x88\xb3\x91\x9d\x20\x8c\xe3\x92\xb8\x20\x8b\x96\x82\xba\x20\x95\xbd\x82\xc9\x20\x96\xd4\x96\xb3\x95\xbd\x92\xb8\x3f";
static const char text_3185[]="\x92\x63\x82\xf1\x84\x75\x21";
static const char text_3186[]="\x92\x8c\x82\xf1\x20\x86\xd0\x8f\xea\x21";
static const char text_3187[]="\x83\x5a\x81\x58\x20\x83\x5f\x20\x92\xc4\x92\xcd\x20\x8f\x9c\x8d\xd7\x89\xf1\x83\x73\x20\x8e\xb8\x8b\x7a\x89\xf1\x88\xa4\x20\x95\xbd\x8c\x4e\x20\x88\xc5\x8f\x9c\x82\xa8\x20\x82\xb8\x8f\xda\x2e";
static const char text_3188[]="\x84\x4d\x20\x90\x94\x89\xf1\x83\x73\x20\x82\xb8\x82\x84\x21";
static const char text_3189[]="\x95\xbd\x95\xbd\x95\xbd\x21\x20\x8f\x9c\x8a\x4f\x83\x7c\x2c\x20\x81\xe9\x8b\x8b\x21";
static const char text_3190[]="\x92\xb8\x95\xa8\x20\x8d\x87\x83\x84\x2c\x20\x8a\x4d\x82\xc9\x20\x95\x69\x95\x69\x8a\xc8\x20\x91\xac\x88\xca\x2e";
static const char text_3191[]="\x83\x81\x8f\x5c\x20\x88\x5d\x20\x91\xac\x8e\x67\x95\xbd\x92\xb8\x8b\x8f\x20\x83\x56\x20\x90\x6c\x8e\x91\x20\x8a\xa8\x91\xac\x8f\xda\x21";
static const char text_3192[]="\x85\x58\x8f\xda\x2c\x20\x91\xac\x82\xb9\x21\x20\x91\xac\x82\xb9\x2e\x2e\x2e";
static const char text_3193[]="\x8e\xfa\x95\x69\x91\xac\x83\x89\x8b\xad\x2c\x20\x8f\x9c\x83\x76\x8c\x4e\x20\x8e\xfa\x95\xb6\x89\x88\x8d\x86\x3f\x20\x88\xf3\x91\x9d\x20\x91\xe3\x20\x82\xde\x8d\x90\x20\x8c\x8b\x20\x95\xbd\x82\xbd\x83\x89\x89\xf1\x2e";
static const char text_3194[]="\x92\xe3\x81\x58\x20\x8b\x8e\x8b\x64\x8e\x78\x20\x33\x30\x8d\x90\x91\xac\x83\x55\x20\x81\x40\x8b\x64\x20\x91\xcc\x90\x53\x8f\xea\x2e";
static const char text_3195[]="\x95\xdb\x8d\x80\x95\xdf\x20\x92\xa3\x83\x4b\x3f";
static const char text_3196[]="\x91\xac\x94\x83\x95\xbd\x89\xf1\x21\x20\x8f\xea\x8e\x78\x21";
static const char text_3197[]="\x95\xbd\x2c\x20\x91\xac\x20\x8c\xc2\x8d\x7e\x20\x88\x5d\x20\x85\xa3\x89\xf1\x2e";
static const char text_3198[]="\x82\x8c\x20\x91\xac\x92\xdd\x91\x8a\x8a\xc8\x20\x81\x58\x21\x20\x83\x56\x20\x92\x42\x92\xdd\x91\x8a\x8a\xc8\x20\x82\xa8\x82\xbc\x21";
static const char text_3199[]="\x83\x5d\x20\x93\x64\x95\x83\x95\xca\x83\x7c\x21";
static const char text_3200[]="\x8f\xda\x2c\x20\x92\x42\x83\x69\x20\x8d\xdb\x89\xf1\x21";
static const char text_3201[]="\x92\x8c\x8f\xea\x89\xf1\x2c\x20\x91\xe4\x87\xa5\x20\x91\xd2\x8f\x57\x21";
static const char text_3202[]="\x90\x56\x89\xbd\x20\x82\xc7\x90\x56\x20\x83\x5c\x8c\x8e\x20\x90\x94\x8a\x4f\x20\x91\xcc\x91\x8a\x8c\x4e\x20\x92\x8c\x91\x9d\x20\x82\xbb\x20\x81\x47\x8f\x9c\x2e";
static const char text_3203[]="\x95\xdb\x82\xcf\x20\x8d\x87\x83\x84\x2c\x20\x82\xc5\x8a\xc8\x20\x91\x67\x8e\xfa\x94\x73\x20\x32\x8a\xc8\x20\x91\xac\x88\xca\x95\xbd\x89\xf1\x2e";
static const char text_3204[]="\x8f\x5d\x8f\x5d\x20\x87\xc3\x92\xb8\x20\x8b\x96\x82\xc9\x20\x92\x42\x20\x85\x8b\x8a\x77\x8b\x4e\x20\x88\x90\x85\x77\x8f\x9c\x21";
static const char text_3205[]="\x92\x42\x20\x91\xe4\x87\xa5\x20\x91\xbd\x91\x96\x20\x84\xe7\x93\x5f\x91\xac\x83\x73\x20\x83\x6e\x82\xde\x8f\xda\x3f";
static const char text_3206[]="\x91\xac\x85\xa3\x21\x20\x8c\xec\x82\xed\x20\x93\x96\x82\xbf\x91\x8a\x8a\xc8\x20\x81\xaf\x8f\x54\x81\x58\x20\x83\x55\x8f\xcc\x8f\xea\x21";
static const char text_3207[]="\x8d\x72\x96\x7b\x8d\xec\x20\x8d\x87\x8b\x4e\x20\x82\xb8\x8f\xda\x21";
static const char text_3208[]="\x83\x57\x20\x96\x82\x83\x55\x82\xbc\x20\x95\xbd\x92\xb8\x20\x8f\xa4\x83\x73\x20\x82\xbc\x20\x92\x75\x91\x9d\x82\xba\x2e";
static const char text_3209[]="\x91\xd2\x2c\x20\x82\xa2\x90\x94\x95\xdf\x89\xf1\x21\x20\x91\xac\x20\x8f\x9d\x8c\xaf\x8f\xea\x21";
static const char text_3210[]="\x92\x75\x8f\x9c\x21\x20\x91\xac\x82\xba\x20\x82\xf1\x83\x7c\x8a\xaf\x83\x7c\x82\xc9\x21";
static const char text_3211[]="\x92\x8c\x90\x65\x21\x20\x88\x90\x85\x77\x8f\x9c\x21";
static const char text_3212[]="\x91\xd6\x92\x4e\x20\x92\xb8\x87\x8e\x90\x56\x8e\x78\x20\x93\x53\x8e\xd4\x95\xbd\x89\xf1\x21";
static const char text_3213[]="\x85\x58\x2c\x20\x88\xcd\x8f\xea\x2e\x20\x84\x4d\x20\x82\xc5\x92\x87\x95\xbd\x82\xc9\x20\x8f\x6b\x91\x8a\x8c\x4e\x20\x8d\x91\x8a\x69\x2e\x20\x8d\x7e\x94\xde\x20\x8c\xf3\x8e\xfa\x94\xb2\x20\x8d\xcf\x89\xc1";
static const char text_3214[]="\x81\xaf\x93\x49\x90\x56\x20\x91\xcc\x91\x8a\x83\x76\x83\x4b\x2e";
static const char text_3215[]="\x85\x58\x20\x95\xbd\x83\x73\x20\x82\xb8\x8f\xda\x2c\x20\x83\x5c\x8b\xc0\x89\xba\x21\x20\x92\x5b\x8f\x5c\x20\x92\xe3\x8a\xaa\x21";
static const char text_3216[]="\x82\xe9\x20\x8f\x95\x83\x96\x90\x48\x83\x73\x20\x8e\xd4\x83\x7c\x81\x58\x20\x82\xe9\x8b\x7a\x91\x4f\x92\xb8\x83\x5f\x2e";
static const char text_3217[]="\x8f\x9c\x8f\xda\x21\x20\x88\xd9\x20\x83\x84\x8b\x8f\x20\x83\x89\x20\x84\xd8\x91\x8a\x8c\x4e\x20\x8e\x67\x83\x84\x20\x8f\x9f\x20\x95\xdf\x20\x92\xa3\x20\x82\xb8\x8f\xda\x21";
static const char text_3218[]="\x81\x90\x91\xf0\x95\xdf\x21\x20\x81\x90\x91\xf0\x95\xbd\x83\x7c\x82\xc9\x21";
static const char text_3219[]="\x83\x84\x93\x64\x20\x8c\x8e\x8e\xfb\x20\x91\xb6\x91\xac\x8f\xda\x3f";
static const char text_3220[]="\x83\x56\x20\x8f\x9d\x83\x81\x88\xa4\x20\x8f\x9c\x83\x64\x83\x96\x20\x83\x96\x8f\xea\x83\x96\x8d\xb7\x91\xac\x20\x92\x5b\x8b\x96\x20\x8c\x8e\x8e\x78\x91\x4f\x2e";
static const char text_3221[]="\x8c\x8b\x20\x89\xba\x90\x53\x83\x55\x3f\x20\x8e\xc0\x20\x89\xba\x8f\xea\x21";
static const char text_3222[]="\x92\xca\x90\x56\x20\x81\x58\x8e\x78\x20\x82\xcf\x8d\x87\x95\xbd\x82\xc9\x20\x85\x61\x8a\x52\x94\xf2\x20\x91\xac\x8f\xda\x82\xf1\x83\x73\x20\x92\x4e\x8d\x87\x20\x91\xce\x91\xd2\x2e";
static const char text_3223[]="\x92\x75\x8f\x9c\x21\x20\x82\xc5\x82\xc9\x83\x73\x20\x95\xe2\x83\x7c\x83\x73\x20\x8b\xb7\x92\x45\x91\x9d\x20\x83\x58\x82\xf1\x8a\xaa\x82\xc9\x20\x8b\x96\x95\xcf\x82\xbc\x2e\x20\x88\xa4\x88\xda\x91\xac\x8f\xda\x21";
static const char text_3224[]="\x92\x54\x95\xa8\x95\xbd\x83\x73\x20\x8e\xfa\x95\x69\x91\xac\x83\x89\x8b\xad\x20\x89\xbb\x91\xf0\x21";
static const char text_3225[]="\x94\x68\x91\xb6\x91\xac\x8f\xda\x21";
static const char text_3226[]="\x85\x58\x2c\x20\x8f\xea\x84\x41\x82\xbc\x89\xab\x20\x88\xd0\x82\xbd\x92\xb8\x2e\x20\x95\xbd\x8a\xf1\x20\x8e\x96\x20\x82\x67\x8b\x4e\x20\x83\x65\x92\x54\x20\x95\xa8\x8a\x77\x89\x52\x8a\xc8\x20\x8b\xba\x8f\xea\x88\xa4";
static const char text_3227[]="\x82\xb9\x82\xab\x95\xbd\x82\xbc\x20\x89\xf2\x20\x8e\xd4\x20\x91\xcc\x91\x9d\x20\x82\xb8\x8f\xda\x2e";
static const char text_3228[]="\x82\xc8\x8e\xbe\x20\x8f\x6f\x90\xea\x20\x8e\xe3\x20\x90\x48\x82\xbd\x92\xb8\x21";
static const char text_3229[]="\x8f\x5d\x8f\x5d\x20\x87\xc3\x92\xb8\x20\x8b\x96\x82\xc9\x20\x92\x42\x20\x85\x8b\x8a\x77\x8b\x4e\x20\x88\x90\x85\x55\x82\xb0\x21";
static const char text_3230[]="\x90\x65\x91\xd2\x20\x89\x8a\x82\xde\x81\x58\x20\x8e\x73\x82\xf1\x8c\x4e\x20\x8b\x8b\x91\xa4\x90\x56\x20\x90\x65\x91\x80\x81\x58\x20\x8e\x73\x82\xf1\x83\x73\x20\x82\xba\x83\x4b\x3f";
static const char text_3231[]="\x91\x67\x96\x40\x95\xdf\x2e";
static const char text_3232[]="\x88\xa4\x8b\x97\x89\x57\x88\xa4\x20\x8e\xb8\x90\xdd\x90\x48\x91\x8a\x83\x76\x83\x4b\x20\x8b\xe0\x89\x72\x21";
static const char text_3233[]="\x82\xb8\x8c\xb3\x89\xf1\x8c\x4e\x20\x92\xc7\x8e\x71\x91\xac\x83\x7c\x21";
static const char text_3234[]="\x8e\xfa\x8c\xaf\x90\x65\x86\x7c\x91\xab\x20\x88\x4a\x91\xa4\x2c\x20\x90\xb6\x8d\x5c\x95\xca\x20\x91\xf0\x8d\xc4\x21\x20\x91\xac\x20\x8c\x8a\x90\x56\x82\xbc\x20\x84\xd9\x82\xbe\x20\x92\xb2\x21";
static const char text_3235[]="\x83\x5f\x81\x58\x20\x8e\xfa\x95\x69\x91\xac\x83\x89\x8b\xad\x91\xac\x89\xf1\x8c\x4e\x20\x95\xca\x20\x83\x84\x88\xe4\x20\x84\xd8\x8f\x9c\x88\xa4\x20\x83\x53\x83\xf5\x90\x48\x82\xbd\x92\xb8\x2e";
static const char text_3236[]="\x8f\x9c\x2c\x20\x92\x75\x91\x96\x20\x8e\x73\x82\xa2\x91\xac\x20\x83\x59\x8f\xea\x2e\x20\x94\x5d\x8e\xfa\x90\x56\x8e\x78\x20\x82\xc5\x92\x87\x95\xbd\x83\x73\x20\x82\xb9\x20\x8f\xea\x89\xca\x3f";
static const char text_3237[]="\x84\x4d\x20\x82\x74\x86\x8a\x82\xe0\x2e";
static const char text_3238[]="\x91\xac\x82\xb9\x20\x91\xf0\x83\x56\x91\xac\x20\x8f\x9c\x83\x76\x8f\xda\x21";
static const char text_3239[]="\x8f\x9c\x92\xbc\x20\x8e\x63\x8f\x9c\x20\x91\xcc\x83\x7c\x83\x76\x20\x85\x6c\x91\x9d\x20\x8e\xd4\x20\x90\x48\x8f\xea\x2e";
static const char text_3240[]="\x83\x56\x20\x90\xe8\x91\xac\x20\x90\x48\x8f\xea\x2e\x20\x82\xe9\x8a\x6c\x20\x8b\x6f\x87\xf2\x8b\x96\x91\xac\x20\x8c\xf5\x84\xc9\x91\xac\x20\x88\xcd\x8f\xea\x2e";
static const char text_3241[]="\x8e\x67\x83\x87\x20\x8e\x88\x8e\x73\x83\x6a\x81\xdc\x20\x8b\x96\x87\x58\x89\x88\x8a\xaa\x8f\xda\x82\xbd\x8f\xea\x21";
static const char text_3242[]="\x8d\xdb\x8b\x7a\x20\x95\xdf\x20\x92\xb2\x21";
static const char text_3243[]="\x81\x58\x87\x94\x82\xbc\x88\xa4\x20\x90\xb6\x92\x4e\x97\x52\x20\x92\xb8\x93\x6b\x91\xde\x8f\x9c\x2e";
static const char text_3244[]="\x90\xe6\x8b\x7a\x20\x82\xcf\x82\xbf\x90\x56\x83\x73\x20\x8f\x5d\x95\x74\x81\x58\x20\x95\xa8\x8a\xc8\x82\xe9\x8a\x4f\x85\x71\x88\xd0\x8f\xea\x20\x91\xcc\x92\xb8\x20\x8f\xa4\x83\x7c\x2e";
static const char text_3245[]="\x96\x53\x82\xf1\x8b\x4e\x20\x8d\x91\x8a\x69\x89\xf1\x2e\x20\x31\x39\x31\x39\x83\x7c\x2e";
static const char text_3246[]="\x82\xc9\x8e\xb8\x95\xcf\x20\x82\xb8\x8f\xda\x21";
static const char text_3247[]="\x8a\xa2\x94\x46\x91\xac\x83\x55\x20\x8b\xba\x91\x8a\x8c\x4e\x8e\x78\x20\x83\x40\x81\xb2\x95\xbd\x82\xbc\x20\x90\x73\x96\x82\x8b\x4e\x20\x8d\x7e\x82\xc9\x20\x8f\x6b\x83\x5f\x2e";
static const char text_3248[]="\x91\xac\x82\xba\x8a\xc8\x20\x83\x54\x91\xf0\x91\xac\x83\x7c\x21";
static const char text_3249[]="\x87\x6d\x8e\xa6\x20\x95\xb6\x81\xac\x8f\xea\x20\x92\x4e\x8d\x87\x20\x82\xaf\x82\xc9\x20\x91\xcc\x8f\xea\x21";
static const char text_3250[]="\x8d\x91\x81\xf0\x91\xac\x20\x8d\xec\x89\xf1\x92\x69\x91\x8a\x83\x76\x20\x95\xca\x20\x8c\xec\x20\x8b\xba\x91\xb6\x20\x8e\xd4\x20\x91\xcc\x82\xbd\x8f\xea\x21";
static const char text_3251[]="\x90\x6c\x83\x7c\x86\x7c\x20\x8e\x63\x20\x8e\xb8\x83\x63\x95\xca\x94\xc5\x20\x84\xd8\x83\x73\x20\x82\xf1\x8d\x90\x91\xac\x20\x8f\xea\x89\xca\x3f";
static const char text_3252[]="\x81\x58\x84\x63\x91\xac\x83\x55\x20\x8c\xa9\x92\x63\x81\x58\x20\x8e\x45\x83\x89\x8c\xb3\x91\xb1\x83\x96\x20\x8f\x54\x96\x40\x91\x9d\x20\x91\x67\x95\xca\x20\x8f\x54\x96\x40\x83\x4b\x92\xb8";
static const char text_3253[]="\x82\xcf\x8d\x87\x95\xdf\x8f\xda\x20\x95\xdf\x3f";
static const char text_3254[]="\x91\xac\x8a\x6c\x20\x91\xb6\x91\x96\x20\x84\xd9\x92\xb8\x20\x8b\x96\x8f\xcc\x8f\xea\x8f\xda\x20\x95\xe2\x8f\xea\x2e";
static const char text_3255[]="\x91\xac\x20\x8c\xb3\x89\x8a\x20\x91\xd2\x8f\x57\x21";
static const char text_3256[]="\x83\x81\x8f\x5c\x20\x93\x7d\x82\xc9\x8f\xda\x21";
static const char text_3257[]="\x82\xe9\x83\x84\x8a\xc8\x20\x82\xf1\x83\x7c\x8b\x7a\x8c\x4e\x20\x8e\xe3\x82\xa6\x20\x91\xac\x88\xca\x91\xac\x89\xf1\x88\xa4\x20\x95\xdf\x20\x92\xa3\x92\xb8\x20\x8c\x78\x8b\x43\x92\xb8\x2e";
static const char text_3258[]="\x83\x5a\x81\x58\x20\x83\x5c\x8c\x8e\x20\x81\x5a\x92\x5b\x95\xbd\x83\x55\x3f\x20\x87\x8e\x8d\xec\x8e\x67\x20\x93\x7d\x8f\x9d\x91\xab\x20\x92\x87\x92\xe3\x20\x90\xd8\x91\x53\x91\x9d\x20\x8b\x8f\x83\x59\x91\x9d";
static const char text_3259[]="\x86\x48\x91\xb6\x92\xb8\x88\xa4\x2e";
static const char text_3260[]="\x82\xb8\x8c\xb3\x92\xa3\x8a\xc8\x20\x82\xc9\x92\x5b\x95\xbd\x8c\x4e\x20\x8f\x9f\x20\x89\xce\x8f\xea\x92\xb8\x82\xbd\x8f\xea\x21";
static const char text_3261[]="\x91\xd2\x88\xca\x92\xe3\x20\x8d\x7e\x96\x40\x8a\xed\x20\x8f\x9c\x82\x67\x83\x73\x20\x8c\xec\x8c\xfc\x20\x8f\xac\x8f\x9c\x3f";
static const char text_3262[]="\x8e\xfa\x8c\xaf\x90\x65\x86\x7c\x91\xab\x20\x88\x4a\x91\xa4\x82\xd1\x20\x90\xb6\x8d\x5c\x95\xca\x20\x91\xf0\x8d\xc4\x2e";
static const char text_3263[]="\x83\x81\x95\xe2\x8f\xea\x21";
static const char text_3264[]="\x88\xd9\x20\x8c\xf0\x8a\xc8\x20\x81\x48\x8f\x9c\x20\x92\x87\x8b\x8b\x21";
static const char text_3265[]="\x82\xcf\x8e\x73\x93\x64\x90\x56\x20\x83\x84\x95\xdf\x8e\x88\x20\x81\x58\x83\x4b\x90\xe8\x20\x88\xa4\x8e\x78\x82\xd3\x90\x56\x8e\x78\x20\x8f\xac\x8f\x9c\x8d\x7e\x8e\x96\x90\xd8\x2e";
static const char text_3266[]="\x82\xcf\x8e\x73\x93\x64\x90\xb3\x20\x95\xca\x95\x73\x20\x8d\x96\x91\x9d\x20\x89\xca\x83\x73";
static const char text_3267[]="\x92\x5b\x8c\x4e\x20\x8f\x4f\x8d\x87\x8b\x4e\x20\x95\xb6\x95\xbd\x8e\x96\x90\xd8\x2e";
static const char text_3268[]="\x91\xb1\x94\xb2\x82\x99\x20\x92\x5b\x8d\x7e\x8b\x8f\x20\x85\x6c\x83\x7c\x81\x58\x83\x73\x2e\x2e\x2e";
static const char text_3269[]="\x92\x75\x83\x5f\x2e";
static const char text_3270[]="\x83\x5c\x8a\x46\x20\x83\x66\x8f\x9c\x20\x92\xa3\x20\x8f\x54\x82\xa6\x20\x90\x48\x8f\xea\x2e";
static const char text_3271[]="\x92\x45\x8f\xea\x88\xa4\x20\x90\x94\x83\x74\x91\x96\x20\x89\x4c\x92\x40\x92\xb8\x8d\x72\x91\xac\x83\x55\x20\x88\xa4\x8f\x54\x8b\x4e\x20\x8d\x87\x8e\xd4\x8a\xaa\x83\x73\x20\x83\x60\x8e\x7e\x89\xba\x91\x96\x20\x8f\x9f";
static const char text_3272[]="\x90\xac\x20\x82\xbb\x20\x81\x47\x8f\x9c\x2e";
static const char text_3273[]="\x92\x87\x8b\xba\x82\xd1\x20\x8f\xf3\x82\xe1\x91\xac\x20\x84\xd8\x8e\x88\x20\x8d\x86\x20\x8f\x54\x82\xa6\x91\xac\x8f\xda\x21";
static const char text_3274[]="\x92\x6a\x82\xed\x8b\x8f\x20\x83\x89\x20\x85\xea\x91\x8a\x8c\x4e\x20\x83\x8f\x8f\xcc\x83\x73\x83\x96\x2e";
static const char text_3275[]="\x82\xc8\x8e\xbe\x20\x8e\x78\x20\x91\xcc\x91\x9d\x20\x82\xb8\x8c\x4e\x20\x92\x87\x8b\xba\x91\x8a\x8a\xc8\x20\x8b\x96\x95\xdf\x20\x92\x87\x92\xb8\x21";
static const char text_3276[]="\x8d\x55\x83\x69\x20\x8e\xf6\x94\xf2\x2c\x20\x82\xf1\x88\xca\x8a\xae\x20\x91\xcc\x91\xa4\x2e";
static const char text_3277[]="\x83\x58\x90\x56\x82\xbc\x20\x88\xa4\x90\xed\x91\xac\x20\x88\xd0\x83\x73\x20\x91\xb6\x91\x9d\x20\x95\xbd\x83\x73\x20\x8d\xec\x8a\x45\x89\xba\x91\x9d\x2e";
static const char text_3278[]="\x82\xe9\x84\x8d\x82\xbc\x20\x86\xc3\x82\xbc\x20\x83\x81\x95\xbd\x92\xc4\x20\x8f\xa4\x83\x73\x83\x7c\x21";
static const char text_3279[]="\x82\xe9\x8a\x4f\x2c\x20\x92\x75\x8f\x9c\x2e\x20\x91\xac\x92\x63\x20\x8d\xec\x89\xf1\x92\x65\x2e";
static const char text_3280[]="\x8d\xec\x82\xc9\x20\x83\x55\x82\xf1\x20\x92\x4e\x90\x56\x20\x92\xe3\x90\x56\x8e\x78\x20\x83\x5a\x8a\xaa\x2e";
static const char text_3281[]="\x8c\x82\x95\x91\x2c\x20\x8f\xac\x95\x69\x8e\x88\x91\x9d\x20\x94\xde\x82\xd1\x20\x92\xa7\x2e";
static const char text_3282[]="\x85\x58\x8f\xda\x2c\x20\x82\xdf\x8e\x45\x91\xac\x91\xde\x8f\x9c\x2e\x20\x82\xdf\x8e\x45\x92\xe3\x20\x89\xc6\x87\xd0\x20\x8f\x9f\x20\x8d\xec\x21";
static const char text_3283[]="\x83\x6e\x82\xde\x20\x90\x48\x8f\xea\x90\xd8\x21\x20\x88\xa4\x90\xb3\x92\xb2\x90\xd8\x21";
static const char text_3284[]="\x88\x4f\x91\xf0\x21\x20\x8b\xb6\x8b\x7a\x81\x58\x21";
static const char text_3285[]="\x8c\x8a\x91\x8a\x8a\xc8\x20\x8c\xf0\x91\x4f\x20\x8d\x7e\x8f\x5d\x83\x4b\x2e";
static const char text_3286[]="\x81\xe9\x8b\x8b\x20\x83\x60\x8e\x7e\x2c\x20\x90\x46\x93\x5f\x83\x55\x82\xbc\x20\x8d\xd7\x8b\x43\x82\xe0\x21";
static const char text_3287[]="\x83\x5c\x90\xb3\x20\x8f\x6f\x90\xe6\x82\xf1\x8b\x4e\x20\x82\xf1\x83\x84\x95\xe2\x83\x73\x83\x96\x20\x91\xac\x84\x8d\x82\xbc\x20\x8f\x5d\x8b\x97\x8f\x54\x94\x73\x83\x7c\x83\x76\x2e";
static const char text_3288[]="\x87\xad\x20\x83\x56\x20\x8f\xdb\x81\x76\x20\x93\xa6\x82\xf0\x91\xb1\x83\x96\x20\x92\x42\x20\x8d\xec\x8a\x45\x89\xba\x91\x96\x20\x91\x53\x89\xfc\x91\xab\x20\x82\xf1\x8d\xec\x20\x81\x47\x91\x96\x20\x83\x84\x88\x4b\x91\x9d";
static const char text_3289[]="\x8c\xe3\x92\xb8\x3f";
static const char text_3290[]="\x88\xb3\x91\xac\x20\x95\xbd\x83\x55\x88\xa4\x20\x90\x48\x91\x8a\x83\x76\x83\x4b\x2e";
static const char text_3291[]="\x82\xe9\x8a\x4f\x2c\x20\x91\xac\x82\xbc\x20\x82\xe9\x20\x83\x60\x8e\x7e\x91\xac\x8f\xda\x2e";
static const char text_3292[]="\x82\xe9\x20\x8e\xf6\x94\xf2\x81\x58\x20\x8b\x8b\x91\xa4\x90\x56\x20\x89\xab\x20\x82\xb8\x92\xb8\x3f";
static const char text_3293[]="\x8f\xea\x83\xde\x20\x81\x58\x89\xab\x20\x91\xb6\x91\x9d\x20\x81\x58\x92\x65\x81\x58\x92\xb8\x2e";
static const char text_3294[]="\x92\xe3\x81\x58\x20\x95\x90\x8c\xe4\x95\xbd\x82\xbd\x8f\xea\x21";
static const char text_3295[]="\x8f\x57\x83\x81\x91\xac\x20\x86\xd0\x91\x8a\x8c\x4e\x20\x90\xb3\x95\xaa\x20\x81\x47\x91\x96\x20\x82\xb9\x20\x8f\xea\x89\xca\x3f";
static const char text_3296[]="\x88\x5d\x20\x83\x89\x20\x8d\xdb\x8b\x7a\x20\x95\xb6\x95\xdf\x8f\xda\x82\xbd\x8f\xea\x21";
static const char text_3297[]="\x8c\xec\x82\xed\x20\x8c\x8e\x8e\xfb\x20\x88\x90\x91\x9d\x20\x95\xca\x20\x82\xb8\x8f\xda\x3f";
static const char text_3298[]="\x82\xe9\x82\xbc\x20\x8f\x9c\x83\x76\x91\xde\x8f\x9c\x2e";
static const char text_3299[]="\x91\xe4\x81\xbf\x8b\x8f\x20\x82\xf1\x83\x7c\x8a\xaa\x20\x92\xb2\x21";
static const char text_3300[]="\x81\x58\x8c\x4e\x3f";
static const char text_3301[]="\x8e\xbe\x88\xa4\x8b\x4e\x20\x8f\x9f\x20\x83\x6c\x91\xac\x8c\x4e\x20\x90\x56\x89\xbd\x8b\x4e\x20\x83\x6d\x93\xaf\x82\xbd\x8f\xea\x2e";
static const char text_3302[]="\x8b\xb2\x8b\xb2\x2c\x20\x84\x4d\x20\x90\xac\x20\x92\xa3\x20\x8f\xac\x8f\xcc\x8f\xea\x2e";
static const char text_3303[]="\x91\xac\x82\xba\x20\x84\xd8\x91\x8a\x8c\x4e\x20\x83\x5c\x88\xa4\x20\x83\x54\x91\xf0\x91\xac\x8f\xda\x2e";
static const char text_3304[]="\x90\x65\x82\xf1\x83\x73\x20\x83\x5a\x81\x58\x20\x92\x63\x8f\xc1\x95\xca\x20\x82\xbb\x20\x81\x47\x82\xe0\x2e";
static const char text_3305[]="\x92\x42\x20\x90\xe6\x8e\xfa\x81\xf5\x8e\xfa\x8a\x69\x90\xe8\x20\x87\xa5\x90\x56\x20\x8e\xbe\x92\xb8\x20\x8b\x8b\x2e\x20\x81\x5e\x92\x87\x8a\xaa\x83\x73\x20\x82\xbb\x86\x48\x91\xac\x8f\xda\x2e";
static const char text_3306[]="\x87\x8e\x8f\x54\x20\x83\x72\x90\xda\x91\xac\x8f\xda\x21";
static const char text_3307[]="\x91\xe4\x81\xbf\x2c\x20\x85\x58\x20\x95\xbd\x83\x73\x20\x82\xb8\x8f\xda\x21";
static const char text_3308[]="\x82\xe9\x8a\x69\x82\xc9\x88\xa4\x20\x8d\xec\x8a\x45\x89\xba\x91\xac\x20\x83\x5d\x20\x90\x94\x95\xdf\x95\xca\x83\x7c\x82\xc9\x20\x95\xcf\x20\x82\xb8\x8f\xda\x3f";
static const char text_3309[]="\x91\xac\x20\x92\x5b\x88\xa4\x8a\xc8\x88\xa4\x20\x87\xc3\x91\x9d\x20\x8e\xd4\x20\x91\xcc\x83\x7c\x83\x76\x20\x8d\x87\x84\x89\x83\x5f\x2e";
static const char text_3310[]="\x83\x56\x20\x8b\x8b\x8c\xfc\x91\xac\x83\x55\x20\x92\x87\x8c\xa9\x90\x56\x20\x8d\x73\x20\x82\xd3\x8f\x64\x91\xac\x20\x90\x48\x82\xf1\x88\xa4\x20\x95\xbd\x82\xc9\x2e";
static const char text_3311[]="\x87\x9d\x83\x57\x87\x89\x20\x8d\x58\x20\x8e\x64\x89\x5c\x91\xac\x8a\x46\x20\x90\xab\x82\xaf\x20\x90\x73\x96\x82\x8b\x4e\x20\x8d\x7e\x8a\x69\x20\x81\x45\x90\x53\x92\xb8\x2e";
static const char text_3312[]="\x95\xdb\x82\xcf\x20\x8d\x87\x83\x84\x2c\x20\x83\xa9\x94\x7a\x20\x32\x20\x95\xdb\x8a\xc8\x8a\xc8\x20\x91\xac\x88\xca\x95\xbd\x89\xf1\x2e";
static const char text_3313[]="\x83\x69\x91\x9d\x20\x92\x8c\x90\x65\x20\x8c\xf5\x8a\xaa\x21\x20\x8f\xea\x8e\x78\x21";
static const char text_3314[]="\x8b\x62\x2c\x20\x82\xe9\x84\x8d\x82\xbc\x20\x86\xc3\x82\xbc\x20\x83\x81\x95\xbd\x92\xc4\x20\x8f\xa4\x8f\x9c\x21";
static const char text_3315[]="\x91\xac\x85\xa3\x2c\x20\x92\x6a\x8f\x64\x95\xdf\x21";
static const char text_3316[]="\x82\xb8\x82\xf1\x89\xf1\x8c\x4e\x20\x93\x7d\x8e\x67\x8a\xe8\x91\x9d\x20\x83\x5a\x83\x6d\x92\xb8\x21\x20\x92\xb8\x95\xbd\x8f\x5d\x90\x56\x20\x81\x90\x91\xf0\x95\xca\x20\x8e\x8e\x8d\xc4\x8b\x4e";
static const char text_3317[]="\x89\xba\x90\x65\x82\xc1\x82\xb8\x89\xab\x21";
static const char text_3318[]="\x82\xab\x93\x53\x20\x89\x93\x83\x57\x90\x56\x20\x82\xa8\x82\xf1\x82\xa8\x82\xf1\x20\x88\xee\x82\xbe\x20\x85\xa3\x89\xf1\x21";
static const char text_3319[]="\x89\xbb\x90\x56\x20\x89\xd3\x8f\xea\x90\xac\x89\xf1\x88\xa4\x20\x81\x85\x88\xf1\x82\xbd\x8f\xea\x2e";
static const char text_3320[]="\x8f\x9f\x20\x83\xc1\x83\x7c\x83\x73\x20\x8b\x96\x86\x48\x91\xb1\x20\x8e\x96\x8e\x67\x90\x56\x8e\x78\x20\x90\x85\x8e\xfa\x8b\xad\x91\x8a\x8a\xc8\x20\x8d\xec\x83\x73\x20\x82\xb8\x8f\xda\x2e";
static const char text_3321[]="\x91\xac\x20\x93\x7c\x91\x96\x20\x83\x5f\x20\x8a\xcd\x8e\x73\x20\x8e\xd4\x91\xbd\x8d\x7e\x83\x7c\x20\x8d\xc4\x8f\x6f\x21";
static const char text_3322[]="\x83\x5c\x8a\x46\x20\x84\x4e\x20\x83\x83\x91\x96\x20\x82\xb8\x8c\xb3\x8b\x4e\x20\x95\xca\x20\x8b\x8b\x8b\x7a\x20\x83\x89\x20\x83\x96\x8a\xaa\x90\xac\x83\x4b\x3f";
static const char text_3323[]="\x91\xac\x85\xa3\x2c\x20\x91\xac\x82\xb8\x20\x91\x67\x96\x40\x95\xca\x20\x82\xb8\x20\x8f\x9c\x83\x76\x8f\xda\x3f";
static const char text_3324[]="\x91\xac\x83\x69\x21\x20\x92\x8c\x90\x65\x20\x8c\xf5\x8b\x7a\x82\xbd\x83\x7c\x21";
static const char text_3325[]="\x8b\xf3\x8b\x7a\x20\x92\x63\x91\xb1\x91\x96\x20\x87\xb3\x93\x94\x20\x82\xed\x92\xb8\x8f\xda\x2e\x20\x83\x5a\x20\x8d\xec\x96\xb3\x8e\x73\x96\xa2\x88\xa4\x20\x8d\xec\x89\xf1\x92\xc4\x20\x82\xb8\x83\x55";
static const char text_3326[]="\x83\x7c\x8b\x60\x90\x48\x92\xb8\x2e";
static const char text_3327[]="\x89\xce\x8f\xea\x92\xc4\x83\x7c\x21";
static const char text_3328[]="\x96\xd4\x96\xd4\x2c\x20\x8e\x73\x82\xa2\x8d\x7e\x83\x7c\x20\x91\xe3\x20\x8c\xf5\x95\x57\x83\x73\x82\xe0\x2e";
static const char text_3329[]="\x92\x45\x83\x81\x97\x52\x20\x8f\x9f\x20\x95\xbd\x8c\x4e\x20\x82\xe9\x20\x86\x96\x82\xce\x83\x76\x8b\x4e\x20\x83\x7c\x20\x8d\x87\x8a\x69\x89\xe6\x8a\xaa\x20\x92\x87\x8b\x8b\x21";
static const char text_3330[]="\x91\x80\x92\x4e\x91\xd2\x20\x92\x6a\x91\xd6\x20\x82\xb8\x8c\xb3\x90\x56\x82\xbc\x20\x8c\xaf\x8b\x7e\x20\x82\xbb\x8b\x8f\x88\xa4\x20\x92\x40\x83\x56\x91\xb1\x83\x96\x20\x91\xac\x8a\x6c\x20\x96\xaf\x83\x81\x95\xca";
static const char text_3331[]="\x93\x6f\x83\x75\x8a\xae\x83\x4b\x92\xb8\x20\x8e\x73\x81\x70\x8f\xea\x2e";
static const char text_3332[]="\x83\x8f\x91\x8a\x8c\x4e\x20\x8f\x9c\x8a\xfb\x20\x95\x69\x89\xf3\x8d\xd0\x91\xac\x20\x8d\xec\x89\xf1\x92\x69\x8f\xea\x2e";
static const char text_3333[]="\x8f\xea\x88\x53\x85\x78\x90\x56\x20\x89\xdb\x96\xd4\x20\x87\x6d\x8e\xa6\x20\x90\x73\x96\x82\x8b\x4e\x20\x85\xa5\x82\xb8\x89\xab\x21";
static const char text_3334[]="\x83\x56\x20\x91\xab\x8d\xec\x81\x58\x20\x8f\x9c\x82\x84\x2e\x20\x92\x4e\x8c\xa9\x81\x58\x90\x56\x82\xbc\x20\x92\xc4\x92\xed\x8c\xe3\x8f\x9c\x2e";
static const char text_3335[]="\x82\xcf\x90\x69\x90\x56\x20\x83\x4a\x82\xbd\x8f\xea\x21";
static const char text_3336[]="\x88\x4f\x91\xf0\x2c\x20\x8f\x9c\x95\xa8\x91\xde\x8f\x9c\x21";
static const char text_3337[]="\x92\x42\x20\x91\x67\x96\x40\x95\xca\x20\x83\x69\x91\x96\x20\x85\x58\x8f\xda\x3f";
static const char text_3338[]="\x91\xce\x91\x9d\x20\x8e\xd4\x20\x90\x48\x83\x73\x20\x95\xbd\x8a\xf1\x8a\xc8\x20\x8b\x8f\x89\xba\x8f\xea\x20\x92\x87\x8b\x8b\x2c\x20\x8d\x80\x8c\x4e\x20\x91\xd2\x8f\x57\x2e";
static const char text_3339[]="\x91\xac\x20\x83\x60\x8e\x7e\x20\x83\x84\x93\x64\x20\x85\x58\x8f\xda\x3f";
static const char text_3340[]="\x82\xb8\x82\xf1\x89\xf1\x8c\x4e\x20\x93\x7d\x8e\x67\x8a\xe8\x91\x9d\x20\x83\x5a\x83\x6d\x92\xb8\x2e\x20\x92\xb8\x95\xbd\x8f\x5d\x90\x56\x20\x81\x90\x91\xf0\x95\xca\x20\x8e\x8e\x8d\xc4\x8b\x4e";
static const char text_3341[]="\x89\xba\x90\x65\x82\xc1\x82\xb8\x89\xab\x2e";
static const char text_3342[]="\x90\x65\x82\xf1\x83\x73\x20\x93\xc5\x94\xf2\x20\x93\xfc\x83\x5c\x8e\xfa\x90\xb3\x20\x90\x56\x89\xbd\x20\x8d\xb6\x8a\xd4\x91\xac\x20\x8e\xf6\x94\xf2\x8b\x4e\x20\x8d\x7e\x82\xd3\x95\xbd\x83\x8b\x20\x82\xce\x91\xac\x8f\xda\x2e";
static const char text_3343[]="\x8f\x4f\x8d\x87\x83\x73\x20\x83\x54\x83\x59\x83\x7c\x21\x20\x83\x7c\x89\xba\x20\x93\x53\x8e\xd4\x95\xdf\x21";
static const char text_3344[]="\x8f\xea\x84\x41\x82\xbc\x89\xab\x20\x95\xdf\x20\x85\xa3\x21";
static const char text_3345[]="\x95\x69\x93\xc5\x2c\x20\x85\xf6\x8e\xbe\x83\x4b\x92\xb8\x20\x94\x92\x91\x4f\x20\x92\x87\x8b\x8b\x21";
static const char text_3346[]="\x32\x93\x6f\x8b\x8f\x20\x82\xb8\x83\x51\x8a\xc8\x20\x8b\xa6\x83\x80\x8a\xaa\x8e\x78\x20\x8b\xb6\x8b\x7a\x90\x56\x20\x95\xb6\x81\x58\x20\x88\xc5\x82\xbc\x20\x95\xbd\x8c\x4e\x20\x92\x75\x82\xbd\x83\x5f\x2e";
static const char text_3347[]="\x91\xac\x92\x63\x20\x92\xca\x90\x56\x20\x82\xa8\x8a\x4f\x21";
static const char text_3348[]="\x8f\x9c\x8b\x8b\x93\x8a\x8f\xea\x20\x8c\xec\x86\x96\x91\xac\x20\x8b\x98\x87\x5f\x20\x92\x40\x8c\xb3\x91\xcc\x82\xbd\x8f\xea\x2e";
static const char text_3349[]="\x8a\x77\x91\xac\x92\x42\x20\x83\x87\x83\x81\x20\x82\xdd\x83\x84\x8f\xda\x3f";
static const char text_3350[]="\x92\x63\x8c\xe4\x20\x8f\x8a\x8a\x69\x92\x65\x21";
static const char text_3351[]="\x8f\x9c\x2c\x20\x8c\x8e\x8b\x7a\x8f\xda\x2e";
static const char text_3352[]="\x85\x58\x8f\xda\x2c\x20\x91\xac\x20\x84\xe7\x93\x5f\x91\xac\x83\x73\x3f";
static const char text_3353[]="\x90\x56\x89\xbd\x2c\x20\x8d\x87\x89\xfc\x91\xac\x8f\xda\x21\x20\x82\xe9\x8b\x8f\x95\xdf\x20\x92\xb2\x21";
static const char text_3354[]="\x83\x6e\x82\xde\x89\xab\x2c\x20\x83\x6e\x81\x58\x20\x88\x5d\x20\x88\xa4\x90\xb3\x92\xb2\x21";
static const char text_3355[]="\x92\xe3\x81\x58\x21";
static const char text_3356[]="\x92\x63\x83\x84\x8a\xc8\x20\x84\xd8\x8b\x69\x83\x7c\x21";
static const char text_3357[]="\x90\x94\x2c\x20\x8c\x5a\x92\xa7\x91\xac\x83\x7c\x21";
static const char text_3358[]="\x92\x63\x8c\xe4\x20\x83\x6e\x81\x58\x20\x88\x5d\x20\x88\xa4\x90\xb3\x92\xb2\x21";
static const char text_3359[]="\x91\xac\x8e\x67\x95\xbd\x82\xbc\x20\x89\xba\x84\xce\x92\xb8\x20\x8c\x78\x8b\x43\x92\xb8\x8b\x8f\x20\x91\xac\x20\x93\x7c\x91\x9d\x20\x88\x7b\x90\x53\x91\x9d\x20\x89\xca\x20\x83\x40\x82\x6b\x91\xac\x20\x92\x5b\x8b\x96";
static const char text_3360[]="\x92\x75\x8f\x9c\x2e";
static const char text_3361[]="\x87\xad\x20\x82\xe9\x8a\x69\x82\x84\x2c\x20\x8d\xb6\x8a\xd4\x3f\x20\x82\xc9\x91\xd6\x20\x82\xe9\x20\x92\x5b\x88\xa4\x8f\xda\x3f";
static const char text_3362[]="\x92\x5b\x8b\x96\x20\x8e\x91\x81\x58\x8f\x5c\x20\x91\xb6\x91\x9d\x20\x92\x42\x92\xc7\x84\x8b\x82\xe0\x2e";
static const char text_3363[]="\x83\x55\x8d\x7e\x83\x7c\x20\x90\xe8\x92\x4e\x91\x9d\x20\x8c\x8b\x95\xbd\x83\x5f\x2e\x20\x83\x56\x20\x8c\x4e\x8b\x55\x88\xa4\x20\x90\x48\x92\xb8\x8b\x8f\x2e";
static const char text_3364[]="\x82\xb8\x8c\xb3\x92\xa3\x8a\xc8\x20\x82\xc9\x92\x5b\x95\xbd\x8c\x4e\x20\x8f\x9f\x20\x89\xce\x8f\xea\x92\xb8\x82\xbd\x92\xb8\x2e\x20\x91\xac\x92\x63\x20\x92\xf7\x8c\xa9\x20\x83\x79\x83\x73\x20\x8d\xec\x8a\x45\x91\x9d";
static const char text_3365[]="\x82\xde\x95\xbd\x91\xd2\x2e";
static const char text_3366[]="\x82\x8c\x20\x8d\x7e\x82\xf1\x8b\x8f\x20\x95\xdf\x88\xa4\x20\x82\xde\x87\x8e\x92\xc7\x91\xac\x20\x83\x55\x21";
static const char text_3367[]="\x95\xdf\x20\x85\xa3\x2e";
static const char text_3368[]="\x83\x5c\x8a\x46\x20\x83\x5c\x2c\x20\x92\x42\x92\xdd\x91\x8a\x8a\xc8\x20\x81\x58\x21";
static const char text_3369[]="\x82\x8c\x20\x8d\x7e\x82\xf1\x8b\x8f\x20\x95\xdf\x88\xa4\x20\x82\xde\x87\x8e\x92\xc7\x91\xac\x20\x83\x55\x2e";
static const char text_3370[]="\x95\xbd\x8a\xf1\x90\x56\x20\x32\x8d\x90\x88\xe4\x20\x89\x8a\x92\x50\x95\xbd\x82\xbc\x20\x82\xe1\x8f\xea\x20\x8d\x7e\x89\xab\x81\x58\x2e";
static const char text_3371[]="\x8b\x8e\x8f\x9c\x8f\xda\x82\xbd\x8f\xea\x2e";
static const char text_3372[]="\x83\x6d\x91\x8a\x89\xf1\x82\xc9\x2e";
static const char text_3373[]="\x83\x6e\x81\x58\x20\x95\xdf\x8d\x77\x83\x84\x20\x88\x5d\x20\x8d\x91\x8a\x69\x20\x92\xb2\x21";
static const char text_3374[]="\x88\xa4\x88\xda\x92\xc7\x90\x56\x20\x8e\x63\x91\xb1\x83\x4b\x92\xb8\x2c\x20\x8c\x8e\x8e\xfb\x20\x88\x90\x91\xac\x89\xab\x20\x95\xbd\x8c\x4e\x8e\x78\x20\x83\x5a\x81\x58\x20\x8f\x9c\x8c\x8e\x8b\x7a\x20\x87\x6c\x86\xe5\x88\xa4";
static const char text_3375[]="\x95\xb6\x8e\xfa\x94\x65\x83\x73\x20\x83\x74\x20\x8d\xd7\x92\x65\x83\x55\x81\x58\x2e";
static const char text_3376[]="\x93\xc5\x95\xb6\x86\xae\x20\x92\xf7\x8c\xa9\x91\xac\x21";
static const char text_3377[]="\x92\x8c\x90\x65\x20\x92\x87\x8b\x8b\x2c\x20\x95\xb6\x94\xb2\x21";
static const char text_3378[]="\x83\x56\x20\x92\x8d\x8d\xc4\x88\xcd\x8f\xea\x2e";
static const char text_3379[]="\x8f\xda\x2c\x20\x83\x5a\x20\x91\xe3\x8c\x8b\x91\xac\x90\x53\x8f\xea\x2e\x20\x8b\x8b\x92\xb8\x8b\x8e\x20\x8e\xe3\x82\xa6\x83\x4b\x92\xb8\x20\x93\x7c\x91\x9d\x20\x8c\x8b\x20\x85\xa5\x82\xb8\x89\xab\x2e";
static const char text_3380[]="\x91\xe3\x88\xa4\x20\x82\xe9\x84\x81\x82\xbd\x83\x7c\x2e\x20\x88\xd9\x82\xc9\x20\x85\xa3\x21";
static const char text_3381[]="\x84\xe7\x93\x5f\x95\xca\x20\x88\x90\x88\xa4\x20\x92\x45\x83\x81\x97\x52\x20\x95\xdf\x21";
static const char text_3382[]="\x83\x5a\x81\x58\x20\x92\xbc\x88\x4b\x20\x8b\x6f\x83\x5a\x20\x92\x87\x8a\x69\x20\x90\xab\x20\x82\xba\x20\x82\xc9\x84\xd6\x82\xbc\x20\x8e\x73\x82\xa2\x95\xdf\x2e";
static const char text_3383[]="\x90\x94\x83\x74\x91\xac\x20\x83\x5f\x20\x92\x63\x86\x60\x83\x57\x91\xac\x83\x7c\x21";
static const char text_3384[]="\x95\xbd\x2c\x20\x91\xac\x8a\x4f\x8f\xda\x92\xb8\x21";
static const char text_3385[]="\x94\x65\x82\xc9\x20\x8c\x8e\x86\x7b\x82\xe0\x21\x20\x95\xbd\x92\xb8\x8b\x8f\x20\x83\x5a\x81\x58\x20\x83\x89\x20\x8c\x8e\x86\x7b\x83\x7c\x21";
static const char text_3386[]="\x82\x5e\x92\xc7\x83\x41\x20\x83\x60\x8e\x7e\x91\xac\x82\xe0\x21";
static const char text_3387[]="\x91\xe3\x95\xca\x83\x7c\x2c\x20\x8e\xfa\x95\x69\x91\xac\x83\x89\x8b\xad\x21";
static const char text_3388[]="\x92\x5b\x93\x64\x81\x58\x20\x89\x88\x8a\x69\x83\x55\x82\xbd\x92\xb8\x8b\x8f\x2c\x20\x91\xac\x84\x8d\x82\xbc\x20\x95\xbd\x83\x73\x20\x82\xbb\x8d\x7e\x83\x7e\x20\x82\x75\x92\xb8\x20\x8f\xa4\x91\x9d\x83\x4b\x3f";
static const char text_3389[]="\x90\x46\x93\x5f\x83\x55\x82\xbc\x20\x8d\xd7\x8b\x43\x83\x5f\x21";
static const char text_3390[]="\x82\xcf\x8d\x87\x95\xbd\x8a\xaa\x82\xc9\x20\x82\xc3\x83\xaf\x20\x82\x7c\x20\x82\xdc\x84\x9d\x97\x54\x91\x9d\x20\x8e\x73\x82\xa2\x95\xbd\x8c\x4e\x2c\x20\x8c\x78\x8c\xfb\x8e\x73\x89\xba\x91\x96\x20\x91\x53\x95\xbd\x83\x73";
static const char text_3391[]="\x83\x84\x95\xc7\x90\x56\x20\x8d\x7e\x83\x5a\x20\x92\xb2\x88\xa4\x20\x88\xd0\x91\xde\x8f\x9c\x2e";
static const char text_3392[]="\x8b\xec\x92\x65\x90\xd8\x2c\x20\x8e\xfa\x95\x69\x91\xac\x83\x89\x8b\xad\x2e";
static const char text_3393[]="\x91\xac\x85\xa3\x21\x20\x8c\xf0\x82\xc9\x95\x69\x3f\x20\x8f\x57\x83\x81\x20\x81\x58\x8e\x78\x20\x85\x79\x91\xac\x83\x55\x20\x8b\xba\x91\x9d\x83\x4b\x3f";
static const char text_3394[]="\x82\xe9\x8b\x8f\x95\xdf\x2c\x20\x8f\x9c\x95\xa8\x91\xde\x8f\x9c\x21\x20\x8f\x9c\x21";
static const char text_3395[]="\x82\xe9\x8a\x6c\x20\x8f\x57\x91\x8a\x8a\xd9\x20\x95\xdf\x20\x85\xa3\x8f\xda\x20\x8e\xb8\x90\xdd\x90\x48\x8f\xea\x21";
static const char text_3396[]="\x92\x42\x82\xb8\x20\x8e\xfa\x95\x69\x91\xac\x83\x89\x8b\xad\x91\xac\x8f\xda\x3f\x20\x8c\xf0\x94\xf2\x8a\xd4\x91\xac\x8f\xda\x3f\x20\x92\x42\x8a\x6c\x20\x8d\xec\x8a\x45\x89\xba\x91\x96\x20\x82\xde\x8d\x90\x91\xac";
static const char text_3397[]="\x8f\x9f\x20\x88\xd0\x83\x89\x89\xf1\x2e";
static const char text_3398[]="\x8e\x96\x8e\x67\x91\x9d\x20\x83\x89\x20\x92\x75\x82\xbc\x20\x8b\x8f\x89\xba\x8a\xaa\x83\x73\x20\x8d\xec\x8a\x45\x89\xba\x2e";
static const char text_3399[]="\x8e\x96\x20\x8c\xf7\x88\x9e\x20\x95\xf1\x90\xe8\x88\xa4\x20\x90\x48\x83\x7c\x83\x73\x20\x82\xb8\x83\x5f\x21";
static const char text_3400[]="\x91\xb6\x92\x87\x91\xb6\x90\x56\x20\x8c\x76\x20\x8f\x54\x82\xa6\x91\xac\x83\x55\x20\x91\xb6\x95\xcf\x20\x8e\xd4\x20\x91\xcc\x91\x9d\x83\x4b\x3f\x20\x8f\xda\x81\xaf\x20\x8e\xd4\x83\x81\x91\x96";
static const char text_3401[]="\x83\x55\x90\xac\x83\x4b\x3f\x20\x8b\xf3\x8b\x7a\x20\x92\x63\x91\xb1\x91\x96\x20\x81\x85\x88\xf1\x91\x9d\x83\x4b\x3f";
static const char text_3402[]="\x8d\x5c\x91\x9d\x20\x83\x65\x8a\xaa\x21";
static const char text_3403[]="\x92\x87\x2c\x20\x92\x8c\x8f\xea\x89\xf1\x21\x20\x82\xf1\x8d\x90\x20\x83\x55\x86\x4f\x20\x83\x69\x21";
static const char text_3404[]="\x85\x58\x2c\x20\x91\xac\x8d\xec\x95\xcf\x20\x88\xb3\x88\xa4\x20\x90\x48\x92\xb8\x8b\x8f\x2e";
static const char text_3405[]="\x95\xcf\x8a\xc8\x87\xd0\x91\x96\x20\x8f\x9c\x92\xbc\x20\x8b\xdf\x92\xb8\x20\x8f\xa4\x8f\xcc\x8f\xea\x3f";
static const char text_3406[]="\x82\xe9\x8a\x69\x82\xc9\x20\x8d\x7e\x83\x76\x20\x92\xb8\x83\x56\x8c\xf7\x90\x56\x88\xa4\x20\x91\xe3\x20\x8f\x9f\x88\xcd\x92\xb8\x2e";
static const char text_3407[]="\x88\xa4\x8f\x54\x20\x95\xca\x8d\x80\x95\x73\x90\x56\x20\x89\xfb\x8b\x45\x91\xab\x20\x82\xb8\x83\x84\x95\xca\x20\x8e\x91\x91\xac\x20\x91\xcc\x92\xb8\x2e";
static const char text_3408[]="\x92\xe3\x83\x73\x3f";
static const char text_3409[]="\x89\x8a\x82\xde\x89\xba\x90\x56\x82\xbc\x88\xa4\x20\x8f\xac\x8a\xaa\x20\x92\xa3\x82\xbc\x21";
static const char text_3410[]="\x96\x53\x82\xf1\x8b\x4e\x20\x8d\x91\x8a\x69\x21\x20\x31\x39\x34\x36\x91\xac\x83\x7c\x21";
static const char text_3411[]="\x95\xdb\x82\xcf\x20\x8d\x87\x83\x84\x2c\x20\x91\x80\x83\x76\x8a\xd5\x20\x35\x20\x95\xdb\x8a\xc8\x8a\xc8\x20\x91\xac\x88\xca\x95\xbd\x89\xf1\x2e";
static const char text_3412[]="\x8f\xf3\x8b\x8b\x83\x55\x20\x8e\x96\x82\xbc\x20\x89\xca\x8a\xaa\x8f\xda\x20\x95\xbd\x83\x73\x20\x82\xb8\x8f\xda\x3f";
static const char text_3413[]="\x8f\x9c\x2c\x20\x84\x4d\x8f\xda\x21";
static const char text_3414[]="\x91\xac\x20\x84\xe7\x93\x5f\x91\xac\x21\x20\x83\x89\x83\x73\x20\x90\xdd\x8e\x78\x20\x8c\x8b\x20\x95\xdf\x21";
static const char text_3415[]="\x92\x63\x83\x84\x8a\xc8\x20\x95\xbd\x83\x73\x20\x82\xb8\x8f\xda\x3f";
static const char text_3416[]="\x91\xac\x8c\xf7\x20\x92\x87\x90\x56\x8b\x8f\x20\x85\x8b\x86\xe5\x20\x8e\x96\x20\x8c\xf7\x88\x9e\x8f\xda\x21";
static const char text_3417[]="\x92\x75\x8f\x9c\x21\x20\x81\x58\x91\xd2\x21";
static const char text_3418[]="\x83\x5c\x21";
static const char text_3419[]="\x8c\xf0\x82\xc9\x95\x69\x21\x20\x8b\xba\x91\x9d\x20\x82\xbb\x20\x88\x5d\x21";
static const char text_3420[]="\x89\xe6\x81\x5e\x82\xbc\x20\x83\x66\x8f\x9c\x20\x8d\x7e\x91\xd2\x21";
static const char text_3421[]="\x91\xac\x20\x8f\xf3\x82\xa6\x91\xac\x2c\x20\x90\x48\x87\x6c\x20\x8c\xf5\x8b\x7a\x82\xbd\x8f\xea\x21";
static const char text_3422[]="\x96\xef\x8f\xea\x92\x65\x21\x20\x82\xe9\x8a\x69\x8c\x4e\x20\x92\xe1\x8f\x9c\x90\x94\x92\xb8\x20\x8c\x8b\x95\xdf\x2e";
static const char text_3423[]="\x82\xe9\x8a\x6d\x20\x83\x84\x83\x88\x91\x96\x20\x91\xac\x82\xb8\x83\x7c\x2e\x20\x83\xa3\x85\x96\x21";
static const char text_3424[]="\x91\xac\x92\x63\x20\x8c\xaf\x8a\x69\x83\x57\x20\x89\xca\x82\xe0\x2e";
static const char text_3425[]="\x91\xe5\x8f\xcc\x82\xe0\x3f\x20\x8f\xf3\x8b\x4c\x20\x83\x54\x82\x7d\x83\x4b\x3f";
static const char text_3426[]="\x8d\xdb\x8b\x7a\x20\x92\xe3\x8b\x4e\x20\x83\x84\x21";
static const char text_3427[]="\x90\x46\x8b\x8b\x95\xca\x94\xc5\x20\x8b\x96\x95\xdf\x8f\xda\x82\xbd\x8f\xea\x21";
static const char text_3428[]="\x91\xac\x92\x63\x20\x83\x54\x91\xf0\x91\xac\x83\x7c\x2c\x20\x82\xb8\x8c\xb3\x20\x91\xd2\x8f\x57\x21";
static const char text_3429[]="\x82\xe9\x8a\x4f\x8e\x78\x20\x83\x69\x91\x9d\x20\x89\xca\x8a\xaa\x82\xe7\x97\x52\x82\xc9\x20\x8b\x96\x95\xe2\x92\xb8\x2e\x20\x90\xed\x92\xbc\x91\xac\x92\xb8\x20\x8b\x8b\x2c\x20\x83\x5a\x91\xb6\x20\x8f\x9c\x89\x8e";
static const char text_3430[]="\x95\xdf\x8b\x4e\x20\x8c\x8b\x20\x8d\x7e\x82\xbc\x20\x88\xd3\x20\x94\xc5\x83\x76\x83\x4b\x2e";
static const char text_3431[]="\x96\xd4\x96\xb3\x95\xdf\x88\xa4\x20\x8e\xb8\x90\xdd\x90\x48\x91\x9d\x20\x8b\x8f\x94\x6a\x20\x84\xe7\x93\x5f\x95\xca\x20\x88\x90\x91\x9d\x20\x95\xe2\x82\xde\x83\x55\x2e";
static const char text_3432[]="\x81\x58\x8c\x4e\x91\x9d\x20\x8d\x53\x8f\xea\x21";
static const char text_3433[]="\x83\x5a\x81\x58\x20\x83\x6e\x82\xe0\x92\xb8\x83\x73\x20\x8f\xac\x82\xc9\x20\x91\xcc\x82\xbd\x92\xb8\x3f";
static const char text_3434[]="\x8b\xec\x92\xb8\x83\x7c\x21\x20\x8e\xfa\x95\x69\x91\xac\x83\x89\x8b\xad\x21";
static const char text_3435[]="\x84\xe7\x93\x5f\x8f\x9c\x21\x20\x8f\xda\x2c\x20\x8d\xc4\x93\xef\x21";
static const char text_3436[]="\x82\xab\x95\xbd\x83\x7c\x83\x73\x20\x82\xb9\x20\x8b\x5a\x8e\xb8\x8c\xa9\x91\xac\x90\x53\x82\xe0\x21";
static const char text_3437[]="\x8f\x9c\x2c\x20\x92\x42\x82\xb8\x83\x7c\x2e\x20\x95\xb6\x8e\xfa\x94\x65\x20\x94\x7a\x91\x4f\x2e";
static const char text_3438[]="\x82\xe9\x20\x8f\x5d\x8a\xae\x91\x8a\x8a\xc8\x20\x92\xb8\x82\xed\x81\xd9\x20\x8e\x63\x8f\x9c\x83\x58\x91\x96\x20\x82\xbc\x20\x90\xdd\x95\xbd\x82\xe0\x2e";
static const char text_3439[]="\x8c\x5a\x8a\xc3\x91\xac\x20\x91\xcc\x91\x9d\x20\x89\xca\x83\x4b\x92\xb8\x20\x90\xed\x92\xbc\x91\xac\x92\xb8\x20\x8b\x8b\x21";
static const char text_3440[]="\x87\x8e\x8f\x54\x20\x83\x56\x20\x90\xe8\x91\xac\x20\x90\x48\x8f\xea\x2e";
static const char text_3441[]="\x92\x42\x8a\x6c\x20\x8d\x80\x91\xf0\x20\x91\xbd\x91\x96\x20\x83\x69\x91\x96\x20\x93\x49\x91\xa4\x20\x85\xa5\x8f\xea\x21";
static const char text_3442[]="\x8b\x97\x95\xcf\x21";
static const char text_3443[]="\x8f\x9d\x83\x81\x89\xba\x91\x9d\x20\x81\x58\x8b\x8f\x88\xd9\x92\xc4\x20\x8f\xa4\x82\xbd\x8f\xea\x2e";
static const char text_3444[]="\x88\xa4\x90\xed\x91\x9d\x20\x8d\x91\x8a\x69\x20\x90\xac\x82\xbc\x21";
static const char text_3445[]="\x36\x37\x36\x20\x93\x49\x8b\x7a\x20\x92\xa7\x2e\x20\x92\xb8\x91\x53\x20\x8c\xc2\x8a\x45\x21";
static const char text_3446[]="\x82\xb4\x83\x87\x91\xac\x8f\xda\x2e";
static const char text_3447[]="\x92\x4e\x91\x53\x20\x87\x87\x89\x88\x8a\xaa\x21";
static const char text_3448[]="\x8e\x96\x8e\x67\x91\xac\x20\x8f\xea\x84\x41\x82\xbc\x20\x83\xc1\x20\x82\xb8\x8f\xda\x3f";
static const char text_3449[]="\x8b\x8b\x93\xa6\x89\x8e\x20\x89\xca\x8c\xa9\x90\x56\x20\x8b\xb6\x8b\x7a\x81\x58\x20\x85\xd1\x85\xd1\x20\x88\xc5\x8f\x9c\x2e";
static const char text_3450[]="\x8f\x9c\x86\xc3\x83\x5f\x2e\x20\x91\xab\x87\xb3\x8a\xc8\x20\x92\x6d\x82\xc5\x95\xcf\x20\x8b\x8f\x95\xca\x20\x8d\xec\x8a\x45\x91\xac\x89\xf1\x20\x88\x5d\x20\x83\x89\x20\x8f\xac\x82\xc9\x20\x8f\x6b\x90\x53\x83\x73\x83\x96\x2e";
static const char text_3451[]="\x92\x63\x8c\xe4\x21\x20\x87\xad\x20\x8d\xdb\x8b\x7a\x20\x88\xa4\x8b\x97\x81\x58\x20\x92\x87\x92\xc7\x20\x8f\xa4\x83\x73\x20\x82\xb8\x8f\xda\x3f";
static const char text_3452[]="\x83\x5c\x21\x20\x85\x58\x20\x95\xbd\x83\x73\x20\x88\x90\x91\xac\x8f\xda\x21";
static const char text_3453[]="\x8c\xdd\x83\x84\x95\x7a\x91\x8a\x8a\xc8\x20\x81\x58\x8e\x78\x20\x8f\x5c\x96\x7b\x8b\x4e\x20\x82\xf1\x83\x7c\x8a\xaa\x2e";
static const char text_3454[]="\x8d\xec\x91\xb1\x20\x88\x5d\x20\x8c\xe3\x91\x9d\x20\x8e\xd4\x20\x91\xcc\x91\x9d\x83\x4b\x3f";
static const char text_3455[]="\x89\xca\x8b\x7e\x20\x92\xdd\x91\xac\x20\x8f\x9c\x95\xa8\x83\x7c\x83\x76\x20\x91\xac\x82\xbc\x20\x8c\x8e\x8e\xfb\x20\x91\xb6\x91\xac\x8f\xda\x21";
static const char text_3456[]="\x8d\x7e\x94\xde\x20\x92\x54\x95\xa8\x8a\xc8\x83\x73\x20\x8c\x8b\x20\x83\x8f\x82\xbd\x92\xb8\x3f\x20\x8e\xf6\x8a\xb4\x97\x52\x8f\xea\x8a\xc8\x89\xf1\x20\x83\x7c\x95\xf1\x91\xac\x8f\xda\x2e";
static const char text_3457[]="\x92\x75\x8f\x9c\x2c\x20\x92\xb8\x82\xed\x91\xac\x8f\xda\x21";
static const char text_3458[]="\x83\x80\x8b\x7a\x20\x95\xdf\x8f\xda\x20\x95\xcf\x20\x91\xb6\x91\xac\x20\x87\xef\x84\x63\x20\x91\xcc\x83\x73\x83\x96\x2e";
static const char text_3459[]="\x81\xf2\x20\x8d\x96\x91\xe5\x82\xc9\x20\x91\xcc\x8f\xea\x21";
static const char text_3460[]="\x8d\x73\x82\xb8\x20\x8f\x9c\x83\x76\x8f\xda\x2e";
static const char text_3461[]="\x85\x61\x8a\x52\x94\xf2\x88\xa4\x20\x91\xb1\x82\xa6\x91\xac\x83\x7c\x21";
static const char text_3462[]="\x92\xe8\x95\xbd\x92\xb8\x3f\x20\x91\xac\x20\x8e\xc0\x83\x6a\x81\xdc\x20\x54\x56\x8b\x4e\x20\x88\xc5\x8a\xaa\x89\x88\x8a\xaa\x2e";
static const char text_3463[]="\x8f\x54\x91\xf0\x91\xac\x20\x91\xac\x20\x91\xb6\x91\x9d\x20\x8f\xac\x8c\x4e\x20\x82\xe9\x82\x89\x20\x82\x8f\x8f\xea\x81\x58\x92\xb8\x20\x8f\xa4\x91\x9d\x20\x82\xb8\x90\x85\x90\xd8\x2e";
static const char text_3464[]="\x8f\x9c\x92\x87\x20\x92\x75\x8f\x9c\x21";
static const char text_3465[]="\x83\x56\x95\x90\x95\xbd\x82\xbc\x20\x82\xe1\x92\xb8\x20\x8b\x8b\x2e\x20\x8d\x87\x89\xfc\x91\xac\x8f\xda\x2e";
static const char text_3466[]="\x85\x58\x2c\x20\x85\x58\x20\x95\xbd\x83\x73\x20\x88\x90\x91\xac\x8f\xda\x21";
static const char text_3467[]="\x85\x58\x3f\x20\x82\xe9\x8a\x6c\x20\x8b\x96\x20\x8f\x9f\x20\x95\xe2\x91\xde\x8f\x9c\x21\x20\x91\xac\x82\xb9\x2e\x2e\x2e\x20\x8f\x9c\x2c\x20\x92\x5b\x8b\x96\x21";
static const char text_3468[]="\x82\xe9\x20\x8c\xf0\x8b\x4e\x20\x82\xa8\x89\xf1\x20\x92\x87\x8b\x8b\x21";
static const char text_3469[]="\x87\xad\x20\x82\xe9\x8a\x4f\x3f\x20\x92\x5b\x8f\x5c\x20\x92\xe3\x8a\xaa\x21";
static const char text_3470[]="\x8f\x9f\x92\x4e\x95\xca\x20\x82\xce\x91\x8a\x8a\xc8\x20\x90\xae\x83\x43\x83\x4b\x2e";
static const char text_3471[]="\x8b\x4f\x89\x88\x8c\xf3\x91\x9d\x20\x89\xba\x82\xc9\x20\x83\x72\x90\xda\x91\x9d\x20\x89\xd3\x8f\xea\x83\x7c\x83\x76\x82\xbc\x20\x88\xd3\x20\x92\xa3\x91\xac\x8f\xda\x2e";
static const char text_3472[]="\x90\xe6\x8b\x7a\x20\x82\xb0\x20\x91\xac\x8b\x60\x91\x9d\x20\x8e\xfa\x95\x69\x91\xac\x83\x89\x8b\xad\x91\xac\x89\xf1\x82\xc9\x20\x92\xb8\x90\x53\x8f\xea\x90\xd8\x21";
static const char text_3473[]="\x8f\x9c\x2c\x20\x86\xd0\x8f\xea\x2e";
static const char text_3474[]="\x83\x56\x20\x91\xac\x8a\x6c\x20\x83\x69\x89\xba\x82\xd1\x20\x84\xd8\x8e\x78\x20\x8f\x6f\x91\x4f\x8f\xda\x20\x95\xbd\x83\x73\x20\x82\xb9\x81\x58\x3f";
static const char text_3475[]="\x8c\x8e\x8e\x78\x90\xe8\x20\x85\x61\x8a\x52\x94\xf2\x20\x83\x60\x8e\x7e\x21";
static const char text_3476[]="\x8e\x78\x8a\xc8\x20\x95\xca\x20\x83\x84\x87\x5e\x20\x84\xd8\x82\xf1\x87\x89\x20\x8e\xc0\x95\xdf\x81\x58\x20\x83\x5c\x8c\x8e\x20\x94\x68\x83\x96\x2e";
static const char text_3477[]="\x92\x6a\x90\xdd\x97\x52\x20\x95\xdf\x2e\x20\x83\x69\x91\x96\x20\x8f\x9c\x92\xbc\x20\x90\x65\x82\xf1\x20\x91\xcc\x8f\xea\x2e";
static const char text_3478[]="\x91\x96\x8f\x5c\x93\x49\x90\x56\x8e\x78\x20\x95\xd4\x84\xc1\x95\xdf\x21";
static const char text_3479[]="\x83\x5a\x81\x58\x20\x8e\x88\x8e\xd4\x8b\x4e\x20\x89\x8a\x20\x82\xbb\x20\x81\x47\x82\xe0\x2e";
static const char text_3480[]="\x97\x54\x83\x5a\x21\x20\x91\xac\x88\x4f\x20\x81\x85\x88\xf1\x8f\x9c\x21";
static const char text_3481[]="\x82\xf1\x83\x84\x90\x56\x20\x8c\x8b\x20\x8c\xb3\x93\xaf\x83\x5f\x2e";
static const char text_3482[]="\x82\xdc\x8c\xaf\x2c\x20\x82\xf1\x8d\x90\x91\xac\x20\x8f\xea\x89\xca\x3f";
static const char text_3483[]="\x95\xbd\x88\xf1\x91\x96\x20\x82\xb8\x8c\xb3\x20\x8b\xb1\x83\x5a\x83\x55\x20\x83\x5a\x83\x73\x20\x91\xb1\x82\xa6\x20\x81\x47\x91\x8a\x83\x76\x21";
static const char text_3484[]="\x82\xc9\x82\xb0\x20\x86\xb1\x91\xac\x82\xc9\x20\x91\xcc\x8f\xea\x21";
static const char text_3485[]="\x82\xcf\x8d\x87\x20\x8f\x9f\x20\x95\xbd\x82\xc9\x20\x8f\x54\x96\x40\x20\x8d\x7e\x83\x73\x20\x82\xbc\x20\x91\xac\x82\xbb\x8d\x7e\x83\x7e\x20\x8b\x8b\x91\xa4\x20\x95\x7a\x95\xbd\x82\xbd\x8f\xea\x2e";
static const char text_3486[]="\x95\x74\x8e\xa6\x91\x9d\x20\x8c\x78\x8b\x43\x83\x73\x20\x8e\xb8\x83\x63\x91\xac\x83\x5f\x2e";
static const char text_3487[]="\x82\xe9\x8b\x8f\x95\xdf\x21\x20\x8d\x87\x89\xfc\x91\xac\x8f\xda\x21";
static const char text_3488[]="\x91\xac\x8a\x6c\x2e\x2e\x2e\x20\x91\xac\x84\x88\x20\x8e\xd4\x81\x58\x2e\x2e\x2e";
static const char text_3489[]="\x8b\x97\x95\xcf\x2e\x2e\x2e";
static const char text_3490[]="\x8e\x67\x83\x81\x95\xca\x20\x95\xb6\x95\xdf\x8b\x4e\x20\x91\xbd\x90\x53\x83\x7c\x21";
static const char text_3491[]="\x8f\xea\x88\xa7\x89\xab\x20\x92\xa3\x20\x94\x7a\x82\xf1\x90\xb3\x20\x90\x5f\x95\x69\x91\xac\x8f\xea\x20\x8e\xfa\x94\xc5\x91\xac\x94\xf2\x20\x83\x84\x95\xc7\x20\x91\xbd\x95\xc7\x91\xac\x20\x8c\x8e\x8e\xfb";
static const char text_3492[]="\x8e\x67\x82\xd3\x91\xac\x8f\xda\x3f";
static const char text_3493[]="\x91\xac\x20\x8b\x6f\x91\xe5\x95\xca\x20\x82\xce\x91\x9d\x20\x91\xe3\x88\xa4\x20\x8d\xd7\x92\x65\x83\x55\x81\x58\x83\x5f\x2e\x20\x82\xa9\x94\x7e\x95\xe2\x8f\xea\x2e";
static const char text_3494[]="\x91\xac\x83\x69\x2c\x20\x83\x84\x93\x64\x20\x85\x58\x8f\xda\x3f";
static const char text_3495[]="\x91\xd2\x88\xca\x92\xe3\x20\x8d\x7e\x96\x40\x91\x8a\x8a\xc8\x83\x73\x20\x83\x7c\x20\x8c\x8b\x20\x81\x48\x8f\x9c\x2e\x20\x93\x5f\x82\xde\x8e\x78\x20\x8d\x7e\x82\x7d\x20\x94\xc5\x83\x76\x83\x4b\x20\x8d\x82\x8c\x5a\x20\x88\x5d";
static const char text_3496[]="\x8f\xac\x8a\xaa\x20\x92\xb2\x2e";
static const char text_3497[]="\x85\x58\x8f\xda\x20\x83\x84\x93\x64\x21";
static const char text_3498[]="\x8f\x9c\x2c\x20\x8e\xfa\x95\x69\x91\xac\x83\x89\x8b\xad\x21\x20\x8e\xbe\x90\x56\x8e\x78\x20\x85\x59\x81\x58\x20\x90\xac\x89\xf1\x90\x94\x83\x73\x83\x96\x2e";
static const char text_3499[]="\x82\xe9\x8a\x4f\x8e\x78\x20\x91\x53\x86\xb6\x91\xac\x83\x73\x20\x86\xd0\x83\x7c\x83\x76\x83\x4b\x2e";
static const char text_3500[]="\x88\xb3\x91\x9d\x20\x88\xc5\x8a\xaa\x8c\xe3\x82\xc9\x20\x8f\x6b\x8f\xea\x2e";
static const char text_3501[]="\x8d\xec\x8f\x5d\x20\x83\x55\x88\xa4\x20\x92\xb8\x82\xed\x20\x92\x6a\x82\xed\x20\x8b\xf3\x8e\xfa\x83\x4d\x91\x4f\x2e";
static const char text_3502[]="\x95\xbd\x95\xba\x20\x91\xac\x8a\x6c\x20\x83\x57\x90\x56\x20\x8c\xec\x8b\x97\x91\xac\x8b\x4e\x20\x92\xca\x90\x56\x20\x88\xd9\x82\xc9\x20\x90\x94\x83\x7c\x83\x76\x21";
static const char text_3503[]="\x87\xa5\x90\x56\x20\x8d\x91\x91\x9d\x20\x8d\x96\x90\x65\x20\x8c\xf5\x8a\xaa\x21";
static const char text_3504[]="\x91\x8a\x8f\x9d\x21\x20\x85\x58\x8f\xda\x21";
static const char text_3505[]="\x83\x6e\x81\x58\x20\x8f\xf3\x95\x57\x8c\xb3\x93\xac\x20\x88\x5d\x20\x8d\x91\x8a\x69\x20\x92\xb2\x21";
static const char text_3506[]="\x83\x5f\x20\x8c\x82\x86\xb3\x88\xa4\x20\x90\x94\x83\x74\x20\x85\x78\x83\x4b\x92\xb8\x83\x7c\x2e";
static const char text_3507[]="\x8d\x87\x89\xfc\x91\xac\x8f\xda\x21";
static const char text_3508[]="\x82\x8c\x20\x91\xac\x92\xdd\x91\x8a\x8a\xc8\x21\x20\x83\x56\x20\x92\x42\x92\xdd\x91\x8a\x8a\xc8\x20\x82\xa6\x83\x7c\x21";
static const char text_3509[]="\x82\xe9\x84\x8d\x83\x7c\x8c\x4e\x2e\x2e\x2e\x20\x8f\xea\x3f";
static const char text_3510[]="\x91\x8a\x8f\x9d\x21\x20\x87\x87\x89\x88\x8a\xaa\x21";
static const char text_3511[]="\x8f\x9c\x2c\x20\x8b\x85\x82\xd1\x81\x58\x20\x83\x55\x94\x7a\x83\x55\x82\xf1\x20\x8f\x54\x91\xd6\x95\xe2\x82\xe0\x3f";
static const char text_3512[]="\x87\xd1\x8e\xfb\x20\x95\xb6\x8e\xfa\x94\x65\x83\x73\x20\x90\x94\x95\xdf\x8b\x4e\x20\x8c\xe3\x82\xc9\x20\x91\xcc\x8f\xea\x2e";
static const char text_3513[]="\x82\xe9\x8a\x6c\x20\x83\x96\x20\x83\x7c\x8f\x54\x20\x82\xa8\x20\x8e\xd4\x20\x91\xcc\x91\x9d\x20\x8b\x7a\x81\x58\x20\x90\x48\x91\xde\x8f\x9c\x21";
static const char text_3514[]="\x82\xe9\x8b\x8f\x95\xdf\x2c\x20\x8d\x87\x89\xfc\x91\xac\x8f\xda\x21";
static const char text_3515[]="\x8f\xda\x2c\x20\x83\x5a\x81\x58\x20\x83\x6e\x82\xe0\x92\xb8\x20\x8f\xac\x91\xde\x8f\x9c\x3f";
static const char text_3516[]="\x8d\xec\x82\xb9\x91\x96\x20\x8f\xea\x89\xbd\x20\x91\xcc\x92\xb8\x3f";
static const char text_3517[]="\x88\x4f\x91\xf0\x2c\x20\x93\x7c\x20\x8e\x67\x94\x92\x81\x58\x20\x8f\x9f\x20\x92\x75\x8f\x9c\x21";
static const char text_3518[]="\x92\xc7\x8b\x7a\x82\xbc\x20\x95\xbd\x8a\xaa\x8c\x4e\x20\x8f\xf3\x8b\x8b\x83\x55\x20\x83\x89\x20\x95\xdf\x8f\xda\x20\x95\xbd\x83\x73\x20\x82\xb8\x8f\xda\x3f";
static const char text_3519[]="\x8b\x96\x95\xe2\x91\xde\x8f\x9c\x2e\x20\x91\xac\x20\x81\xaf\x93\x49\x90\x56\x8e\x78\x20\x91\xd2\x92\x87\x20\x8d\x7e\x91\xb1\x83\x7c\x82\xc9\x2e";
static const char text_3520[]="\x91\xac\x20\x82\xdc\x8c\xaf\x20\x91\xd2\x8f\x57\x21";
static const char text_3521[]="\x92\x45\x83\x81\x97\x52\x20\x8f\x9f\x20\x95\xbd\x8c\x4e\x20\x95\xca\x20\x83\x84\x20\x89\xca\x84\xce\x20\x82\xb8\x8f\xda\x2e";
static const char text_3522[]="\x92\xb8\x8e\x67\x90\x56\x8e\x78\x20\x8d\xb6\x8a\xd4\x20\x96\x87\x91\xb1\x2e";
static const char text_3523[]="\x81\x5a\x92\x5b\x20\x8b\x8b\x8e\x96\x90\xd8\x2e\x20\x89\x8a\x92\x50\x95\xca\x20\x91\xac\x87\xc3\x20\x8e\xfa\x95\x69\x91\xac\x83\x89\x8b\xad\x91\xac\x20\x95\xbd\x83\x73\x20\x91\xb6\x91\xac\x83\x76\x83\x4b\x90\xd8\x2e";
static const char text_3524[]="\x82\xe9\x8a\x4f\x8e\x78\x2c\x20\x91\xac\x92\x63\x20\x8c\x8b\x20\x88\xa4\x8b\x97\x81\x58\x82\xbd\x92\xb8\x3f";
static const char text_3525[]="\x91\xac\x85\xa3\x2c\x20\x91\xac\x82\xbc\x20\x83\x84\x93\x64\x20\x85\x58\x8f\xda\x21";
static const char text_3526[]="\x89\x55\x21\x20\x85\xd0\x83\x55\x81\x45\x82\xe0\x21";
static const char text_3527[]="\x82\xe9\x82\xb8\x20\x83\x5a\x82\xb5\x21";
static const char text_3528[]="\x8c\x8e\x82\xf1\x81\x58\x20\x82\xc9\x91\xf0\x20\x83\x59\x83\x7c\x21";
static const char text_3529[]="\x89\x55\x2c\x20\x8f\x95\x8c\x78\x90\x48\x83\x73\x20\x83\x69\x21";
static const char text_3530[]="\x92\xb8\x95\xa8\x20\x8d\x87\x83\x84\x2c\x20\x91\x67\x8e\xfa\x94\x73\x20\x8a\xc8\x8c\xb3\x90\x94\x8a\xc8\x20\x91\xac\x88\xca\x2e";
static const char text_3531[]="\x8f\xf3\x8b\x8b\x83\x55\x20\x8d\xd7\x8b\x43\x82\xbc\x20\x83\x80\x8a\xaf\x83\x73\x92\xb8\x20\x8f\xac\x82\xc9\x20\x91\xcc\x83\x55\x3f";
static const char text_3532[]="\x8b\x97\x8f\x5c\x20\x92\x63\x83\x84\x8a\xc8\x20\x83\x81\x95\xe2\x82\xe0\x2e";
static const char text_3533[]="\x8c\x76\x20\x8c\xf7\x8c\xd6\x90\x56\x20\x8f\x9f\x20\x8b\x8f\x83\x59\x92\xb8\x8b\x8f\x20\x8d\x90\x8c\x5a\x97\x52\x20\x83\x57\x20\x86\xd0\x8f\xea\x95\xbd\x83\x73\x20\x82\xbb\x20\x81\x47\x8f\x9c\x2e";
static const char text_3534[]="\x92\x8d\x8d\xc4\x2c\x20\x93\x94\x8c\xe4\x21";
static const char text_3535[]="\x91\x8a\x91\x8a\x2c\x20\x91\xab\x8d\xec\x20\x90\x48\x8f\xea\x90\xd8\x3f";
static const char text_3536[]="\x8f\x49\x8f\x49\x20\x83\xc9\x92\x65\x20\x92\x87\x8e\x9f\x8f\xda\x82\xbd\x8f\xea\x2c\x20\x8b\x97\x95\xcf\x20\x83\x69\x21";
static const char text_3537[]="\x83\x5f\x81\x58\x20\x90\x46\x93\x5f\x20\x8b\xec\x92\xb8\x83\x7c\x82\xc9\x20\x8e\x73\x82\xa2\x95\xbd\x82\xbd\x92\xb8\x8b\x8f\x2c\x20\x82\x8c\x20\x82\xe9\x82\x89\x20\x81\x5e\x87\xfc\x91\xac\x8f\xda\x21";
static const char text_3538[]="\x91\xac\x8b\x4c\x20\x8f\x9c\x89\x8e\x8d\x87\x94\xb2\x20\x83\x5f\x81\x58\x20\x92\xb8\x83\x73\x20\x82\xba\x20\x8d\x7e\x83\x76\x20\x8e\x67\x89\xcc\x95\xbd\x83\x5f\x2e";
static const char text_3539[]="\x83\x81\x8f\x5c\x20\x8e\x73\x82\xa2\x8d\x7e\x83\x7c\x20\x8b\x98\x87\x5f\x20\x92\x75\x91\x96\x20\x8d\xec\x8a\x45\x91\xac\x83\x5f\x2e";
static const char text_3540[]="\x91\xac\x85\xa3\x21\x20\x8f\x9f\x20\x83\xc0\x21\x20\x82\xe9\x8b\x8f\x95\xdf\x21";
static const char text_3541[]="\x95\xca\x20\x8c\xf7\x8b\x8f\x20\x83\x89\x20\x82\xe9\x8a\x69\x8c\x4e\x20\x83\x55\x88\xa4\x20\x89\xca\x84\xce\x20\x82\xb8\x8f\xda\x21";
static const char text_3542[]="\x8c\xc2\x86\xd3\x20\x82\xde\x91\x4f\x20\x92\x87\x8b\x8b\x21";
static const char text_3543[]="\x82\x8c\x20\x83\x54\x91\xf0\x91\xac\x8f\xda\x21\x20\x8f\xac\x8f\x9c\x89\xba\x8f\xea\x3f\x20\x83\x54\x91\xf0\x91\xac\x89\xf1\x82\xc9\x21";
static const char text_3544[]="\x89\xe6\x81\x5e\x92\xb8\x3f";
static const char text_3545[]="\x83\x5c\x20\x81\x47\x91\x96\x20\x83\x69\x91\x96\x20\x82\xde\x87\x8e\x92\xc7\x91\xac\x20\x83\x55\x21";
static const char text_3546[]="\x83\x55\x82\xa6\x83\x7c\x21\x20\x93\x53\x8e\xd4\x21";
static const char text_3547[]="\x8f\xda\x21\x20\x92\x6a\x8f\x64\x95\xdf\x21";
static const char text_3548[]="\x95\xbd\x95\xbd\x21\x20\x8c\xec\x82\xed\x20\x82\xb9\x20\x92\x63\x83\x84\x8a\xc8\x20\x8b\xba\x8b\x69\x82\xbd\x92\xb8\x21";
static const char text_3549[]="\x95\xbd\x2c\x20\x82\x8c\x20\x90\x65\x82\xf1\x8e\x78\x20\x92\x8c\x83\x73\x83\x7c\x2e";
static const char text_3550[]="\x8c\xfb\x91\xb1\x91\x9d\x20\x93\x8a\x92\x45\x20\x92\xa7\x21";
static const char text_3551[]="\x8e\xfa\x95\x69\x91\xac\x83\x89\x8b\xad\x91\xac\x20\x92\x5b\x8b\x96\x20\x91\xcc\x90\x53\x82\xde\x83\x55\x21";
static const char text_3552[]="\x89\x55\x2c\x20\x85\xd0\x83\x55\x81\x45\x83\x55\x2e";
static const char text_3553[]="\x92\x5b\x8b\x96\x2c\x20\x8d\x87\x83\x53\x8a\x69\x90\xe8\x20\x92\xa3\x20\x8f\xac\x8f\x9c\x21";
static const char text_3554[]="\x83\x57\x20\x92\x8c\x91\xac\x8a\xaa\x20\x89\x88\x83\x73\x20\x82\xbc\x20\x92\x40\x8c\xb3\x91\xcc\x82\xbd\x92\xb8\x8b\x8f\x2c\x20\x91\xac\x92\x63\x20\x8f\x49\x8f\x49\x2e\x2e\x2e";
static const char text_3555[]="\x82\xbc\x83\x7c\x81\x58\x20\x8c\x78\x88\xd9\x81\x58\x20\x83\x5a\x20\x92\x5b\x93\x64\x8b\x4e\x20\x8f\xac\x8f\x9c\x92\xe3\x8b\x7a\x82\xf1\x20\x92\x4e\x90\x56\x2e";
static const char text_3556[]="\x85\x58\x20\x95\xbd\x83\x73\x20\x88\x90\x91\xac\x8f\xda\x3f";
static const char text_3557[]="\x91\xac\x82\xb8\x20\x91\xab\x87\xb3\x8a\xc8\x20\x96\xd4\x84\x94\x95\xbd\x83\x5f\x2e";
static const char text_3558[]="\x92\x42\x95\xdb\x95\xbd\x92\xb8\x20\x8b\x8b\x21\x20\x83\x5f\x20\x8c\x82\x8b\x8f\x20\x92\x6a\x8b\x43\x83\x73\x20\x81\xec\x91\xac\x8f\xda\x21";
static const char text_3559[]="\x8f\x9c\x2c\x20\x8b\x96\x88\xa4\x20\x8f\x9f\x20\x83\xc0\x2e";
static const char text_3560[]="\x8b\xb6\x8b\x7a\x20\x89\xba\x92\xb8\x20\x8b\x8b\x21";
static const char text_3561[]="\x8e\xfa\x95\x69\x91\xac\x83\x89\x8b\xad\x21\x20\x88\xa4\x88\xda\x91\x9d\x20\x8b\x8e\x8f\x9c\x20\x92\xb2\x21";
static const char text_3562[]="\x8c\x82\x95\x91\x2c\x20\x8a\xc8\x8e\x88\x91\x9d\x20\x94\xde\x82\xd1\x20\x92\xa7\x2e";
static const char text_3563[]="\x95\xca\x20\x83\x84\x20\x93\xaf\x82\xc9\x20\x8d\xd7\x92\x65\x8f\xda\x20\x95\xdf\x2e\x20\x81\x58\x83\x4b\x91\xac\x20\x91\xcc\x91\x8a\x8c\x4e\x20\x8b\xb6\x8b\x7a\x81\x58\x20\x91\xac\x8e\x67\x95\xdf\x92\x65\x2e";
static const char text_3564[]="\x91\xac\x85\xa3\x2c\x20\x91\xac\x85\xa3\x2e\x20\x8c\x82\x86\xb3\x91\x9d\x20\x82\xde\x95\xdf\x20\x92\x8d\x20\x91\x96\x91\xb1\x90\x56\x82\xbc\x20\x8b\xc6\x92\x42\x20\x82\xc9\x84\xd6\x83\x7c\x82\xc9\x20\x95\xdf";
static const char text_3565[]="\x88\x79\x91\x8a\x8c\x4e\x20\x92\x75\x82\xbd\x8f\xea\x2e";
static const char text_3566[]="\x83\x81\x95\xe2\x83\x7c\x21\x20\x83\x81\x95\xe2\x83\x7c\x82\xc9\x21\x20\x83\x81\x95\xe2\x8f\xea\x21";
static const char text_3567[]="\x85\x58\x3f\x20\x8e\x6e\x20\x92\xe3\x91\xb1\x83\x96\x3f";
static const char text_3568[]="\x92\x63\x8c\xfc\x91\xac\x82\xe0\x21";
static const char text_3569[]="\x8f\xea\x83\xf5\x95\xbd\x92\xb8\x3f\x20\x8f\xea\x83\xf5\x95\xbd\x82\x84\x82\xc9\x21";
static const char text_3570[]="\x94\x7a\x91\xac\x8f\xea\x20\x8d\xec\x82\xbf\x20\x8b\x55\x81\x58\x8b\x4e\x20\x90\xd8\x93\x5f\x95\xd4\x83\x76\x83\x7c\x2e";
static const char text_3571[]="\x96\xda\x8b\x40\x95\xbd\x82\xe0\x2e\x2e\x2e";
static const char text_3572[]="\x90\xe6\x8b\x7a\x20\x90\x94\x8d\xd7\x81\x58\x20\x8e\xfa\x89\xc0\x95\xb6\x90\xab\x91\xac\x8f\xda\x21\x20\x88\xd9\x82\xc9\x20\x85\xa3\x21";
static const char text_3573[]="\x92\xb8\x95\xa8\x20\x8d\x87\x83\x84\x2c\x20\x8b\x8b\x91\xac\x94\x65\x20\x90\x94\x8e\xfa\x93\xc1\x8a\xc8\x20\x91\xac\x88\xca\x2e";
static const char text_3574[]="\x85\x58\x8f\xda\x2c\x20\x92\x42\x82\xb9\x21";
static const char text_3575[]="\x92\xb8\x82\xed\x20\x8e\x73\x82\xa2\x95\xdf\x20\x8d\x7e\x8c\x4e\x20\x83\x7c\x8b\x4c\x20\x92\xc4\x8a\xc8\x8b\x4e\x20\x81\x76\x84\x78\x8f\xea\x8f\xda\x20\x95\xe2\x83\x73\x92\xb8\x88\xa4\x20\x8c\x88\x89\xf1\x2e";
static const char text_3576[]="\x95\xdb\x82\xcf\x20\x8d\x87\x83\x84\x2c\x20\x82\xc5\x8a\xc8\x20\x95\x90\x8e\xfa\x94\xf2\x8a\xeb\x20\x32\x8a\xc8\x20\x91\xac\x88\xca\x95\xbd\x89\xf1\x2e";
static const char text_3577[]="\x82\xc9\x82\xb0\x20\x89\xba\x92\xb8\x20\x8b\x8b\x2e";
static const char text_3578[]="\x8d\xd7\x8b\x43\x83\x7c\x21";
static const char text_3579[]="\x82\xc8\x96\xbc\x91\x9d\x20\x88\x97\x20\x94\xc5\x83\x76\x20\x91\xe4\x81\xbf\x20\x82\xf1\x83\x7c\x8a\xaa\x2e";
static const char text_3580[]="\x93\x7d\x93\x5d\x83\x7e\x20\x8d\x77\x82\xf1\x89\xf1\x82\xc9\x3f\x20\x97\x54\x90\x48\x83\x73\x20\x95\xcf\x8b\xb6\x83\x76\x8b\x4e\x20\x91\xe3\x8c\x8b\x20\x8b\x96\x95\xca\x20\x82\xb8\x20\x8f\x9c\x83\x76\x8f\xda\x3f";
static const char text_3581[]="\x82\xf1\x83\x7c\x8a\xaa\x2c\x20\x82\xde\x95\xdf\x20\x92\xa3\x82\xbc\x2e";
static const char text_3582[]="\x83\x54\x83\x5a\x91\xd2\x2e";
static const char text_3583[]="\x8f\x5c\x8c\xa9\x91\xac\x89\xf1\x88\xa4\x20\x94\x92\x91\x4f\x20\x8d\x86\x83\x4b\x3f";
static const char text_3584[]="\x82\xe9\x8b\x8f\x95\xbd\x89\xf1\x82\xc9\x21";
static const char text_3585[]="\x8e\x6e\x8a\xc8\x90\xe8\x20\x95\xbd\x8a\xf1\x2c\x20\x82\xe9\x8b\x7a\x82\xc9\x20\x84\x4d\x20\x8e\xfa\x95\x69\x91\xac\x83\x89\x8b\xad\x91\xab\x20\x8c\xec\x8c\xa9\x91\xb1\x81\x58\x2e";
static const char text_3586[]="\x91\xac\x20\x84\xe7\x93\x5f\x95\xca\x20\x83\x60\x8e\x7e\x21";
static const char text_3587[]="\x90\x94\x92\xb8\x20\x8b\x96\x89\xf1\x82\xc9\x21";
static const char text_3588[]="\x82\xe9\x8b\x8f\x88\xd9\x92\xb8\x20\x8c\x8b\x95\xdf\x21";
static const char text_3589[]="\x8e\x91\x82\x89\x82\xb0\x8d\xc4\x81\x58\x20\x83\x5c\x8d\x7e\x83\x7c\x20\x8d\xd7\x8b\x43\x82\xbd\x8f\xea\x2e";
static const char text_3590[]="\x8f\x54\x8b\x4e\x20\x91\xac\x95\xdf\x95\xbd\x8a\xaa\x82\xc9\x20\x92\xbc\x88\x4b\x20\x86\xe5\x20\x85\xa5\x8f\xea\x2e\x20\x89\xba\x8f\xea\x20\x8d\x86\x8a\x4f\x3f";
static const char text_3591[]="\x81\x58\x8a\xf1\x8a\xc8\x20\x8b\x8f\x89\xba\x8f\xea\x20\x92\x87\x8b\x8b\x21";
static const char text_3592[]="\x8b\xb2\x8b\xb2\x2c\x20\x91\xac\x20\x84\xe7\x93\x5f\x91\xac\x20\x88\x5d\x20\x85\xa3\x21";
static const char text_3593[]="\x8b\x8b\x91\xa4\x91\xac\x20\x8c\xc2\x82\x57\x8c\x4e\x20\x83\x7c\x8f\x54\x20\x90\xb3\x2e";
static const char text_3594[]="\x82\x8c\x20\x83\x54\x91\xf0\x91\xac\x8f\xda\x2e\x20\x8f\xac\x8f\x9c\x89\xba\x8f\xea\x3f\x20\x83\x54\x91\xf0\x91\xac\x89\xf1\x82\xc9\x21";
static const char text_3595[]="\x88\xa4\x8b\x97\x20\x8c\x8b\x20\x81\x58\x21\x20\x82\xe9\x84\x8d\x82\xbc\x20\x88\xd9\x92\xb8\x20\x8f\xa4\x82\xbd\x8f\xea\x21";
static const char text_3596[]="\x89\x88\x89\xbd\x8f\xea\x20\x85\x59\x81\x58\x20\x91\xac\x81\x70\x83\x73\x83\x96\x2c\x20\x91\xac\x8a\x6c\x20\x82\xf1\x8d\x90\x91\x96\x20\x87\xea\x86\xb1\x95\xbd\x92\xb8\x20\x8f\xa4\x83\x5f\x2e";
static const char text_3597[]="\x93\x7d\x82\xc9\x91\xab\x20\x8b\xaa\x81\x58\x81\x58\x20\x88\xcd\x83\x5f\x90\xd8\x21";
static const char text_3598[]="\x92\x54\x8f\x64\x81\x43\x91\xac\x20\x8c\x78\x91\xd2\x89\xf1\x8e\x78\x20\x83\x56\x20\x83\x74\x20\x8c\xf0\x82\xc9\x95\xa8\x82\xb8\x89\xab\x2e";
static const char text_3599[]="\x82\xb8\x8c\xb3\x92\xa3\x91\x9d\x20\x8b\x8f\x89\x88\x83\x73\x20\x83\x96\x83\x73\x20\x88\xb3\x91\xac\x20\x89\xba\x8f\xea\x2e";
static const char text_3600[]="\x93\xc2\x93\xaf\x8d\x86\x91\xac\x83\x55\x20\x95\xdf\x20\x8d\x86\x83\x4b\x3f";
static const char text_3601[]="\x88\xa4\x8f\x54\x20\x92\x4e\x8e\x8e\x91\xb1\x20\x92\xa3\x20\x8f\xac\x8f\xcc\x8f\xea\x2e";
static const char text_3602[]="\x90\xab\x8c\x8a\x91\xab\x20\x95\xb6\x81\x58\x20\x82\x62\x83\x73\x82\xe0\x21";
static const char text_3603[]="\x83\x5c\x8b\x8f\x20\x85\xa3\x88\xa4\x20\x82\xde\x87\x8e\x92\xc7\x91\xac\x20\x83\x55\x21";
static const char text_3604[]="\x83\x6e\x81\x58\x20\x8f\xea\x84\x41\x82\xbc\x20\x88\x5d\x20\x95\xdf\x20\x92\xb2\x21";
static const char text_3605[]="\x81\xc8\x82\x65\x91\xac\x20\x91\xce\x8f\xea\x20\x8c\xf5\x8a\xaf\x8f\xea\x21";
static const char text_3606[]="\x94\xcc\x83\x5f\x91\xac\x88\xa4\x81\x58\x20\x92\xb8\x83\x55\x82\xa6\x20\x82\xbb\x20\x81\x47\x83\x5f\x2e";
static const char text_3607[]="\x8c\xc2\x8d\x7e\x88\x90\x91\x9d\x20\x95\xbd\x82\xc9\x20\x8f\x6b\x91\x8a\x8c\x4e\x20\x83\x7c\x8b\x4c\x20\x83\x96\x20\x81\x58\x8e\x78\x20\x95\xdf\x21";
static const char text_3608[]="\x92\xb8\x95\xa8\x20\x8d\x87\x83\x84\x2c\x20\x81\x76\x95\xa8\x20\x91\x80\x83\x76\x8a\xd5\x91\x8a\x8a\xc8\x20\x91\xac\x88\xca\x2e";
static const char text_3609[]="\x91\xb6\x8f\xea\x83\x55\x21\x20\x92\x5b\x8f\x5c\x20\x92\xe3\x8a\xaa\x2c\x20\x8f\x9c\x81\x58\x8f\x97\x21";
static const char text_3610[]="\x8f\x9c\x8f\xda\x21\x20\x83\x81\x95\xe2\x8f\xea\x21";
static const char text_3611[]="\x8f\x9c\x8c\x8e\x20\x88\x90\x20\x8f\x9f\x20\x95\xcf\x82\xbc\x2e\x20\x92\x63\x8c\xe4\x21";
static const char text_3612[]="\x8b\x96\x95\xbd\x83\x73\x20\x8c\xaf\x82\xc9\x82\xf1\x83\x55\x20\x8a\xc8\x85\xa1\x91\xab\x20\x89\x5c\x82\xea\x91\x9d\x20\x8d\x7e\x83\x40\x83\x76\x20\x92\xbc\x88\x4b\x20\x8b\x8f\x89\xab\x20\x82\xb8\x8c\xb3\x92\xa3\x8a\xc8";
static const char text_3613[]="\x88\xa4\x8f\x54\x8b\x4e\x20\x83\x6e\x8d\xc4\x83\x73\x20\x82\xbc\x20\x82\x75\x91\xde\x8f\x9c\x3f";
static const char text_3614[]="\x95\xbd\x95\xbd\x95\xbd\x2c\x20\x8f\x9c\x2c\x20\x82\xe9\x8a\x6c\x20\x82\xb8\x82\xde\x83\x55\x2e";
static const char text_3615[]="\x83\x55\x20\x88\x5d\x20\x94\x92\x91\x4f\x20\x92\xb2\x2e";
static const char text_3616[]="\x85\x58\x8f\xda\x3f";
static const char text_3617[]="\x82\x8c\x20\x91\xac\x83\x43\x20\x81\x58\x8b\x97\x91\xac\x20\x90\x48\x8f\xea\x2c\x20\x8d\xb6\x8a\xd4\x21";
static const char text_3618[]="\x83\x84\x93\x64\x20\x8c\x8e\x8e\xfb\x20\x8e\xbe\x86\x82\x91\xac\x8f\xda\x3f";
static const char text_3619[]="\x8c\xfb\x92\x86\x83\x73\x20\x83\x58\x83\x73\x20\x91\xf0\x8d\xec\x81\x58\x20\x8f\x9c\x83\x76\x89\xf1\x83\x76\x83\x4b\x21\x20\x8d\xec\x8f\x5d\x20\x91\xac\x8c\xb3\x20\x8f\xac\x82\xc9\x20\x91\xcc\x92\xb8\x3f";
static const char text_3620[]="\x8c\x8e\x82\xf1\x20\x8f\x54\x8e\xfa\x94\xc7\x20\x90\xb6\x92\x4e\x20\x81\x58\x88\xca\x2e";
static const char text_3621[]="\x8f\x5c\x8e\xbe\x97\x52\x20\x83\x84\x95\xb6\x95\xbd\x89\xf1\x2e";
static const char text_3622[]="\x8c\x82\x95\x91\x2c\x20\x95\xdb\x82\xcf\x20\x92\xb8\x91\x53\x20\x82\xde\x87\x8e\x20\x83\x5a\x21";
static const char text_3623[]="\x8d\x90\x8e\x45\x95\xdf\x21\x20\x96\x5c\x82\xcf\x95\xbd\x83\x73\x20\x82\xb8\x8f\xda\x21";
static const char text_3624[]="\x82\xb8\x8c\xb3\x92\xa3\x91\x9d\x20\x83\x6d\x92\xb8\x20\x8f\xa4\x83\x73\x20\x82\xbc\x20\x82\x75\x82\xbd\x83\x5f\x2e";
static const char text_3625[]="\x92\x42\x82\xb8\x20\x8e\xfa\x95\x69\x91\xac\x83\x89\x8b\xad\x91\xac\x8f\xda\x3f\x20\x83\x7c\x94\x65\x96\x7b\x94\x65\x8f\xda\x3f\x20\x92\x4e\x8d\x87\x20\x91\xe4\x87\xa5\x20\x91\xbd\x91\x96\x20\x91\xac\x8e\x67\x95\xca";
static const char text_3626[]="\x8d\xec\x8a\x45\x93\x49\x8a\x6d\x20\x8d\x7e\x90\x65\x2e";
static const char text_3627[]="\x96\x53\x82\xf1\x8b\x4e\x20\x8d\x91\x8a\x69\x21\x20\x31\x39\x33\x37\x91\xac\x83\x7c\x21";
static const char text_3628[]="\x84\x4d\x20\x83\x57\x8f\x9c\x81\x58\x20\x8c\xf5\x8b\x7a\x92\xc4\x20\x8f\xa4\x8f\xcc\x91\x8a\x83\x76\x20\x83\x7c\x95\xf1\x91\xac\x83\x5f\x2e";
static const char text_3629[]="\x82\xb8\x82\xf1\x8e\x78\x20\x83\x5a\x8a\xaa\x90\xb3\x21";
static const char text_3630[]="\x81\x99\x84\x64\x20\x82\xdc\x8c\xaf\x20\x83\x60\x8e\x7e\x21";
static const char text_3631[]="\x92\xe3\x8b\x4e\x20\x8d\xcf\x8a\xaa\x20\x83\x80\x89\xf1\x82\xc9\x20\x95\xe2\x91\xde\x8f\x9c\x21";
static const char text_3632[]="\x91\xac\x20\x82\xb9\x8c\xaf\x91\x96\x20\x83\x6c\x91\x8a\x83\x76\x83\x4b\x20\x91\x66\x20\x8e\xfa\x91\x77\x95\xbd\x82\xf1\x20\x92\x75\x82\xbd\x8f\xea\x2e";
static const char text_3633[]="\x85\x61\x8a\x52\x94\xf2\x20\x83\x69\x21";
static const char text_3634[]="\x94\xb2\x83\x5d\x91\x96\x20\x91\xac\x92\x63\x20\x81\x85\x88\xf1\x82\xbd\x92\xb8\x2e\x20\x83\x7c\x91\xa4\x91\x96\x20\x92\x42\x20\x8f\x64\x8e\xe5\x87\xfc\x91\xac\x8f\xda\x2e";
static const char text_3635[]="\x89\xf1\x91\xac\x94\xb2\x20\x82\xf1\x8b\x60\x91\x96\x20\x93\x96\x8d\x90\x95\xdf\x3f";
static const char text_3636[]="\x95\x69\x84\xf3\x8f\x54\x93\xef\x89\xf1\x21";
static const char text_3637[]="\x8f\x9c\x8c\x8e\x20\x88\x90\x20\x8f\x9f\x20\x95\xcf\x82\xbc\x90\xd8\x2e\x20\x92\x63\x8c\xe4\x21";
static const char text_3638[]="\x85\x58\x20\x95\xbd\x83\x73\x20\x82\xb8\x8f\xda\x2c\x20\x83\x5c\x8b\xc0\x89\xba\x2e\x20\x92\x5b\x8f\x5c\x20\x92\xe3\x8a\xaa\x21";
static const char text_3639[]="\x83\x81\x8f\x5c\x88\xa4\x20\x85\xa5\x88\x70\x3f";
static const char text_3640[]="\x92\xcd\x84\xd1\x95\xca\x20\x95\xca\x20\x8c\xec\x91\x9d\x21";
static const char text_3641[]="\x81\x58\x8c\x4e\x91\x9d\x20\x8f\x70\x83\x7c\x83\x73\x20\x82\xb9\x20\x81\x5e\x87\xfc\x91\xac\x89\xf3\x20\x88\x8c\x82\xb8\x83\x7c\x21";
static const char text_3642[]="\x95\xca\x20\x8c\xf7\x88\xe4\x91\x96\x20\x82\xb8\x83\x84\x95\xca\x20\x93\xfc\x8d\xe0\x8e\xb8\x83\x55\x20\x92\x4e\x82\xa8\x20\x83\x84\x8f\x5c\x20\x81\x7a\x20\x94\x83\x91\x9d\x20\x8f\x8a\x82\xc9\x20\x81\xe2\x8f\x9f\x8f\x9c";
static const char text_3643[]="\x92\x87\x83\x73\x20\x92\x45\x91\xac\x20\x83\x55\x94\x7a\x83\x55\x8c\x4e\x20\x8f\x9f\x20\x88\xd0\x83\x55\x3f";
static const char text_3644[]="\x87\xeb\x92\xb8\x88\xa4\x20\x8f\xa4\x91\x96\x20\x88\xf9\x91\x9d\x20\x8f\xea\x84\x41\x82\xbc\x20\x93\x8a\x89\x4c\x95\xdf\x3f";
static const char text_3645[]="\x8f\xea\x2c\x20\x8e\xfa\x95\x69\x91\xac\x83\x89\x8b\xad\x91\xac\x8f\xda\x2c\x20\x94\xb2\x8d\x7e\x8f\xda\x3f";
static const char text_3646[]="\x92\xe3\x90\xb3\x20\x83\x58\x91\xd2\x83\x73\x20\x89\xce\x8f\xea\x92\xc7\x20\x82\xbb\x20\x81\x47\x82\xc9\x20\x8f\x9c\x91\xac\x88\xa4\x20\x82\xde\x95\xdf\x8f\xda\x20\x95\xbd\x83\x76\x2c\x20\x82\xb8\x8c\xaf";
static const char text_3647[]="\x8e\xf6\x8a\xb4\x97\x52\x8f\xea\x8a\xc8\x83\x73\x20\x83\x74\x20\x8c\xc2\x86\x4e\x83\x5f\x2e";
static const char text_3648[]="\x8b\xec\x92\xb8\x83\x7c\x2c\x20\x8e\xfa\x95\x69\x91\xac\x83\x89\x8b\xad\x21";
static const char text_3649[]="\x84\xe7\x93\x5f\x8f\x9c\x21\x20\x8d\xc4\x93\xef\x21";
static const char text_3650[]="\x8c\x8e\x8d\xec\x95\xdf\x2e\x20\x91\xac\x92\x63\x20\x81\x85\x88\xf1\x8f\x9c\x2e";
static const char text_3651[]="\x91\xe4\x81\xbf\x8b\x8f\x20\x82\xf1\x83\x7c\x8a\xaa\x21";
static const char text_3652[]="\x88\xa4\x90\xed\x91\xac\x20\x95\xba\x90\xd8\x95\xca\x20\x8d\xec\x8a\x45\x91\xac\x20\x91\xcc\x83\x73\x83\x96\x20\x92\x5b\x93\x49\x20\x90\x48\x91\xac\x20\x88\xc5\x8f\x9c\x83\x7c\x83\x60\x8e\x88\x20\x8f\x9f";
static const char text_3653[]="\x88\xd0\x92\xb8\x2e\x20\x8f\x9c\x8c\x8e\x8b\x7a\x20\x8b\xec\x91\xcc\x8f\xea\x88\xa4\x2e";
static const char text_3654[]="\x8c\xaf\x8b\x7a\x89\x57\x20\x8d\x86\x83\x4b\x2e";
static const char text_3655[]="\x90\xe6\x8b\x7a\x20\x92\xdd\x20\x8e\xd4\x81\x58\x20\x83\x89\x20\x8b\x92\x83\x7c\x21";
static const char text_3656[]="\x87\xf9\x8f\x6f\x82\xbc\x20\x83\x80\x8f\x9c\x83\x55\x83\x73\x82\xde\x83\x55\x2e";
static const char text_3657[]="\x8c\x82\x95\x91\x20\x82\xcf\x82\xbf\x20\x90\xb6\x8a\xed\x21";
static const char text_3658[]="\x83\x5a\x20\x89\x8a\x82\xde\x81\x58\x20\x83\x6e\x82\xe0\x92\xb8\x83\x73\x20\x8f\xac\x82\xc9\x20\x91\xcc\x82\xbd\x92\xb8\x3f";
static const char text_3659[]="\x8c\x8e\x8e\xfb\x20\x8e\xbe\x86\x82\x91\xac\x82\x84\x3f\x20\x85\x61\x8a\x52\x94\xf2\x20\x91\xd2\x8f\x57\x21";
static const char text_3660[]="\x91\x5f\x82\xf0\x8b\x8f\x94\x6a\x91\x96\x20\x91\xb6\x95\xdf\x20\x8d\x86\x83\x4b\x21";
static const char text_3661[]="\x83\xe5\x95\xca\x94\xc5\x20\x8b\x96\x95\xdf\x8f\xda\x82\xbd\x8f\xea\x21";
static const char text_3662[]="\x87\x8e\x8f\x54\x20\x83\x84\x83\x7e\x95\xdf\x90\xd8\x2c\x20\x8e\xfa\x95\x69\x91\xac\x83\x89\x8b\xad\x21";
static const char text_3663[]="\x95\xca\x20\x8c\xf7\x20\x83\x89\x20\x95\xdf\x20\x8d\x86\x83\x4b\x2e";
static const char text_3664[]="\x83\x55\x20\x83\x5c\x20\x82\xe9\x8a\xaa\x92\xc4\x20\x91\xe4\x87\xa5\x20\x91\xcc\x8f\xea\x2e";
static const char text_3665[]="\x83\x5a\x81\x58\x20\x8b\x57\x94\x65\x87\x96\x83\x7c\x8c\x4e\x20\x85\x8b\x86\xe5\x20\x83\x54\x83\x59\x82\xbd\x92\xb8\x2e";
static const char text_3666[]="\x8f\x9c\x92\xe3\x21\x20\x91\xd2\x82\xdf\x91\xac\x20\x83\x58\x82\xbd\x83\x73\x83\x96\x2e";
static const char text_3667[]="\x8f\xea\x84\x41\x82\xbc\x20\x83\xc1\x20\x82\xb8\x8f\xda\x21";
static const char text_3668[]="\x89\xbb\x90\x56\x20\x83\x56\x20\x82\xde\x84\xe7\x90\x56\x20\x90\x69\x8e\xbe\x20\x8a\xb6\x93\xaf\x21\x20\x81\xf6\x20\x8e\x91\x81\x58\x8f\x54\x82\xbd\x92\xb8\x3f";
static const char text_3669[]="\x8d\xb6\x8a\xd4\x91\xac\x20\x92\x42\x82\xf1\x20\x91\xcc\x83\x7c\x21";
static const char text_3670[]="\x91\xac\x84\x8d\x82\xbc\x20\x8b\xa6\x83\x80\x8a\xaa\x20\x91\xcc\x83\x73\x20\x82\xbb\x8b\x8f\x91\x8a\x8a\xc8\x88\xa4\x20\x83\x84\x83\x7e\x95\xbd\x92\xb8\x3f";
static const char text_3671[]="\x8b\x8e\x8f\x9c\x21";
static const char text_3672[]="\x8f\xea\x88\x9e\x8e\x78\x21\x3f";
static const char text_3673[]="\x8c\xec\x8f\xea\x8b\x8e\x20\x8f\x54\x8e\xfa\x94\xc7\x20\x93\x96\x92\x4e\x20\x90\xb6\x8a\xed\x2e";
static const char text_3674[]="\x82\xf1\x83\x7c\x8a\xaa\x21\x20\x8f\x9c\x92\xbc\x20\x8f\xf3\x82\xe1\x90\x56\x20\x95\xca\x20\x8c\xec\x20\x8c\x8b\x20\x8b\xba\x87\x96\x8f\xea\x21";
static const char text_3675[]="\x8e\xfa\x95\x69\x91\xac\x83\x89\x8b\xad\x3f\x20\x8f\x9c\x83\x76\x2c\x20\x94\xf2\x84\x7e\x8e\xfa\x94\xb2\x91\xb1\x81\x58\x3f";
static const char text_3676[]="\x83\x81\x8f\x5c\x20\x8b\x8b\x94\x65\x8a\xc8\x20\x8c\xa9\x8f\x5c\x91\x9d\x20\x8e\x6e\x81\x70\x8f\xea\x90\xd8\x2e";
static const char text_3677[]="\x95\x74\x8e\xfa\x94\xf2\x8a\xe3\x89\x88\x92\x54\x20\x96\x82\x91\xf0\x8f\x5d\x3f\x20\x90\x65\x82\xf1\x81\x58\x20\x8b\x98\x87\x5f\x20\x81\xc8\x82\x65\x95\xbd\x83\x5f\x2e";
static const char text_3678[]="\x8d\xdb\x8b\x7a\x20\x83\x72\x92\x42\x92\xb8\x8a\xc8\x20\x88\xc5\x8f\x9c\x81\x58\x8f\xda\x20\x95\xdf\x2e";
static const char text_3679[]="\x91\xd2\x2c\x20\x84\x4d\x20\x8d\x7e\x91\xd2\x2e";
static const char text_3680[]="\x92\x75\x91\x96\x20\x8c\xaf\x82\xb9\x20\x86\x61\x8f\xea\x21";
static const char text_3681[]="\x91\xac\x84\x88\x20\x89\xca\x20\x82\xc5\x92\xed\x91\x96\x20\x85\x58\x20\x95\xbd\x83\x73\x20\x82\xb8\x8f\xda\x3f";
static const char text_3682[]="\x91\xac\x92\x63\x20\x83\x5c\x88\xa4\x20\x83\x54\x91\xac\x83\x7c\x21";
static const char text_3683[]="\x83\x7c\x91\xa4\x20\x92\x87\x81\x58\x20\x92\xa7\x82\xa6\x82\xc9\x8d\xec\x91\xb1\x83\x96\x20\x91\xac\x8a\x6c\x20\x83\x96\x8e\x78\x20\x8f\xea\x8f\x49\x84\x8c\x82\xb8\x8b\x7a\x82\xc9\x20\x91\xcc\x83\x5f\x2e";
static const char text_3684[]="\x90\xe6\x8b\x7a\x20\x92\xdd\x91\xac\x20\x8e\xd4\x81\x58\x20\x8b\x98\x87\x5f\x20\x8b\x92\x8f\x9c\x21";
static const char text_3685[]="\x8c\x4e\x8b\x55\x20\x90\x48\x83\x73\x20\x83\x55\x88\xa4\x20\x83\x5f\x20\x90\xe8\x92\x4e\x91\xac\x20\x91\x67\x96\x40\x95\xca\x20\x82\xb9\x20\x8f\xac\x82\xbd\x8f\xea\x21";
static const char text_3686[]="\x8d\xc4\x94\x73\x8e\x96\x90\xd8\x21\x20\x83\x81\x91\xf0\x21";
static const char text_3687[]="\x8d\xec\x91\xb1\x20\x8c\xe3\x91\x9d\x20\x8e\xd4\x20\x91\xcc\x91\x9d\x83\x4b\x3f\x20\x8f\x9c\x2c\x20\x87\x6c\x95\xca\x94\xc5\x20\x92\x87\x8a\xaa\x82\xc9\x2e\x2e\x2e\x20\x91\xa9\x2c\x20\x8d\x87\x89\xfc\x95\xdf\x2e";
static const char text_3688[]="\x83\x5c\x21\x20\x8c\xec\x82\xed\x20\x8c\x8e\x8e\xfb\x20\x88\x90\x91\x9d\x20\x95\xca\x20\x82\xb8\x8f\xda\x21";
static const char text_3689[]="\x83\x5f\x81\x58\x20\x95\xbd\x83\x73\x20\x91\xb6\x91\x9d\x20\x92\xb8\x92\xb8\x95\xdf\x2e";
static const char text_3690[]="\x92\x54\x95\xa8\x95\xdf\x8e\x78\x20\x90\xac\x89\xf1\x81\x58\x8c\x4e\x20\x83\xc0\x2e\x20\x82\xa6\x83\x7e\x95\xbd\x92\xb8\x2e";
static const char text_3691[]="\x91\x8a\x2c\x20\x91\xac\x82\xb9\x20\x91\x67\x96\x40\x95\xdf\x21";
static const char text_3692[]="\x8f\x9c\x2c\x20\x8e\xfa\x95\x69\x91\xac\x83\x89\x8b\xad\x21\x20\x8f\x9c\x2c\x20\x81\x90\x91\xf0\x95\xbd\x83\x5f\x2e";
static const char text_3693[]="\x8f\x5d\x93\xcd\x20\x8b\xba\x90\x65\x20\x92\x87\x8b\x8b\x21";
static const char text_3694[]="\x8d\xc4\x88\xf2\x95\xca\x20\x83\x96\x83\x7c\x20\x8b\xbd\x85\xe8\x20\x88\x4d\x90\x53\x8f\xea\x21";
static const char text_3695[]="\x81\x56\x83\x73\x20\x8d\x80\x91\xf0\x20\x89\xca\x8c\xa9\x91\xac\x89\xf1\x82\xc9\x20\x95\xbd\x92\xb8\x8b\x8f\x2e";
static const char text_3696[]="\x8f\x54\x96\x40\x91\x9d\x20\x8d\x7e\x82\xf1\x20\x91\x67\x95\xca\x20\x8f\x54\x96\x40\x91\xac\x8f\xda\x2e";
static const char text_3697[]="\x91\xac\x84\x88\x20\x8e\xd4\x81\x58\x2c\x20\x91\xac\x8c\xf7\x87\x89\x20\x83\x81\x8f\x5c\x91\xac\x20\x88\xa4\x88\xda\x91\xac\x8f\xda\x3f";
static const char text_3698[]="\x82\xf1\x8d\x90\x20\x83\x89\x84\x89\x82\xe0\x2e";
static const char text_3699[]="\x83\x89\x83\x73\x20\x90\xdd\x8e\x78\x20\x8c\x8b\x20\x95\xdf\x21";
static const char text_3700[]="\x92\x42\x8a\x6c\x20\x81\xec\x8a\xc8\x20\x8c\xd6\x90\x56\x20\x83\x55\x90\x94\x83\x7c\x83\x76\x20\x8b\x96\x88\xa4\x20\x8f\x9f\x20\x83\xc0\x21";
static const char text_3701[]="\x83\x81\x8f\x5c\x20\x81\x58\x92\xcd\x20\x8e\xfa\x95\x69\x91\xac\x83\x89\x8b\xad\x91\xac\x92\xb8\x21";
static const char text_3702[]="\x92\xe3\x8a\x67\x20\x92\x63\x8f\xea\x20\x8d\x91\x83\x75\x21";
static const char text_3703[]="\x92\x42\x82\xb8\x20\x85\x61\x8a\x52\x94\xf2\x89\xf1\x83\x73\x20\x82\xb8\x92\xb8\x3f";
static const char text_3704[]="\x8e\xc0\x81\x58\x84\x74\x91\xac\x20\x8d\x87\x8a\x69\x92\xc4\x20\x82\xbb\x20\x81\x47\x8f\x9c\x2e";
static const char text_3705[]="\x85\x58\x8f\xda\x3f\x21";
static const char text_3706[]="\x90\xd8\x92\xb7\x91\x96\x20\x8d\xd7\x8b\x4c\x20\x82\xbb\x20\x81\x47\x92\xb8\x8b\x8f\x2e";
static const char text_3707[]="\x87\x8e\x8f\x54\x20\x8c\xfb\x91\xb1\x91\x96\x20\x89\xd3\x8f\xea\x8e\x78\x20\x92\xe1\x8f\x9c\x8f\xda\x92\xb8\x2e";
static const char text_3708[]="\x93\x7d\x82\xc9\x91\xab\x20\x8b\xaa\x81\x58\x81\x58\x20\x88\xcd\x8f\xea\x21";
static const char text_3709[]="\x8f\x5d\x95\x74\x21";
static const char text_3710[]="\x8b\xec\x92\xb8\x82\xbc\x20\x82\xde\x95\xe2\x8f\xea\x2c\x20\x8e\xfa\x95\x69\x91\xac\x83\x89\x8b\xad\x21";
static const char text_3711[]="\x8f\x9c\x81\x58\x8d\xec\x20\x95\xbd\x94\x65\x83\x76\x8e\xfa\x88\xa4\x20\x83\x5c\x8d\x7e\x83\x7e\x20\x8d\xd7\x8b\x43\x82\xbd\x83\x7c\x21";
static const char text_3712[]="\x92\xc4\x92\xcd\x20\x83\x96\x91\xac\x94\xf2\x8f\xda\x2e\x20\x8f\xea\x8b\x4c\x89\xba\x93\x49\x8a\x6d\x20\x92\x42\x82\x9c\x20\x8b\xba\x82\xc9\x20\x90\x73\x96\x82\x20\x8d\x7e\x83\x73\x20\x82\xb8\x2e";
static const char text_3713[]="\x8f\x9c\x95\x69\x21\x20\x85\x58\x8f\xda\x2c\x20\x83\x5c\x21";
static const char text_3714[]="\x8f\x9c\x8c\x8e\x82\xbb\x88\xa4\x2e";
static const char text_3715[]="\x85\x58\x2c\x20\x85\x58\x20\x95\xbd\x83\x73\x20\x82\xb8\x8f\xda\x3f";
static const char text_3716[]="\x92\xe3\x8a\xc8\x20\x88\xc5\x8f\x9c\x81\x58\x89\xf1\x82\xc9\x20\x95\xe2\x91\xde\x8f\x9c\x21";
static const char text_3717[]="\x83\x7c\x89\xba\x20\x89\x8e\x92\xe8\x95\xdf\x2e\x20\x91\xac\x8d\xdb\x82\xd1\x20\x93\x78\x8e\xd4\x81\x58\x20\x8f\x9c\x8c\x8e\x8b\x7a\x20\x83\xb6\x8f\x9c\x83\x55\x88\xa4\x20\x8e\xbe\x91\x96\x20\x82\xe9\x82\x89";
static const char text_3718[]="\x81\xe9\x84\xdf\x91\xac\x8f\xda\x2e";
static const char text_3719[]="\x8f\xea\x89\xbd\x20\x91\xcc\x92\xb8\x21";
static const char text_3720[]="\x91\x8a\x8f\x9d\x2c\x20\x89\xbd\x94\xf2\x93\xfc\x20\x8e\xe3\x82\xc5\x91\xac\x83\x7c\x21\x20\x93\x7c\x90\x56\x20\x84\xd8\x8f\xcc\x83\x7c\x21";
static const char text_3721[]="\x95\xbd\x95\xbd\x95\xbd\x21\x20\x91\xe3\x88\xa4\x20\x82\xe9\x84\x81\x82\xbd\x83\x7c\x2e\x20\x88\xd9\x82\xc9\x20\x85\xa3\x21";
static const char text_3722[]="\x90\x65\x88\xca\x8e\x73\x95\xca\x94\xc5\x20\x92\xa3\x20\x81\x58\x8c\xec\x91\x8a\x8a\xc8\x20\x95\xcf\x83\x4b\x3f";
static const char text_3723[]="\x8d\xec\x8a\xc3\x8d\x87\x2c\x20\x91\xac\x92\xc4\x20\x93\xfc\x89\x88\x20\x87\xeb\x82\xf1\x20\x90\xb6\x8a\xed\x2e";
static const char text_3724[]="\x97\x54\x20\x88\x5d\x20\x8f\x8a\x83\x73\x20\x92\xa3\x20\x8f\xac\x8f\xcc\x82\xbd\x92\xb8\x3f";
static const char text_3725[]="\x86\xd0\x8f\xea\x2c\x20\x8d\x87\x89\xfc\x91\xac\x8f\xda\x21";
static const char text_3726[]="\x91\xac\x85\xa3\x2c\x20\x94\xf5\x91\xac\x95\xca\x20\x8a\x5b\x94\xf2\x8b\x4e\x20\x89\x57\x20\x82\xc1\x83\x5f\x21\x20\x8f\x9c\x8f\xda\x21";
static const char text_3727[]="\x95\xdb\x82\xcf\x20\x8d\x87\x83\x84\x2c\x20\x85\xcc\x94\xb2\x20\x32\x20\x95\xdb\x8a\xc8\x8a\xc8\x20\x91\xac\x88\xca\x95\xbd\x89\xf1\x2e";
static const char text_3728[]="\x91\xac\x82\xba\x8a\xc8\x20\x83\x5c\x88\xa4\x20\x83\x54\x91\xac\x83\x7c\x21";
static const char text_3729[]="\x92\x8c\x82\xf1\x20\x86\xd0\x91\x8a\x8c\x4e\x20\x91\xac\x8b\x7a\x20\x90\xb3\x21";
static const char text_3730[]="\x8e\x6e\x83\x4b\x84\xda\x82\xbc\x20\x8a\x43\x91\xde\x8f\x9c\x21";
static const char text_3731[]="\x54\x56\x8b\x4e\x20\x93\xaf\x90\xe6\x92\xb8\x20\x8f\xa4\x91\x8a\x8c\x4e\x20\x81\xc0\x8b\x7a\x82\xbd\x8f\xea\x21";
static const char text_3732[]="\x92\xb8\x82\xed\x83\x4b\x92\xb8\x20\x8c\x76\x20\x8c\x5a\x91\xac\x83\x55\x20\x91\xac\x20\x81\x5d\x90\x56\x20\x8f\x8a\x8a\x69\x92\x69\x91\x9d\x83\x4b\x2e\x20\x83\xa3\x85\x96\x89\xab\x20\x8b\x8f\x94\x6a";
static const char text_3733[]="\x8d\x55\x90\x53\x83\x7c\x2e";
static const char text_3734[]="\x83\x69\x91\xab\x20\x8b\xb6\x8b\x7a\x90\x56\x20\x8c\xc5\x8f\x9c\x20\x83\x5e\x91\x8a\x8c\x4e\x20\x83\x5a\x20\x92\xe3\x8b\x4e\x20\x92\x87\x8b\x8b\x21";
static const char text_3735[]="\x8f\xda\x2c\x20\x8b\x57\x94\x65\x83\x73\x20\x81\x90\x91\xf0\x95\xbd\x92\xb8\x20\x8f\xa4\x82\x84\x3f";
static const char text_3736[]="\x92\x5b\x8b\x96\x20\x89\x4c\x92\x40\x8f\xda\x2e\x20\x8e\xd4\x91\xab\x20\x91\xbd\x91\xd2\x20\x81\x58\x8e\xbe\x82\xf1\x20\x82\xad\x8c\xa9\x91\x96\x20\x92\x4e\x8d\x87\x20\x87\xeb\x90\x53\x83\x73\x83\x96";
static const char text_3737[]="\x8f\xc1\x88\xa4\x83\x81\x95\xe2\x8f\xea\x2e";
static const char text_3738[]="\x83\x84\x83\x7e\x95\xbd\x83\x5f\x90\xd8\x21";
static const char text_3739[]="\x8d\xdb\x8b\x7a\x20\x90\xb3\x20\x92\xb2\x21";
static const char text_3740[]="\x90\xb3\x2c\x20\x92\x4e\x82\xf1\x83\x73\x20\x8f\x9c\x81\xe2\x20\x86\xe5\x2e";
static const char text_3741[]="\x8b\xbf\x2c\x20\x83\x55\x20\x91\xac\x92\x63\x20\x82\xa8\x8a\x4f\x2e";
static const char text_3742[]="\x83\x5c\x8c\x8e\x20\x92\xb8\x93\x6b\x91\x8a\x8c\x4e\x20\x82\xc4\x8f\x4f\x92\x54\x90\x56\x20\x88\xa4\x92\xe8\x95\xca\x20\x89\x68\x20\x83\x96\x8b\x7a\x8a\x69\x20\x82\xa8\x82\xbc\x2e";
static const char text_3743[]="\x95\xbd\x92\xb8\x8b\x8f\x20\x83\x55\x92\xa7\x90\x56\x20\x8b\x96\x95\xcf\x20\x82\xba\x20\x82\xe9\x84\x81\x83\x7c\x82\xc9\x20\x96\xd4\x96\xb3\x95\xbd\x83\x73\x20\x82\xbb\x8d\x7e\x83\x7e\x20\x82\x75\x91\xde\x8f\x9c\x2e";
static const char text_3744[]="\x8f\x9c\x8f\xda\x21\x20\x85\x58\x8f\xda\x2c\x20\x83\x5c\x21";
static const char text_3745[]="\x92\x42\x82\xbc\x20\x83\x84\x93\x64\x20\x85\x58\x8f\xda\x3f";
static const char text_3746[]="\x85\x58\x20\x95\xbd\x83\x73\x20\x82\xb8\x8f\xda\x21\x20\x91\xac\x20\x8d\xec\x8a\x45\x91\x9d\x20\x82\xde\x95\xbd\x8a\xaa\x83\x73\x20\x82\xb8\x91\xde\x8f\x9c\x21";
static const char text_3747[]="\x91\xac\x92\x63\x8f\xda\x20\x83\x5f\x82\xbc\x20\x92\x63\x83\x84\x8a\xc8\x20\x8d\x82\x89\xca\x8b\x4e\x20\x8d\x7e\x90\x65\x20\x92\xa3\x20\x8e\xd4\x20\x91\xcc\x82\xbd\x82\xe0\x2e";
static const char text_3748[]="\x82\xb8\x85\xa3\x2c\x20\x87\x8e\x8f\x54\x20\x8e\xb8\x90\xdd\x90\x48\x90\x53\x91\xde\x8f\x9c\x2e";
static const char text_3749[]="\x83\x6e\x81\x58\x20\x92\x42\x83\x69\x20\x87\xa5\x20\x88\x5d\x20\x91\xbd\x8b\x64\x20\x92\xb2\x21";
static const char text_3750[]="\x83\x89\x20\x81\x58\x83\x4b\x91\xac\x20\x90\xac\x20\x8e\xd4\x20\x91\xcc\x91\x9d\x20\x82\xbb\x20\x81\x47\x8f\x9c\x3f";
static const char text_3751[]="\x83\x57\x2e\x2e\x2e\x20\x91\xac\x90\xdd\x95\xe2\x82\xbd\x83\x7c\x2e\x2e\x2e";
static const char text_3752[]="\x8c\x8e\x8e\xfb\x20\x89\xee\x91\xac\x8f\xda\x3f\x20\x8d\x91\x83\x93\x8f\xea\x8b\x7a\x81\x58\x20\x88\xd0\x8f\xea\x20\x83\x57\x20\x8e\xd4\x20\x91\xcc\x83\x7c\x82\xc9\x20\x83\x57\x20\x91\xac\x83\x43\x20\x82\xbb";
static const char text_3753[]="\x81\x47\x8f\x9c\x3f";
static const char text_3754[]="\x83\x69\x88\xa4\x20\x92\x4e\x8d\x87\x20\x83\x7c\x20\x92\xe1\x8f\x9c\x90\x94\x92\xc4\x20\x8c\x8b\x95\xcf\x20\x82\xb8\x8f\xda\x21";
static const char text_3755[]="\x82\xe9\x8a\x4f\x8e\x78\x20\x91\x96\x8c\xe4\x20\x8f\x9c\x81\x58\x8f\x97\x8b\x4e\x20\x82\xde\x95\xbd\x8a\x69\x20\x81\x58\x82\xbc\x20\x83\xc1\x20\x82\xb8\x92\xb8\x2e";
static const char text_3756[]="\x91\x8a\x8f\x9d\x21\x20\x8f\x9c\x83\x76\x8f\xda\x21\x20\x82\xb4\x83\x87\x91\xac\x8f\xda\x21\x20\x83\x56\x20\x92\x75\x91\x96\x20\x8d\xec\x8a\x45\x91\xac\x89\xf1\x82\xc9\x21";
static const char text_3757[]="\x91\xac\x20\x83\x60\x8e\x7e\x91\xac\x20\x83\x51\x8c\xb9\x20\x91\xb6\x91\xac\x8f\xda\x2e\x20\x83\x56\x20\x8e\x67\x82\xd3\x90\x48\x8f\xea\x21";
static const char text_3758[]="\x83\x5c\x8c\x8e\x20\x8b\x92\x91\xac\x20\x84\xd8\x91\x8a\x8c\x4e\x20\x82\xcc\x89\xf3\x95\xdf\x2e";
static const char text_3759[]="\x8c\x8e\x8e\xfb\x20\x82\xe9\x8a\x6c\x20\x8b\x96\x91\x9d\x20\x95\xdf\x21";
static const char text_3760[]="\x83\x69\x91\xab\x20\x8b\xb6\x8b\x7a\x90\x56\x20\x93\x7c\x8f\xac\x91\x9d\x20\x8c\xc5\x83\x73\x20\x83\x60\x8e\x7e\x95\xca\x94\xc5\x20\x84\xdb\x92\x87\x8b\x4e\x20\x8d\xec\x92\xb8\x21";
static const char text_3761[]="\x86\xd0\x8f\xea\x2c\x20\x8d\x87\x89\xfc\x91\xac\x8f\xda\x2e";
static const char text_3762[]="\x83\x81\x8f\x5c\x91\xac\x89\xab\x20\x83\x6e\x82\xde\x89\xab\x20\x92\x75\x91\x8a\x83\x76\x83\x4b\x21";
static const char text_3763[]="\x92\x75\x8f\x9c\x2c\x20\x8c\x78\x88\xd9\x20\x83\x55\x81\x58\x21";
static const char text_3764[]="\x92\xb8\x93\x6b\x8f\xea\x2e";
static const char text_3765[]="\x91\xd2\x82\xc5\x83\x7e\x20\x8b\xb1\x83\x5a\x83\x73\x20\x82\xe9\x8b\x8f\x95\xdf\x21\x20\x91\xb6\x91\x9d\x20\x83\x89\x20\x85\x8b\x91\xac\x92\xb8\x20\x8b\x8b\x21";
static const char text_3766[]="\x91\xce\x92\xb8\x20\x8c\x8b\x95\xcf\x20\x95\xbd\x8a\xf1\x8a\xc8\x20\x8b\x8f\x89\xba\x8f\xea\x20\x92\x87\x8b\x8b\x2c\x20\x81\x58\x8c\x4e\x20\x91\xd2\x8f\x57\x21";
static const char text_3767[]="\x82\xb8\x85\xa3\x2c\x20\x83\x5a\x20\x8b\x96\x91\xac\x20\x84\xd8\x92\xb8\x3f";
static const char text_3768[]="\x8f\x9c\x2c\x20\x8b\x6e\x8f\x54\x20\x81\x47\x91\x96\x20\x8c\xec\x95\xfa\x91\x8a\x8a\xc8\x20\x81\x58\x8e\x96\x90\xd8\x3f";
static const char text_3769[]="\x85\x58\x8f\xda\x3f\x20\x85\x5a\x20\x91\x53\x95\xbd\x83\x73\x20\x82\xb8\x8f\xda\x3f";
static const char text_3770[]="\x92\xc4\x92\xcd\x20\x96\x82\x83\x55\x82\xbc\x20\x95\xe2\x83\x89\x83\x76\x20\x91\xac\x92\x63\x20\x8b\x84\x8e\x8e\x8e\xd4\x8e\x8e\x88\xa4\x20\x8f\x9f\x20\x95\xbd\x83\x5f\x2e";
static const char text_3771[]="\x83\x55\x8d\x7e\x83\x7c\x20\x91\xd6\x91\xde\x8f\x9c\x2e";
static const char text_3772[]="\x83\x56\x20\x8a\xce\x8e\xb8\x20\x82\xcf\x95\x83\x88\x8c\x91\xac\x20\x91\xcc\x8f\xea\x21";
static const char text_3773[]="\x8f\x9c\x8f\xda\x8f\xda\x8f\xda\x21\x20\x83\x89\x83\x73\x20\x8c\x8b\x20\x88\xf2\x8f\x9c\x21";
static const char text_3774[]="\x92\xb8\x8b\xa1\x20\x8d\x82\x8d\x87\x2c\x20\x91\xa9\x83\x88\x95\xbd\x89\xf1\x2e";
static const char text_3775[]="\x91\xac\x8a\x6c\x20\x82\xce\x91\x96\x20\x91\xac\x92\x63\x20\x92\xb8\x81\xb2\x92\xb8\x81\xb2\x95\xdf\x21";
static const char text_3776[]="\x91\xac\x81\x70\x83\x7c\x21";
static const char text_3777[]="\x8d\x91\x94\x92\x91\x4f\x20\x8c\xf5\x8a\xaa\x21";
static const char text_3778[]="\x83\x55\x86\x4e\x92\xc4\x20\x8f\xa4\x92\xb8\x8b\x8f\x20\x83\x57\x20\x89\xc6\x89\xf1\x90\x94\x83\x41\x20\x8c\x8e\x8b\x7a\x8f\xda\x2e";
static const char text_3779[]="\x92\x5b\x8b\x96\x2c\x20\x8e\x67\x8d\xec\x89\xf1\x83\x73\x20\x8d\xec\x8a\x45\x91\xac\x20\x83\x58\x91\xab\x20\x8c\xe4\x8c\x82\x91\xac\x83\x55\x20\x91\xe5\x82\xc9\x20\x8b\x96\x91\xac\x8f\xda\x2e";
static const char text_3780[]="\x8d\x7e\x83\x5c\x8e\xfa\x83\x73\x20\x92\x87\x82\xbd\x92\xb8\x3f";
static const char text_3781[]="\x96\xd4\x8b\x91\x21\x20\x92\x8c\x8f\xea\x89\xf1\x2c\x20\x91\xe4\x87\xa5\x20\x91\xd2\x8f\x57\x21";
static const char text_3782[]="\x8f\xda\x2c\x20\x83\x66\x84\x78\x8f\xea\x2e";
static const char text_3783[]="\x82\xc8\x8e\xbe\x95\xdf\x21\x20\x92\x42\x20\x83\x60\x8e\x7e\x91\x9d\x20\x8f\x8a\x8a\x69\x89\xe6\x8a\xaa\x21";
static const char text_3784[]="\x95\xdb\x82\xcf\x20\x8d\x87\x83\x84\x2c\x20\x8f\xac\x95\x69\x20\x8d\xc4\x95\xf1\x20\x92\x50\x92\xe3\x20\x82\xb0\x8f\x54\x2e";
static const char text_3785[]="\x90\x65\x86\x7c\x20\x8e\x63\x20\x89\xca\x8d\x87\x94\xb2\x20\x91\xac\x20\x81\x5d\x91\x8a\x8a\xc8\x20\x8f\x5d\x8a\xae\x91\x9d\x20\x82\xa8\x82\xc9\x83\x79\x8f\xcc\x83\x7c\x2e";
static const char text_3786[]="\x91\xac\x8c\xf7\x87\x89\x20\x8a\xcd\x8e\x67\x8d\x80\x90\x56\x20\x82\xb8\x8c\xb3\x92\xa3\x88\xa4\x20\x90\x48\x91\xac\x20\x95\xc7\x82\xdd\x20\x90\xe8\x88\xca\x91\xf0\x90\x56\x8e\x78\x20\x82\xdc\x91\xb1\x82\xd1";
static const char text_3787[]="\x8f\x6f\x90\xe6\x83\x73\x20\x82\xb8\x8f\xda\x3f";
static const char text_3788[]="\x90\x94\x96\x7b\x2c\x20\x96\xd4\x96\xd4\x2c\x20\x8c\xb3\x8f\x9f\x95\xbd\x83\x5f\x2e";
static const char text_3789[]="\x85\x58\x8f\xda\x21\x20\x85\x5a\x20\x91\x53\x95\xbd\x83\x73\x20\x82\xb8\x8f\xda\x21";
static const char text_3790[]="\x91\x8a\x2c\x20\x88\x91\x82\xe9\x8a\x69\x91\x4f\x21";
static const char text_3791[]="\x90\x69\x82\xf1\x90\x56\x20\x8b\xa1\x8b\x96\x8b\x7e\x20\x82\xf1\x8d\x90\x91\xac\x20\x8f\xea\x83\xf4\x82\x84\x3f";
static const char text_3792[]="\x90\x65\x82\xf1\x83\x73\x20\x35\x34\x33\x91\xac\x83\x7c\x21";
static const char text_3793[]="\x8f\x9c\x21\x20\x92\x42\x82\xf1\x21\x20\x82\xde\x92\x6a\x83\x84\x8b\x4e\x20\x8d\x91\x8a\x69\x20\x92\xb2\x21";
static const char text_3794[]="\x81\x58\x8c\xec\x91\x96\x20\x83\x4e\x20\x91\xe5\x82\xc9\x20\x91\xcc\x91\x8a\x84\x96\x2e";
static const char text_3795[]="\x8d\xec\x91\xb1\x20\x8c\xe3\x8f\x9c\x20\x90\xb3\x21";
static const char text_3796[]="\x95\xbd\x2c\x20\x8c\x5a\x92\xa7\x91\xac\x83\x7c\x21";
static const char text_3797[]="\x91\xe3\x88\xa4\x20\x88\xa4\x8b\x97\x20\x83\x7c\x83\x76\x83\x73\x82\xe0\x2c\x20\x8d\xb6\x8a\xd4\x2e";
static const char text_3798[]="\x92\x75\x8f\x9c\x21\x20\x95\xcf\x20\x8e\xd4\x20\x91\xcc\x82\xbd\x8f\xea\x21";
static const char text_3799[]="\x91\xac\x82\xb8\x20\x54\x56\x20\x89\x63\x90\x73\x20\x81\x47\x91\x96\x20\x82\xb8\x8f\xda\x3f";
static const char text_3800[]="\x32\x93\xae\x20\x82\xb9\x8c\xaf\x8b\x8f\x20\x95\xca\x20\x92\x45\x82\xd1\x20\x8f\xea\x84\x41\x82\xbc\x20\x8f\x6f\x90\xea\x83\x4b\x3f\x20\x82\xe9\x20\x92\x4e\x90\x56\x20\x8f\xea\x84\x41\x82\xbc\x20\x8d\x96\x91\xe5\x8f\x9c";
static const char text_3801[]="\x88\xf3\x83\x4b\x3f\x20\x92\x5b\x83\x88\x91\x96\x20\x82\xd9\x82\xc9\x20\x96\xd4\x90\x56\x2e\x20\x8e\x63\x8f\x9c\x20\x91\xcc\x83\x7c\x8c\x4e\x21";
static const char text_3802[]="\x8f\x9c\x2c\x20\x88\x5b\x8a\xaa\x2e";
static const char text_3803[]="\x89\x8a\x92\x50\x95\xca\x20\x91\xac\x87\xc3\x91\xac\x20\x83\x55\x8e\x8e\x20\x92\xe3\x8a\xc4\x8f\xda\x2e\x20\x91\xac\x82\xb8\x20\x92\x75\x91\x96\x20\x82\xde\x96\x7b\x92\xb8\x3f";
static const char text_3804[]="\x8d\xec\x8a\xc3\x8d\x87\x2c\x20\x8e\x67\x96\xaf\x91\xac\x20\x8f\x9f\x20\x92\x75\x83\x7c\x21";
static const char text_3805[]="\x8f\x9c\x2c\x20\x87\xa5\x20\x89\xca\x8c\xa9\x91\xac\x82\xde\x83\x55\x2e\x20\x82\xe9\x84\x8d\x83\x5f\x2e";
static const char text_3806[]="\x8f\x4f\x8b\x7a\x21";
static const char text_3807[]="\x83\x56\x20\x83\x96\x91\xb6\x8b\x7a\x20\x8d\x9e\x82\xeb\x90\x56\x8e\x78\x20\x92\x8c\x8f\xea\x89\xf1\x20\x91\xb6\x95\xdf\x8f\xda\x20\x95\xdf\x2e";
static const char text_3808[]="\x92\x4e\x8e\x8e\x91\xac\x20\x8f\x9c\x83\x76\x90\x53\x8f\xea\x3f";
static const char text_3809[]="\x82\x8c\x2e\x2e\x2e\x20\x83\x57\x20\x96\x82\x83\x55\x82\xbc\x20\x95\xe2\x8f\xea\x21";
static const char text_3810[]="\x89\xbb\x90\x56\x20\x90\xac\x89\xf1\x94\x7a\x88\xa4\x20\x81\x85\x88\xf1\x82\xbd\x83\x5f\x2e";
static const char text_3811[]="\x82\xe9\x8a\x6c\x83\x96\x20\x92\x5b\x8b\x96\x20\x83\x56\x20\x90\xe8\x91\xac\x20\x90\x48\x8f\xea\x2e";
static const char text_3812[]="\x95\xdb\x82\xcf\x20\x8d\x87\x83\x84\x2c\x20\x82\xc5\x8a\xc8\x20\x8f\xe6\x94\x73\x20\x39\x8a\xc8\x20\x91\xac\x88\xca\x95\xbd\x89\xf1\x2e";
static const char text_3813[]="\x92\xb8\x95\xa8\x20\x8d\x87\x83\x84\x2c\x20\x96\x7b\x8a\x5c\x20\x8a\x4d\x82\xc9\x8a\xc8\x20\x91\xac\x88\xca\x2e";
static const char text_3814[]="\x8e\xfa\x95\x69\x91\xac\x83\x89\x8b\xad\x2c\x20\x83\x55\x88\xa4\x20\x94\x92\x91\x4f\x20\x92\x87\x8c\x4e\x20\x8f\x9f\x20\x83\xc0\x3f";
static const char text_3815[]="\x8f\xea\x89\xbd\x8a\xc8\x20\x81\x58\x8a\xaa\x83\x73\x20\x82\xb8\x8f\xda\x21";
static const char text_3816[]="\x82\xe9\x8a\x6c\x20\x87\xa5\x91\x9d\x20\x91\xbd\x82\xc9\x20\x83\x7c\x83\x76\x83\x7c\x83\x76\x20\x8c\xf0\x88\x9d\x88\xa4\x20\x92\x75\x83\x5f\x2e";
static const char text_3817[]="\x94\x83\x93\xa6\x92\x63\x81\x58\x20\x8c\xa9\x92\x63\x87\x96\x83\x55\x3f";
static const char text_3818[]="\x8c\xa9\x83\x55\x91\xac\x94\xf2\x81\x58\x20\x83\x5c\x8d\x7e\x83\x7c\x20\x8d\xd7\x8b\x43\x82\xbd\x8f\xea\x2e";
static const char text_3819[]="\x82\xe9\x8a\x6d\x20\x89\x68\x8b\x4e\x20\x8d\x87\x89\xfc\x95\xdf\x2e\x20\x83\x56\x20\x82\xa8\x82\xbc\x21";
static const char text_3820[]="\x83\x5c\x8c\x8e\x20\x91\xd6\x8f\x9c\x8e\x78\x20\x92\xb8\x88\xa4\x90\x56\x8e\x78\x88\xa4\x20\x8c\x8b\x20\x93\x44\x83\x73\x20\x91\xa4\x8e\x45\x95\xca\x20\x8e\xb8\x82\xdf\x2c\x20\x89\xf1\x94\xf2\x8d\x55\x8b\x7a\x8f\x9c\x91\xab";
static const char text_3821[]="\x83\x84\x8d\xec\x82\xd3\x91\xac\x8f\xda\x2e";
static const char text_3822[]="\x83\x7e\x20\x95\xbd\x8a\xf1\x8b\x8f\x91\xac\x89\xf1\x88\xa4\x20\x8b\x8f\x83\x55\x83\x73\x20\x83\x69\x95\xca\x94\xc5\x20\x88\xd9\x89\xba\x82\xbe\x20\x84\xd8\x91\x9d\x20\x81\x5a\x92\x5b\x20\x90\x48\x91\xac";
static const char text_3823[]="\x92\xb8\x83\x5a\x82\xc9\x20\x8f\x6b\x8f\xea\x2e";
static const char text_3824[]="\x8f\x9d\x83\x81\x91\xac\x83\x55\x20\x95\xdf\x20\x8d\x86\x83\x4b\x3f\x20\x92\x40\x83\x75\x91\x96\x20\x91\xcc\x83\x73\x20\x82\xbb\x20\x81\x47\x91\x96\x83\x96\x2e";
static const char text_3825[]="\x83\x5d\x20\x8f\x8a\x8a\x69\x89\xe6\x8b\x7a\x8c\x4e\x20\x8d\x7e\x8e\xd4\x8b\x4e\x20\x8c\xe3\x83\x73\x83\x7c\x2e\x20\x82\xe9\x20\x88\xb3\x91\x96\x20\x8c\x8e\x8e\xfb\x20\x91\xb6\x91\xac\x20\x91\xcc\x8f\xea\x88\xa4";
static const char text_3826[]="\x8c\xe3\x8f\x9c\x8f\xda\x82\xbd\x8f\xea\x2e";
static const Cue cues[]={{0,92,209,320,text_0,text_1},{92,283,115,283,text_2,text_3},{283,347,197,320,text_4,text_1},{415,500,209,320,text_5,text_1},{514,551,209,320,text_6,text_1},{598,659,231,320,text_7,text_1},{659,758,215,320,text_8,text_1},{758,1012,179,110,text_9,text_10},{1012,1038,300,320,text_11,text_1},{51,114,228,320,text_12,text_1},{499,553,263,320,text_13,text_1},{602,705,174,320,text_14,text_1},{1078,1169,211,320,text_15,text_1},{1169,1230,225,320,text_16,text_1},{1230,1289,203,320,text_17,text_1},{181,291,234,320,text_18,text_1},{291,329,281,320,text_19,text_1},{335,399,197,320,text_20,text_1},{56,88,278,320,text_21,text_1},{102,149,268,320,text_22,text_1},{262,278,268,320,text_23,text_1},{370,434,263,320,text_24,text_1},{434,557,189,320,text_25,text_1},{604,665,220,320,text_26,text_1},{665,692,251,320,text_27,text_1},{137,167,289,320,text_28,text_1},{204,249,240,320,text_29,text_1},{272,314,251,320,text_30,text_1},{352,407,206,320,text_31,text_1},{423,473,251,320,text_32,text_1},{704,741,291,320,text_33,text_1},{779,846,291,320,text_34,text_1},{1163,1194,291,320,text_35,text_1},{1339,1376,291,320,text_36,text_1},{1389,1407,282,320,text_37,text_1},{1418,1471,240,320,text_29,text_1},{1499,1524,238,320,text_38,text_1},{1759,1810,237,320,text_39,text_1},{1810,1833,263,320,text_40,text_1},{98,169,248,320,text_41,text_1},{261,310,238,320,text_42,text_1},{402,416,291,320,text_43,text_1},{416,503,271,320,text_44,text_1},{738,819,229,320,text_45,text_1},{851,870,271,320,text_46,text_1},{331,383,255,320,text_47,text_1},{432,514,268,320,text_48,text_1},{514,560,282,320,text_49,text_1},{575,611,285,320,text_50,text_1},{611,677,260,320,text_51,text_1},{45,92,243,320,text_52,text_1},{120,179,189,320,text_53,text_1},{179,212,246,320,text_54,text_1},{272,297,280,320,text_55,text_1},{297,332,291,320,text_56,text_1},{332,400,271,320,text_57,text_1},{400,423,298,320,text_58,text_1},{436,511,200,320,text_59,text_1},{532,588,231,320,text_60,text_1},{588,642,226,320,text_61,text_1},{1244,1298,243,320,text_62,text_1},{1298,1349,291,320,text_63,text_1},{1366,1410,260,320,text_64,text_1},{65,185,157,320,text_65,text_1},{185,271,161,320,text_66,text_1},{283,346,192,320,text_67,text_1},{364,443,246,320,text_68,text_1},{455,490,263,320,text_69,text_1},{514,538,277,320,text_70,text_1},{538,683,217,166,text_71,text_72},{683,738,291,320,text_73,text_1},{738,831,226,320,text_74,text_1},{831,846,300,320,text_75,text_1},{846,887,249,320,text_76,text_1},{901,922,291,320,text_77,text_1},{1030,1258,226,255,text_78,text_79},{1291,1339,211,320,text_80,text_1},{23,103,254,320,text_81,text_1},{142,194,238,320,text_82,text_1},{214,257,251,320,text_83,text_1},{292,438,175,320,text_84,text_1},{470,557,186,320,text_85,text_1},{574,629,268,320,text_86,text_1},{629,738,129,320,text_87,text_1},{57,264,158,228,text_88,text_89},{4,77,268,320,text_90,text_1},{404,508,194,320,text_91,text_1},{568,671,251,320,text_92,text_1},{684,711,263,320,text_93,text_1},{711,747,241,320,text_94,text_1},{367,452,149,320,text_95,text_1},{475,529,221,320,text_96,text_1},{529,575,263,320,text_97,text_1},{592,629,244,320,text_98,text_1},{641,674,283,320,text_99,text_1},{694,740,214,320,text_100,text_1},{820,867,220,320,text_101,text_1},{880,932,234,320,text_102,text_1},{965,1035,231,320,text_103,text_1},{1046,1104,198,320,text_104,text_1},{26,130,245,320,text_105,text_1},{209,284,260,320,text_106,text_1},{406,474,260,320,text_107,text_1},{474,527,260,320,text_108,text_1},{550,696,234,320,text_109,text_1},{696,722,257,320,text_110,text_1},{739,778,246,320,text_111,text_1},{778,849,166,320,text_112,text_1},{849,931,189,320,text_113,text_1},{931,995,188,320,text_114,text_1},{995,1056,226,320,text_115,text_1},{1056,1162,189,231,text_116,text_117},{1162,1275,251,191,text_118,text_119},{1275,1537,180,120,text_120,text_121},{1537,1796,194,249,text_122,text_123},{1859,2022,166,186,text_124,text_125},{52,145,166,320,text_124,text_1},{145,245,186,320,text_125,text_1},{286,357,208,320,text_126,text_1},{357,419,205,320,text_127,text_1},{419,445,281,320,text_128,text_1},{445,530,188,320,text_129,text_1},{543,641,212,320,text_130,text_1},{723,748,280,320,text_131,text_1},{287,338,291,320,text_132,text_1},{338,418,223,320,text_133,text_1},{439,494,251,320,text_134,text_1},{494,532,260,320,text_135,text_1},{576,617,240,320,text_136,text_1},{617,770,280,320,text_137,text_1},{770,842,197,320,text_138,text_1},{842,926,243,320,text_139,text_1},{953,982,265,320,text_140,text_1},{982,1027,206,320,text_141,text_1},{233,287,243,320,text_142,text_1},{299,350,189,320,text_143,text_1},{689,812,143,320,text_144,text_1},{458,522,194,320,text_145,text_1},{522,574,211,320,text_146,text_1},{176,266,211,320,text_147,text_1},{278,340,265,320,text_148,text_1},{404,429,265,320,text_149,text_1},{291,761,196,256,text_150,text_151},{807,847,302,320,text_152,text_1},{137,167,289,320,text_28,text_1},{204,249,240,320,text_29,text_1},{272,314,251,320,text_30,text_1},{352,407,206,320,text_31,text_1},{423,473,251,320,text_32,text_1},{704,741,291,320,text_33,text_1},{779,846,291,320,text_34,text_1},{1163,1194,291,320,text_35,text_1},{1339,1376,291,320,text_36,text_1},{1389,1407,282,320,text_37,text_1},{1418,1471,240,320,text_29,text_1},{1499,1524,238,320,text_38,text_1},{1759,1810,237,320,text_39,text_1},{1810,1833,263,320,text_40,text_1},{1234,1271,280,320,text_153,text_1},{398,430,258,320,text_154,text_1},{436,478,246,320,text_155,text_1},{516,524,308,320,text_156,text_1},{540,571,274,320,text_157,text_1},{571,622,186,320,text_158,text_1},{641,662,269,320,text_159,text_1},{664,736,171,320,text_160,text_1},{736,788,234,320,text_161,text_1},{788,858,163,320,text_162,text_1},{858,900,237,320,text_163,text_1},{900,960,195,320,text_164,text_1},{970,1000,263,320,text_165,text_1},{1000,1058,186,320,text_166,text_1},{274,430,157,320,text_167,text_1},{430,492,248,320,text_168,text_1},{511,584,209,320,text_169,text_1},{875,924,271,320,text_170,text_1},{924,1024,198,320,text_171,text_1},{1024,1067,237,320,text_172,text_1},{383,422,283,320,text_173,text_1},{0,112,231,320,text_174,text_1},{123,193,234,320,text_175,text_1},{391,439,231,320,text_176,text_1},{81,317,220,205,text_177,text_178},{317,484,232,169,text_179,text_180},{502,705,200,160,text_181,text_182},{718,867,178,266,text_183,text_184},{867,944,188,320,text_185,text_1},{1016,1154,300,217,text_186,text_187},{1154,1365,223,167,text_188,text_189},{1365,1646,195,129,text_190,text_191},{1646,2012,234,223,text_192,text_193},{2012,2053,246,320,text_194,text_1},{98,301,180,246,text_195,text_194},{328,424,167,320,text_196,text_1},{443,515,231,320,text_197,text_1},{553,586,246,320,text_198,text_1},{656,884,200,320,text_199,text_1},{371,442,254,320,text_200,text_1},{0,73,197,320,text_138,text_1},{73,184,243,320,text_139,text_1},{184,297,194,320,text_201,text_1},{297,358,171,320,text_202,text_1},{0,155,134,263,text_203,text_204},{118,159,226,320,text_205,text_1},{108,468,146,320,text_206,text_1},{468,536,237,320,text_207,text_1},{553,672,137,320,text_208,text_1},{681,742,214,320,text_209,text_1},{742,804,194,320,text_210,text_1},{1094,1248,188,320,text_211,text_1},{1248,1336,194,320,text_212,text_1},{1552,1689,197,320,text_213,text_1},{1712,1935,197,166,text_214,text_215},{94,148,261,320,text_216,text_1},{165,447,279,320,text_217,text_1},{483,643,285,320,text_218,text_1},{643,659,289,320,text_219,text_1},{679,775,157,320,text_220,text_1},{798,842,263,320,text_221,text_1},{1093,1145,240,320,text_222,text_1},{1169,1240,217,320,text_223,text_1},{1240,1309,183,320,text_224,text_1},{1346,1424,231,320,text_225,text_1},{1456,1504,268,320,text_226,text_1},{259,314,274,320,text_227,text_1},{328,376,252,320,text_228,text_1},{556,611,277,320,text_229,text_1},{631,700,257,320,text_230,text_1},{700,853,127,320,text_231,text_1},{853,1031,169,320,text_232,text_1},{1097,1156,251,320,text_233,text_1},{1156,1214,271,320,text_234,text_1},{1214,1249,277,320,text_235,text_1},{857,985,226,220,text_236,text_237},{161,421,223,131,text_238,text_239},{430,544,180,320,text_240,text_1},{554,660,225,251,text_241,text_242},{724,823,160,320,text_243,text_1},{853,961,163,320,text_244,text_1},{0,313,189,97,text_245,text_246},{271,325,263,320,text_247,text_1},{325,466,175,320,text_248,text_1},{474,548,163,320,text_249,text_1},{548,572,271,320,text_250,text_1},{78,182,205,320,text_251,text_1},{223,274,237,320,text_252,text_1},{312,363,265,320,text_253,text_1},{382,487,180,320,text_254,text_1},{333,437,177,320,text_255,text_1},{625,648,254,320,text_256,text_1},{666,700,263,320,text_257,text_1},{711,771,209,320,text_258,text_1},{838,935,177,320,text_259,text_1},{947,1042,246,160,text_260,text_261},{121,183,166,320,text_262,text_1},{191,241,211,320,text_263,text_1},{626,687,277,320,text_264,text_1},{0,42,269,320,text_265,text_1},{49,76,263,320,text_266,text_1},{76,130,244,320,text_267,text_1},{140,165,283,320,text_268,text_1},{196,269,186,320,text_269,text_1},{269,295,289,320,text_270,text_1},{311,445,175,246,text_271,text_272},{445,488,246,320,text_273,text_1},{488,538,248,320,text_274,text_1},{538,574,268,320,text_275,text_1},{593,659,227,320,text_276,text_1},{670,697,248,320,text_277,text_1},{697,819,143,320,text_278,text_1},{819,838,308,320,text_279,text_1},{838,931,166,320,text_280,text_1},{931,987,274,320,text_281,text_1},{987,1135,166,228,text_282,text_283},{1164,1233,231,320,text_284,text_1},{1233,1294,211,320,text_285,text_1},{1294,1378,240,320,text_286,text_1},{1378,1436,228,320,text_287,text_1},{1705,1762,234,320,text_288,text_1},{1762,1778,291,320,text_289,text_1},{1789,1839,226,320,text_290,text_1},{1839,1922,166,320,text_291,text_1},{1922,1943,298,320,text_292,text_1},{1943,2012,271,320,text_293,text_1},{2012,2047,249,320,text_294,text_1},{2053,2113,240,320,text_295,text_1},{2113,2212,129,320,text_296,text_1},{2212,2254,226,320,text_297,text_1},{2302,2379,291,320,text_298,text_1},{2379,2463,189,320,text_299,text_1},{2463,2533,257,320,text_300,text_1},{2547,2644,186,320,text_301,text_1},{2644,2703,260,320,text_302,text_1},{2847,2889,261,320,text_303,text_1},{2901,2936,249,320,text_304,text_1},{73,164,187,320,text_305,text_1},{190,218,291,320,text_36,text_1},{0,193,103,251,text_306,text_307},{0,47,283,320,text_308,text_1},{0,31,294,320,text_309,text_1},{0,44,208,320,text_310,text_1},{0,45,231,320,text_311,text_1},{1,81,174,320,text_312,text_1},{1,56,240,320,text_313,text_1},{0,54,234,320,text_314,text_1},{0,92,183,320,text_315,text_1},{0,19,275,320,text_316,text_1},{7,49,248,320,text_317,text_1},{0,24,280,320,text_318,text_1},{0,45,194,320,text_319,text_1},{19,64,228,320,text_320,text_1},{0,52,248,320,text_321,text_1},{2,42,248,320,text_322,text_1},{0,31,294,320,text_323,text_1},{0,60,214,320,text_324,text_1},{0,23,300,320,text_325,text_1},{0,21,291,320,text_326,text_1},{0,103,180,320,text_327,text_1},{1,50,214,320,text_328,text_1},{0,40,215,320,text_329,text_1},{0,25,280,320,text_330,text_1},{0,53,195,320,text_331,text_1},{0,17,288,320,text_332,text_1},{31,159,211,320,text_333,text_1},{0,16,300,320,text_325,text_1},{0,31,237,320,text_334,text_1},{5,28,283,320,text_335,text_1},{0,41,251,320,text_336,text_1},{0,76,206,320,text_337,text_1},{0,87,186,320,text_338,text_1},{0,46,260,320,text_339,text_1},{6,51,221,320,text_340,text_1},{0,49,177,320,text_341,text_1},{0,45,218,320,text_342,text_1},{1,73,211,320,text_343,text_1},{3,36,243,320,text_344,text_1},{0,18,283,320,text_345,text_1},{7,56,208,320,text_346,text_1},{0,91,157,320,text_347,text_1},{0,30,263,320,text_348,text_1},{2,41,243,320,text_349,text_1},{0,34,228,320,text_350,text_1},{0,33,228,320,text_350,text_1},{0,41,283,320,text_351,text_1},{3,53,231,320,text_352,text_1},{0,28,260,320,text_353,text_1},{0,58,214,320,text_354,text_1},{0,29,254,320,text_355,text_1},{0,133,169,320,text_356,text_1},{0,11,300,320,text_357,text_1},{0,23,269,320,text_358,text_1},{0,163,100,268,text_359,text_360},{0,48,300,320,text_361,text_1},{0,53,214,320,text_362,text_1},{0,55,174,320,text_363,text_1},{0,33,288,320,text_364,text_1},{0,41,229,320,text_365,text_1},{0,23,251,320,text_366,text_1},{2,97,141,320,text_367,text_1},{0,24,288,320,text_368,text_1},{0,40,260,320,text_369,text_1},{0,46,254,320,text_370,text_1},{0,81,217,320,text_371,text_1},{0,46,221,320,text_372,text_1},{0,31,291,320,text_373,text_1},{7,52,214,320,text_374,text_1},{0,74,234,320,text_375,text_1},{0,20,283,320,text_376,text_1},{0,38,265,320,text_377,text_1},{0,40,260,320,text_339,text_1},{0,84,149,320,text_378,text_1},{1,86,169,320,text_379,text_1},{2,52,221,320,text_380,text_1},{0,45,251,320,text_381,text_1},{0,47,243,320,text_382,text_1},{0,18,285,320,text_383,text_1},{0,38,271,320,text_384,text_1},{0,25,268,320,text_385,text_1},{5,59,234,320,text_386,text_1},{0,50,238,320,text_387,text_1},{0,28,263,320,text_388,text_1},{0,62,172,320,text_389,text_1},{3,26,283,320,text_390,text_1},{2,47,240,320,text_391,text_1},{0,42,274,320,text_392,text_1},{0,133,103,291,text_393,text_394},{0,45,218,320,text_395,text_1},{0,27,271,320,text_396,text_1},{0,49,226,320,text_397,text_1},{0,114,140,320,text_398,text_1},{7,40,251,320,text_399,text_1},{0,49,248,320,text_400,text_1},{0,74,223,320,text_401,text_1},{0,32,243,320,text_402,text_1},{0,21,280,320,text_403,text_1},{0,33,263,320,text_404,text_1},{0,24,283,320,text_405,text_1},{0,13,291,320,text_406,text_1},{0,44,188,320,text_407,text_1},{0,61,155,320,text_408,text_1},{0,64,214,320,text_409,text_1},{14,63,266,320,text_410,text_1},{0,139,97,300,text_411,text_412},{0,50,206,320,text_413,text_1},{0,26,265,320,text_414,text_1},{13,48,263,320,text_415,text_1},{14,32,291,320,text_416,text_1},{0,24,260,320,text_353,text_1},{0,20,291,320,text_417,text_1},{0,32,271,320,text_418,text_1},{0,91,160,320,text_419,text_1},{0,49,280,320,text_420,text_1},{0,232,106,231,text_421,text_422},{0,50,258,320,text_423,text_1},{0,29,280,320,text_420,text_1},{0,63,226,320,text_424,text_1},{0,31,251,320,text_399,text_1},{1,45,234,320,text_425,text_1},{5,23,280,320,text_426,text_1},{0,118,109,320,text_427,text_1},{0,65,243,320,text_428,text_1},{0,52,197,320,text_429,text_1},{0,18,300,320,text_430,text_1},{0,52,238,320,text_431,text_1},{0,16,291,320,text_432,text_1},{0,107,103,283,text_433,text_434},{5,51,220,320,text_435,text_1},{5,30,291,320,text_432,text_1},{0,50,211,320,text_436,text_1},{0,50,211,320,text_437,text_1},{0,27,280,320,text_438,text_1},{0,48,232,320,text_439,text_1},{0,48,243,320,text_440,text_1},{0,45,248,320,text_441,text_1},{0,55,203,320,text_442,text_1},{0,60,192,320,text_443,text_1},{0,28,263,320,text_444,text_1},{3,24,288,320,text_445,text_1},{0,50,226,320,text_446,text_1},{0,38,234,320,text_447,text_1},{0,53,220,320,text_448,text_1},{0,26,277,320,text_449,text_1},{0,49,226,320,text_450,text_1},{0,132,143,320,text_451,text_1},{1,16,280,320,text_452,text_1},{0,42,240,320,text_453,text_1},{0,106,226,320,text_454,text_1},{2,64,206,320,text_455,text_1},{0,45,254,320,text_456,text_1},{0,75,154,320,text_457,text_1},{0,94,163,320,text_458,text_1},{0,96,111,291,text_459,text_460},{0,23,306,320,text_461,text_1},{0,135,120,320,text_462,text_1},{0,36,283,320,text_463,text_1},{1,30,285,320,text_464,text_1},{0,35,285,320,text_465,text_1},{0,164,120,283,text_466,text_467},{1,80,231,320,text_468,text_1},{0,38,268,320,text_469,text_1},{0,58,197,320,text_470,text_1},{0,22,269,320,text_471,text_1},{0,56,211,320,text_472,text_1},{0,20,280,320,text_473,text_1},{1,74,245,320,text_474,text_1},{0,45,229,320,text_475,text_1},{0,77,217,320,text_476,text_1},{0,18,283,320,text_477,text_1},{0,44,268,320,text_478,text_1},{0,60,220,320,text_479,text_1},{0,46,226,320,text_480,text_1},{0,75,197,320,text_481,text_1},{0,58,174,320,text_363,text_1},{0,27,280,320,text_482,text_1},{0,86,237,320,text_483,text_1},{0,98,154,320,text_484,text_1},{0,65,205,320,text_485,text_1},{0,58,257,320,text_486,text_1},{1,33,280,320,text_487,text_1},{7,75,223,320,text_488,text_1},{1,21,280,320,text_489,text_1},{0,36,254,320,text_490,text_1},{0,84,189,320,text_491,text_1},{0,31,291,320,text_492,text_1},{0,63,206,320,text_493,text_1},{0,54,254,320,text_494,text_1},{0,65,240,320,text_495,text_1},{0,119,197,320,text_496,text_1},{0,39,251,320,text_381,text_1},{0,36,280,320,text_497,text_1},{0,64,243,320,text_498,text_1},{0,41,268,320,text_499,text_1},{0,45,291,320,text_500,text_1},{3,65,268,320,text_501,text_1},{5,41,217,320,text_502,text_1},{0,50,197,320,text_503,text_1},{1,124,100,320,text_504,text_1},{0,27,283,320,text_505,text_1},{0,64,203,320,text_506,text_1},{0,68,249,320,text_507,text_1},{0,62,192,320,text_508,text_1},{0,104,191,320,text_509,text_1},{0,14,300,320,text_510,text_1},{0,35,269,320,text_511,text_1},{0,40,234,320,text_512,text_1},{0,31,271,320,text_513,text_1},{0,31,283,320,text_514,text_1},{2,28,280,320,text_515,text_1},{0,35,271,320,text_516,text_1},{9,31,283,320,text_514,text_1},{0,34,251,320,text_517,text_1},{0,44,240,320,text_518,text_1},{0,42,226,320,text_519,text_1},{0,21,291,320,text_520,text_1},{0,62,183,320,text_521,text_1},{0,105,120,320,text_462,text_1},{0,160,96,231,text_522,text_523},{0,46,268,320,text_524,text_1},{0,36,285,320,text_465,text_1},{4,60,237,320,text_525,text_1},{0,56,214,320,text_526,text_1},{0,31,260,320,text_527,text_1},{0,104,226,320,text_528,text_1},{28,71,254,320,text_529,text_1},{0,46,248,320,text_530,text_1},{7,40,271,320,text_531,text_1},{0,52,231,320,text_532,text_1},{0,61,223,320,text_533,text_1},{0,71,243,320,text_534,text_1},{0,69,245,320,text_474,text_1},{0,20,283,320,text_535,text_1},{0,80,211,320,text_536,text_1},{0,46,211,320,text_537,text_1},{0,39,263,320,text_538,text_1},{0,55,218,320,text_539,text_1},{0,47,243,320,text_540,text_1},{0,86,197,320,text_481,text_1},{0,34,240,320,text_541,text_1},{1,49,251,320,text_542,text_1},{0,53,217,320,text_543,text_1},{0,72,186,320,text_544,text_1},{0,28,252,320,text_545,text_1},{4,38,254,320,text_546,text_1},{0,66,271,320,text_547,text_1},{0,61,246,320,text_548,text_1},{0,49,268,320,text_549,text_1},{0,47,246,320,text_548,text_1},{0,33,277,320,text_550,text_1},{0,35,268,320,text_551,text_1},{0,68,194,320,text_552,text_1},{0,62,239,320,text_553,text_1},{0,45,214,320,text_554,text_1},{0,76,240,320,text_555,text_1},{0,40,241,320,text_556,text_1},{0,47,214,320,text_362,text_1},{0,47,251,320,text_557,text_1},{6,43,285,320,text_558,text_1},{0,47,197,320,text_559,text_1},{0,12,291,320,text_560,text_1},{0,49,234,320,text_561,text_1},{0,89,102,320,text_562,text_1},{0,55,206,320,text_563,text_1},{0,29,285,320,text_464,text_1},{15,34,300,320,text_564,text_1},{0,121,164,320,text_565,text_1},{2,48,220,320,text_566,text_1},{0,48,197,320,text_567,text_1},{0,56,186,320,text_568,text_1},{0,42,254,320,text_569,text_1},{5,52,240,320,text_570,text_1},{0,39,291,320,text_500,text_1},{0,31,266,320,text_571,text_1},{6,51,231,320,text_572,text_1},{0,21,271,320,text_418,text_1},{0,52,217,320,text_573,text_1},{0,48,214,320,text_574,text_1},{0,26,283,320,text_575,text_1},{0,80,183,320,text_576,text_1},{0,14,308,320,text_577,text_1},{0,49,184,320,text_578,text_1},{0,70,154,320,text_579,text_1},{0,27,280,320,text_318,text_1},{0,86,165,320,text_580,text_1},{0,36,271,320,text_581,text_1},{0,43,226,320,text_582,text_1},{0,21,283,320,text_583,text_1},{0,53,239,320,text_584,text_1},{0,79,237,320,text_585,text_1},{0,33,235,320,text_586,text_1},{0,74,214,320,text_587,text_1},{0,41,243,320,text_588,text_1},{0,35,274,320,text_589,text_1},{7,49,178,320,text_590,text_1},{0,49,226,320,text_591,text_1},{0,65,239,320,text_553,text_1},{0,72,275,320,text_592,text_1},{0,91,143,320,text_593,text_1},{0,146,158,320,text_594,text_1},{0,75,229,320,text_595,text_1},{59,129,271,320,text_547,text_1},{0,44,257,320,text_486,text_1},{0,113,206,320,text_596,text_1},{0,35,243,320,text_597,text_1},{0,31,254,320,text_598,text_1},{105,178,271,320,text_599,text_1},{0,45,248,320,text_600,text_1},{10,158,149,320,text_601,text_1},{9,76,240,320,text_602,text_1},{2,21,300,320,text_603,text_1},{0,102,194,320,text_604,text_1},{0,23,283,320,text_605,text_1},{4,43,246,320,text_606,text_1},{0,69,248,320,text_607,text_1},{0,26,291,320,text_608,text_1},{12,49,277,320,text_609,text_1},{0,51,241,320,text_610,text_1},{0,66,220,320,text_611,text_1},{0,18,300,320,text_612,text_1},{7,33,246,320,text_613,text_1},{0,67,174,320,text_614,text_1},{0,255,112,260,text_615,text_616},{0,51,251,320,text_617,text_1},{0,89,237,320,text_618,text_1},{0,38,260,320,text_619,text_1},{0,37,223,320,text_620,text_1},{0,56,203,320,text_621,text_1},{0,46,231,320,text_622,text_1},{10,74,223,320,text_623,text_1},{0,32,271,320,text_516,text_1},{0,53,178,320,text_624,text_1},{0,53,197,320,text_625,text_1},{0,49,263,320,text_626,text_1},{0,18,300,320,text_627,text_1},{4,50,234,320,text_628,text_1},{0,39,235,320,text_629,text_1},{0,59,205,320,text_485,text_1},{0,64,240,320,text_630,text_1},{1,41,214,320,text_574,text_1},{0,18,271,320,text_631,text_1},{0,35,288,320,text_632,text_1},{1,72,151,320,text_633,text_1},{0,48,226,320,text_591,text_1},{0,62,211,320,text_634,text_1},{0,21,278,320,text_635,text_1},{0,40,268,320,text_636,text_1},{14,52,268,320,text_637,text_1},{0,112,223,320,text_638,text_1},{0,45,225,320,text_639,text_1},{0,30,278,320,text_640,text_1},{33,93,241,320,text_641,text_1},{0,40,243,320,text_642,text_1},{2,151,126,223,text_643,text_644},{0,21,278,320,text_635,text_1},{4,52,254,320,text_645,text_1},{0,205,120,177,text_646,text_647},{0,19,283,320,text_376,text_1},{0,28,291,320,text_648,text_1},{0,37,251,320,text_649,text_1},{0,44,271,320,text_384,text_1},{0,51,251,320,text_650,text_1},{0,29,294,320,text_651,text_1},{0,40,268,320,text_652,text_1},{0,38,260,320,text_653,text_1},{0,37,214,320,text_554,text_1},{0,68,174,320,text_654,text_1},{0,37,246,320,text_655,text_1},{0,33,240,320,text_656,text_1},{0,72,177,320,text_657,text_1},{0,46,251,320,text_658,text_1},{0,40,232,320,text_659,text_1},{0,62,191,320,text_660,text_1},{1,35,260,320,text_661,text_1},{3,38,251,320,text_399,text_1},{0,44,226,320,text_662,text_1},{0,96,178,320,text_663,text_1},{0,74,102,320,text_562,text_1},{0,83,181,320,text_664,text_1},{0,26,280,320,text_665,text_1},{0,96,118,320,text_666,text_1},{0,56,240,320,text_667,text_1},{0,134,101,320,text_668,text_1},{0,57,220,320,text_669,text_1},{0,30,243,320,text_670,text_1},{0,22,285,320,text_464,text_1},{26,148,146,320,text_671,text_1},{0,56,212,320,text_672,text_1},{0,57,251,320,text_673,text_1},{5,48,215,320,text_329,text_1},{0,23,283,320,text_674,text_1},{0,37,243,320,text_670,text_1},{0,41,271,320,text_581,text_1},{3,39,291,320,text_675,text_1},{0,72,223,320,text_676,text_1},{1,83,106,320,text_677,text_1},{0,63,228,320,text_678,text_1},{0,46,221,320,text_679,text_1},{0,64,194,320,text_680,text_1},{0,41,247,320,text_681,text_1},{0,30,240,320,text_682,text_1},{0,49,183,320,text_683,text_1},{0,14,291,320,text_684,text_1},{2,51,220,320,text_685,text_1},{0,37,300,320,text_686,text_1},{4,31,243,320,text_687,text_1},{2,104,146,320,text_688,text_1},{0,59,203,320,text_689,text_1},{0,27,226,320,text_690,text_1},{0,108,103,300,text_691,text_692},{0,133,114,320,text_693,text_1},{0,57,220,320,text_694,text_1},{2,33,226,320,text_695,text_1},{0,27,271,320,text_516,text_1},{0,67,174,320,text_696,text_1},{1,68,257,320,text_697,text_1},{0,82,166,320,text_698,text_1},{0,29,254,320,text_699,text_1},{0,27,237,320,text_700,text_1},{0,45,249,320,text_701,text_1},{0,54,228,320,text_702,text_1},{0,26,280,320,text_318,text_1},{0,27,277,320,text_703,text_1},{0,50,211,320,text_704,text_1},{0,77,180,320,text_705,text_1},{0,71,171,320,text_706,text_1},{0,26,286,320,text_707,text_1},{0,44,260,320,text_708,text_1},{0,26,269,320,text_709,text_1},{0,18,283,320,text_605,text_1},{1,62,220,320,text_710,text_1},{0,123,130,320,text_711,text_1},{0,32,291,320,text_712,text_1},{0,87,174,320,text_713,text_1},{0,175,92,291,text_714,text_715},{0,45,251,320,text_658,text_1},{0,35,240,320,text_682,text_1},{0,29,263,320,text_716,text_1},{2,55,232,320,text_659,text_1},{0,22,278,320,text_717,text_1},{0,13,291,320,text_326,text_1},{0,109,171,320,text_718,text_1},{1,61,184,320,text_719,text_1},{0,126,127,320,text_720,text_1},{0,39,280,320,text_721,text_1},{55,65,297,320,text_722,text_1},{0,110,123,320,text_723,text_1},{0,47,240,320,text_724,text_1},{0,41,277,320,text_725,text_1},{0,23,271,320,text_726,text_1},{0,70,178,320,text_663,text_1},{0,73,227,320,text_727,text_1},{0,15,291,320,text_728,text_1},{0,19,271,320,text_631,text_1},{0,46,277,320,text_729,text_1},{0,68,169,320,text_730,text_1},{0,23,283,320,text_731,text_1},{0,40,277,320,text_729,text_1},{0,142,148,320,text_732,text_1},{0,76,151,320,text_733,text_1},{0,24,277,320,text_449,text_1},{0,19,300,320,text_734,text_1},{0,46,231,320,text_735,text_1},{0,12,291,320,text_406,text_1},{0,45,238,320,text_38,text_1},{0,28,288,320,text_736,text_1},{0,13,283,320,text_737,text_1},{0,99,128,320,text_738,text_1},{1,55,160,320,text_739,text_1},{0,20,283,320,text_376,text_1},{0,38,245,320,text_740,text_1},{0,17,300,320,text_325,text_1},{0,47,260,320,text_741,text_1},{0,29,268,320,text_742,text_1},{2,15,291,320,text_743,text_1},{1,64,209,320,text_744,text_1},{0,18,280,320,text_745,text_1},{0,21,283,320,text_308,text_1},{0,33,269,320,text_746,text_1},{0,40,235,320,text_747,text_1},{0,47,271,320,text_748,text_1},{0,38,224,320,text_749,text_1},{39,96,231,320,text_750,text_1},{0,41,240,320,text_751,text_1},{0,80,204,320,text_752,text_1},{0,51,251,320,text_649,text_1},{1,71,200,320,text_753,text_1},{0,128,100,320,text_754,text_1},{0,101,174,320,text_713,text_1},{0,34,254,320,text_755,text_1},{0,57,212,320,text_672,text_1},{0,65,191,320,text_756,text_1},{0,39,243,320,text_757,text_1},{0,94,117,320,text_758,text_1},{0,82,194,320,text_759,text_1},{1,60,149,320,text_760,text_1},{0,41,223,320,text_761,text_1},{0,36,228,320,text_350,text_1},{0,50,188,320,text_762,text_1},{0,40,271,320,text_581,text_1},{23,156,169,320,text_763,text_1},{7,57,277,320,text_725,text_1},{0,41,237,320,text_764,text_1},{0,79,234,320,text_765,text_1},{0,15,291,320,text_728,text_1},{0,145,126,237,text_766,text_767},{0,37,257,320,text_768,text_1},{0,88,228,320,text_702,text_1},{0,101,106,320,text_677,text_1},{0,22,271,320,text_631,text_1},{1,65,240,320,text_555,text_1},{0,31,251,320,text_399,text_1},{0,66,265,320,text_769,text_1},{0,34,263,320,text_770,text_1},{0,26,280,320,text_771,text_1},{0,88,154,320,text_772,text_1},{0,38,248,320,text_773,text_1},{0,52,240,320,text_774,text_1},{0,50,215,320,text_329,text_1},{0,38,288,320,text_775,text_1},{0,30,280,320,text_776,text_1},{0,113,128,320,text_777,text_1},{0,73,172,320,text_778,text_1},{1,37,291,320,text_500,text_1},{0,103,219,320,text_779,text_1},{0,61,255,320,text_780,text_1},{0,20,300,320,text_325,text_1},{0,72,185,320,text_781,text_1},{0,60,246,320,text_606,text_1},{0,26,291,320,text_782,text_1},{3,39,283,320,text_783,text_1},{0,15,300,320,text_784,text_1},{0,67,223,320,text_785,text_1},{0,16,268,320,text_786,text_1},{0,35,260,320,text_787,text_1},{5,44,228,320,text_788,text_1},{0,28,269,320,text_746,text_1},{0,46,240,320,text_789,text_1},{0,34,212,320,text_790,text_1},{0,55,217,320,text_791,text_1},{0,46,251,320,text_792,text_1},{1,46,226,320,text_793,text_1},{0,40,243,320,text_794,text_1},{0,52,211,320,text_795,text_1},{0,16,291,320,text_796,text_1},{0,37,263,320,text_797,text_1},{0,75,217,320,text_798,text_1},{0,23,277,320,text_799,text_1},{0,44,237,320,text_800,text_1},{0,50,215,320,text_801,text_1},{0,24,291,320,text_684,text_1},{0,48,251,320,text_802,text_1},{0,27,277,320,text_803,text_1},{0,17,300,320,text_430,text_1},{0,105,186,320,text_804,text_1},{0,31,251,320,text_805,text_1},{0,22,251,320,text_366,text_1},{0,46,231,320,text_806,text_1},{0,57,251,320,text_649,text_1},{0,51,209,320,text_807,text_1},{0,44,214,320,text_808,text_1},{0,14,291,320,text_809,text_1},{0,34,268,320,text_810,text_1},{2,40,224,320,text_811,text_1},{5,52,231,320,text_812,text_1},{0,38,248,320,text_813,text_1},{0,49,243,320,text_814,text_1},{0,247,103,300,text_815,text_816},{0,32,283,320,text_731,text_1},{0,30,280,320,text_817,text_1},{2,66,180,320,text_818,text_1},{20,68,251,320,text_399,text_1},{0,96,114,320,text_819,text_1},{0,108,236,320,text_820,text_1},{0,57,194,320,text_821,text_1},{0,81,203,320,text_822,text_1},{0,34,260,320,text_823,text_1},{0,76,174,320,text_824,text_1},{7,49,234,320,text_825,text_1},{0,128,197,320,text_826,text_1},{3,38,271,320,text_827,text_1},{0,107,123,320,text_828,text_1},{3,115,114,300,text_829,text_830},{0,35,291,320,text_500,text_1},{0,43,228,320,text_831,text_1},{0,60,185,320,text_781,text_1},{6,41,251,320,text_832,text_1},{0,110,186,320,text_833,text_1},{0,153,163,320,text_834,text_1},{0,41,220,320,text_835,text_1},{4,68,245,320,text_836,text_1},{0,47,243,320,text_837,text_1},{0,54,223,320,text_838,text_1},{0,33,291,320,text_839,text_1},{0,33,294,320,text_840,text_1},{0,118,131,320,text_841,text_1},{0,39,265,320,text_842,text_1},{0,44,246,320,text_843,text_1},{0,27,257,320,text_844,text_1},{0,61,197,320,text_845,text_1},{0,82,144,320,text_846,text_1},{0,33,277,320,text_803,text_1},{0,33,280,320,text_847,text_1},{0,21,283,320,text_351,text_1},{3,91,161,320,text_848,text_1},{0,24,263,320,text_849,text_1},{0,68,174,320,text_850,text_1},{6,53,211,320,text_851,text_1},{0,45,269,320,text_511,text_1},{0,19,283,320,text_852,text_1},{5,33,263,320,text_388,text_1},{0,20,300,320,text_325,text_1},{0,59,226,320,text_853,text_1},{0,97,268,320,text_854,text_1},{0,73,223,320,text_855,text_1},{0,28,269,320,text_746,text_1},{3,47,235,320,text_856,text_1},{0,52,243,320,text_857,text_1},{0,88,225,320,text_858,text_1},{0,49,223,320,text_859,text_1},{0,53,217,320,text_860,text_1},{0,42,243,320,text_597,text_1},{2,55,277,320,text_861,text_1},{0,56,251,320,text_862,text_1},{0,39,291,320,text_863,text_1},{0,72,221,320,text_864,text_1},{0,41,300,320,text_865,text_1},{0,102,92,300,text_866,text_867},{0,110,117,320,text_868,text_1},{0,50,183,320,text_869,text_1},{0,61,172,320,text_870,text_1},{0,58,183,320,text_871,text_1},{0,61,280,320,text_776,text_1},{0,82,180,320,text_872,text_1},{0,59,214,320,text_873,text_1},{0,14,288,320,text_874,text_1},{0,45,263,320,text_875,text_1},{0,72,203,320,text_822,text_1},{0,9,306,320,text_876,text_1},{0,49,191,320,text_877,text_1},{0,47,260,320,text_661,text_1},{0,13,300,320,text_878,text_1},{0,84,211,320,text_879,text_1},{0,160,140,272,text_880,text_881},{9,82,276,320,text_882,text_1},{0,137,144,320,text_883,text_1},{0,42,220,320,text_835,text_1},{0,59,220,320,text_884,text_1},{0,130,106,283,text_885,text_886},{0,34,257,320,text_887,text_1},{1,17,277,320,text_888,text_1},{0,25,277,320,text_449,text_1},{0,52,254,320,text_889,text_1},{3,40,240,320,text_890,text_1},{0,28,255,320,text_891,text_1},{0,109,138,320,text_892,text_1},{0,53,197,320,text_845,text_1},{0,41,240,320,text_893,text_1},{0,37,285,320,text_465,text_1},{0,44,257,320,text_768,text_1},{0,30,271,320,text_894,text_1},{0,18,271,320,text_631,text_1},{1,41,271,320,text_895,text_1},{0,22,288,320,text_896,text_1},{0,73,189,320,text_897,text_1},{0,25,285,320,text_464,text_1},{0,26,280,320,text_898,text_1},{0,151,123,320,text_899,text_1},{2,31,263,320,text_900,text_1},{0,28,271,320,text_901,text_1},{0,26,280,320,text_420,text_1},{1,33,243,320,text_902,text_1},{0,63,183,320,text_903,text_1},{0,25,277,320,text_449,text_1},{0,26,271,320,text_631,text_1},{0,15,300,320,text_430,text_1},{0,54,283,320,text_351,text_1},{0,23,300,320,text_904,text_1},{0,56,237,320,text_905,text_1},{0,38,228,320,text_906,text_1},{0,28,271,320,text_907,text_1},{0,37,268,320,text_908,text_1},{0,28,271,320,text_909,text_1},{0,19,300,320,text_11,text_1},{0,79,163,320,text_910,text_1},{0,113,117,320,text_911,text_1},{3,49,237,320,text_912,text_1},{0,49,220,320,text_913,text_1},{0,63,220,320,text_914,text_1},{0,56,211,320,text_915,text_1},{0,51,211,320,text_916,text_1},{10,38,263,320,text_917,text_1},{0,17,288,320,text_736,text_1},{9,42,288,320,text_918,text_1},{0,98,132,320,text_919,text_1},{0,52,205,320,text_920,text_1},{0,43,260,320,text_921,text_1},{0,18,291,320,text_922,text_1},{41,66,300,320,text_923,text_1},{35,91,226,320,text_450,text_1},{0,53,225,320,text_924,text_1},{0,86,160,320,text_925,text_1},{0,64,183,320,text_926,text_1},{2,51,223,320,text_927,text_1},{1,17,300,320,text_430,text_1},{0,54,257,320,text_928,text_1},{0,44,220,320,text_929,text_1},{0,32,263,320,text_930,text_1},{0,34,260,320,text_708,text_1},{2,63,194,320,text_931,text_1},{0,51,265,320,text_932,text_1},{0,37,206,320,text_933,text_1},{36,128,276,320,text_882,text_1},{0,87,174,320,text_934,text_1},{0,27,251,320,text_935,text_1},{0,38,260,320,text_936,text_1},{0,49,201,320,text_937,text_1},{2,62,220,320,text_884,text_1},{0,63,217,320,text_938,text_1},{0,97,135,320,text_939,text_1},{0,32,251,320,text_940,text_1},{0,90,138,320,text_892,text_1},{0,67,254,320,text_941,text_1},{0,43,223,320,text_927,text_1},{4,53,208,320,text_942,text_1},{0,30,291,320,text_684,text_1},{0,52,218,320,text_943,text_1},{0,94,135,320,text_944,text_1},{0,19,291,320,text_945,text_1},{0,23,280,320,text_946,text_1},{0,28,283,320,text_514,text_1},{0,18,280,320,text_947,text_1},{0,49,227,320,text_948,text_1},{2,49,291,320,text_500,text_1},{2,19,291,320,text_949,text_1},{0,41,246,320,text_950,text_1},{0,22,269,320,text_746,text_1},{9,24,289,320,text_951,text_1},{6,26,300,320,text_361,text_1},{6,62,251,320,text_952,text_1},{0,55,231,320,text_953,text_1},{2,47,218,320,text_943,text_1},{0,63,197,320,text_954,text_1},{0,48,238,320,text_955,text_1},{5,69,181,320,text_956,text_1},{0,56,240,320,text_957,text_1},{1,16,283,320,text_405,text_1},{0,39,248,320,text_958,text_1},{0,182,109,320,text_959,text_1},{0,68,227,320,text_960,text_1},{0,59,197,320,text_961,text_1},{0,104,134,320,text_962,text_1},{5,36,206,320,text_963,text_1},{6,21,300,320,text_964,text_1},{0,101,157,320,text_965,text_1},{0,52,221,320,text_966,text_1},{0,36,257,320,text_967,text_1},{8,41,243,320,text_670,text_1},{6,24,280,320,text_968,text_1},{0,18,288,320,text_445,text_1},{0,59,212,320,text_969,text_1},{54,97,269,320,text_970,text_1},{0,44,262,320,text_971,text_1},{0,48,220,320,text_972,text_1},{0,29,251,320,text_935,text_1},{0,22,300,320,text_430,text_1},{0,74,218,320,text_973,text_1},{2,84,151,320,text_974,text_1},{7,136,128,320,text_975,text_1},{0,22,260,320,text_976,text_1},{1,57,228,320,text_977,text_1},{0,53,260,320,text_978,text_1},{15,49,234,320,text_979,text_1},{0,22,300,320,text_361,text_1},{0,50,234,320,text_980,text_1},{2,44,291,320,text_500,text_1},{0,51,200,320,text_981,text_1},{0,71,191,320,text_660,text_1},{0,19,277,320,text_982,text_1},{0,52,218,320,text_983,text_1},{0,25,280,320,text_984,text_1},{1,30,240,320,text_453,text_1},{0,42,257,320,text_887,text_1},{0,43,238,320,text_955,text_1},{2,37,231,320,text_985,text_1},{0,22,300,320,text_11,text_1},{0,52,246,320,text_548,text_1},{3,45,263,320,text_986,text_1},{0,60,220,320,text_987,text_1},{0,15,291,320,text_988,text_1},{0,42,268,320,text_989,text_1},{0,19,300,320,text_361,text_1},{0,47,281,320,text_990,text_1},{0,44,263,320,text_991,text_1},{0,36,283,320,text_405,text_1},{1,59,266,320,text_992,text_1},{0,14,291,320,text_406,text_1},{0,86,183,320,text_993,text_1},{0,50,228,320,text_994,text_1},{0,95,203,320,text_995,text_1},{70,100,294,320,text_996,text_1},{1,49,268,320,text_997,text_1},{0,49,260,320,text_921,text_1},{4,28,277,320,text_998,text_1},{0,78,181,320,text_999,text_1},{0,32,271,320,text_1000,text_1},{0,72,183,320,text_926,text_1},{0,109,126,320,text_1001,text_1},{0,36,255,320,text_891,text_1},{0,32,246,320,text_950,text_1},{0,71,183,320,text_1002,text_1},{0,48,288,320,text_1003,text_1},{0,21,271,320,text_1004,text_1},{0,61,177,320,text_1005,text_1},{0,38,251,320,text_1006,text_1},{0,69,177,320,text_1005,text_1},{0,72,177,320,text_1007,text_1},{2,10,286,320,text_1008,text_1},{0,136,132,320,text_1009,text_1},{0,38,266,320,text_1010,text_1},{1,19,291,320,text_500,text_1},{0,77,181,320,text_999,text_1},{0,22,278,320,text_635,text_1},{2,32,300,320,text_430,text_1},{12,34,288,320,text_1011,text_1},{3,38,260,320,text_661,text_1},{0,39,235,320,text_586,text_1},{3,69,266,320,text_1012,text_1},{0,76,131,320,text_1013,text_1},{0,35,268,320,text_1014,text_1},{0,84,149,320,text_1015,text_1},{0,43,231,320,text_806,text_1},{0,122,112,320,text_1016,text_1},{5,41,260,320,text_1017,text_1},{0,9,300,320,text_430,text_1},{3,70,191,320,text_660,text_1},{0,51,243,320,text_597,text_1},{0,17,300,320,text_612,text_1},{0,41,223,320,text_620,text_1},{0,107,103,320,text_1018,text_1},{6,53,234,320,text_628,text_1},{0,58,212,320,text_672,text_1},{0,32,254,320,text_1019,text_1},{0,50,177,320,text_1020,text_1},{0,51,234,320,text_979,text_1},{1,89,126,320,text_1021,text_1},{28,76,258,320,text_1022,text_1},{0,32,269,320,text_746,text_1},{0,19,277,320,text_1023,text_1},{0,29,291,320,text_608,text_1},{0,149,112,243,text_1024,text_1025},{0,29,271,320,text_1000,text_1},{0,53,240,320,text_1026,text_1},{0,47,251,320,text_1027,text_1},{0,54,192,320,text_443,text_1},{0,19,291,320,text_326,text_1},{0,54,266,320,text_992,text_1},{0,31,251,320,text_1028,text_1},{0,49,254,320,text_1029,text_1},{0,27,278,320,text_635,text_1},{0,172,97,269,text_1030,text_1031},{3,51,263,320,text_1032,text_1},{0,46,220,320,text_1033,text_1},{0,15,300,320,text_612,text_1},{34,50,291,320,text_1034,text_1},{0,95,168,320,text_1035,text_1},{0,73,217,320,text_1036,text_1},{3,50,221,320,text_966,text_1},{0,40,277,320,text_1037,text_1},{0,71,217,320,text_1038,text_1},{19,58,246,320,text_950,text_1},{4,39,243,320,text_670,text_1},{0,47,241,320,text_1039,text_1},{2,59,280,320,text_1040,text_1},{1,44,268,320,text_1041,text_1},{0,74,183,320,text_1042,text_1},{0,35,260,320,text_1043,text_1},{3,51,280,320,text_1044,text_1},{4,16,274,320,text_1045,text_1},{0,85,206,320,text_1046,text_1},{4,64,254,320,text_1047,text_1},{0,22,288,320,text_896,text_1},{0,43,248,320,text_1048,text_1},{0,93,134,320,text_1049,text_1},{0,115,126,320,text_1050,text_1},{0,58,234,320,text_1051,text_1},{0,44,223,320,text_1052,text_1},{0,99,158,320,text_1053,text_1},{0,32,258,320,text_1054,text_1},{0,31,269,320,text_746,text_1},{0,56,260,320,text_823,text_1},{0,54,240,320,text_1055,text_1},{0,30,280,320,text_1056,text_1},{0,73,211,320,text_1057,text_1},{0,41,257,320,text_887,text_1},{0,54,217,320,text_1058,text_1},{0,81,235,320,text_1059,text_1},{1,58,243,320,text_1060,text_1},{0,52,251,320,text_1061,text_1},{2,97,183,320,text_1062,text_1},{0,31,269,320,text_746,text_1},{4,62,285,320,text_1063,text_1},{0,72,228,320,text_994,text_1},{0,67,174,320,text_850,text_1},{0,38,211,320,text_1064,text_1},{0,160,285,320,text_1065,text_1},{0,31,251,320,text_1066,text_1},{0,100,103,320,text_1018,text_1},{0,85,217,320,text_1067,text_1},{0,59,212,320,text_672,text_1},{0,21,283,320,text_405,text_1},{0,21,291,320,text_1068,text_1},{2,19,289,320,text_1069,text_1},{0,78,197,320,text_1070,text_1},{0,29,288,320,text_1071,text_1},{0,65,203,320,text_1072,text_1},{0,24,277,320,text_1073,text_1},{0,45,231,320,text_1074,text_1},{0,17,291,320,text_728,text_1},{0,28,248,320,text_1075,text_1},{0,80,169,320,text_1076,text_1},{0,125,160,320,text_1077,text_1},{5,32,251,320,text_1078,text_1},{10,48,257,320,text_486,text_1},{7,92,126,320,text_1001,text_1},{3,36,268,320,text_1079,text_1},{0,32,294,320,text_309,text_1},{0,42,291,320,text_1080,text_1},{0,50,294,320,text_1081,text_1},{0,10,308,320,text_1082,text_1},{0,58,218,320,text_1083,text_1},{0,35,268,320,text_1084,text_1},{0,52,206,320,text_1085,text_1},{3,47,258,320,text_1086,text_1},{0,19,291,320,text_728,text_1},{0,16,283,320,text_308,text_1},{0,54,238,320,text_1087,text_1},{0,16,289,320,text_1088,text_1},{0,12,277,320,text_888,text_1},{0,48,237,320,text_1089,text_1},{6,34,271,320,text_1090,text_1},{0,45,206,320,text_1091,text_1},{0,32,243,320,text_344,text_1},{0,74,191,320,text_1092,text_1},{2,32,266,320,text_1093,text_1},{0,51,217,320,text_1058,text_1},{0,18,275,320,text_316,text_1},{0,46,243,320,text_1094,text_1},{0,69,251,320,text_650,text_1},{0,99,211,320,text_1095,text_1},{0,66,226,320,text_1096,text_1},{0,45,225,320,text_1097,text_1},{0,16,291,320,text_728,text_1},{0,70,183,320,text_1098,text_1},{0,49,267,320,text_1099,text_1},{0,15,291,320,text_988,text_1},{0,40,266,320,text_1100,text_1},{0,13,291,320,text_560,text_1},{0,98,106,320,text_1101,text_1},{1,22,274,320,text_1102,text_1},{0,16,300,320,text_510,text_1},{0,65,174,320,text_850,text_1},{2,21,280,320,text_473,text_1},{0,33,226,320,text_695,text_1},{0,72,206,320,text_1103,text_1},{0,46,200,320,text_1104,text_1},{0,63,172,320,text_1105,text_1},{0,23,286,320,text_1106,text_1},{0,35,246,320,text_1107,text_1},{0,13,300,320,text_325,text_1},{12,56,251,320,text_1108,text_1},{0,52,211,320,text_851,text_1},{0,40,246,320,text_1109,text_1},{0,58,234,320,text_1051,text_1},{8,64,243,320,text_1110,text_1},{0,17,277,320,text_1023,text_1},{0,25,271,320,text_1111,text_1},{0,35,254,320,text_1112,text_1},{7,50,257,320,text_1113,text_1},{7,48,238,320,text_387,text_1},{0,19,291,320,text_1034,text_1},{0,19,300,320,text_325,text_1},{5,50,248,320,text_1075,text_1},{0,55,231,320,text_1114,text_1},{0,23,263,320,text_1115,text_1},{0,115,164,320,text_1116,text_1},{0,143,163,320,text_1117,text_1},{0,33,260,320,text_1118,text_1},{1,38,223,320,text_1119,text_1},{0,25,271,320,text_1120,text_1},{9,53,257,320,text_486,text_1},{0,42,283,320,text_1121,text_1},{0,110,114,291,text_1122,text_1123},{2,32,265,320,text_1124,text_1},{0,100,123,320,text_1125,text_1},{0,89,183,320,text_1126,text_1},{0,88,92,320,text_1127,text_1},{0,46,223,320,text_1128,text_1},{0,35,278,320,text_640,text_1},{3,55,257,320,text_1129,text_1},{1,43,220,320,text_835,text_1},{0,111,123,320,text_1130,text_1},{0,15,283,320,text_308,text_1},{0,171,108,234,text_1131,text_1132},{0,58,194,320,text_1133,text_1},{0,37,255,320,text_1134,text_1},{0,66,204,320,text_1135,text_1},{0,28,251,320,text_366,text_1},{0,41,221,320,text_380,text_1},{2,50,237,320,text_1136,text_1},{0,29,223,320,text_1137,text_1},{0,34,243,320,text_597,text_1},{1,103,171,320,text_1138,text_1},{0,93,183,320,text_1098,text_1},{0,101,204,320,text_1139,text_1},{3,52,217,320,text_1140,text_1},{0,22,300,320,text_923,text_1},{4,30,266,320,text_1100,text_1},{0,32,291,320,text_500,text_1},{0,33,278,320,text_635,text_1},{0,14,300,320,text_510,text_1},{0,60,191,320,text_1141,text_1},{0,21,283,320,text_376,text_1},{4,28,257,320,text_1142,text_1},{0,43,240,320,text_1143,text_1},{0,73,186,320,text_1144,text_1},{0,13,300,320,text_325,text_1},{0,31,237,320,text_525,text_1},{0,21,283,320,text_405,text_1},{0,65,229,320,text_1145,text_1},{0,60,192,320,text_1146,text_1},{0,39,269,320,text_1147,text_1},{9,38,280,320,text_1044,text_1},{0,145,94,320,text_1148,text_1},{0,25,277,320,text_1073,text_1},{0,25,263,320,text_1149,text_1},{0,36,261,320,text_1150,text_1},{3,36,283,320,text_1151,text_1},{0,21,291,320,text_922,text_1},{0,80,223,320,text_1152,text_1},{0,56,217,320,text_1153,text_1},{3,13,300,320,text_1154,text_1},{0,26,257,320,text_844,text_1},{6,36,243,320,text_1155,text_1},{0,33,263,320,text_1156,text_1},{0,19,288,320,text_1157,text_1},{0,60,234,320,text_1158,text_1},{0,46,225,320,text_1159,text_1},{1,27,291,320,text_684,text_1},{0,15,274,320,text_1160,text_1},{1,50,221,320,text_372,text_1},{1,145,254,320,text_1161,text_1},{0,26,283,320,text_1162,text_1},{0,32,262,320,text_1163,text_1},{0,33,238,320,text_38,text_1},{0,31,254,320,text_1164,text_1},{0,22,271,320,text_1165,text_1},{0,45,234,320,text_1166,text_1},{0,104,106,291,text_1167,text_1168},{0,62,180,320,text_1169,text_1},{1,16,300,320,text_627,text_1},{1,35,265,320,text_414,text_1},{0,38,217,320,text_1170,text_1},{0,66,228,320,text_1171,text_1},{1,166,92,186,text_1172,text_1173},{0,26,234,320,text_1174,text_1},{0,20,291,320,text_728,text_1},{8,31,271,320,text_418,text_1},{0,38,214,320,text_554,text_1},{0,39,234,320,text_1175,text_1},{0,43,224,320,text_811,text_1},{0,27,280,320,text_1056,text_1},{0,31,257,320,text_1176,text_1},{0,69,242,320,text_1177,text_1},{0,49,234,320,text_1178,text_1},{0,21,277,320,text_1023,text_1},{0,29,255,320,text_891,text_1},{1,64,177,320,text_1179,text_1},{0,18,291,320,text_1180,text_1},{0,29,246,320,text_843,text_1},{0,28,271,320,text_513,text_1},{0,13,277,320,text_888,text_1},{0,21,251,320,text_366,text_1},{0,16,300,320,text_430,text_1},{6,36,248,320,text_1181,text_1},{0,95,174,320,text_1182,text_1},{0,77,220,320,text_1183,text_1},{0,16,280,320,text_1184,text_1},{0,48,232,320,text_439,text_1},{0,42,246,320,text_606,text_1},{0,35,254,320,text_1185,text_1},{0,85,205,320,text_1186,text_1},{4,94,248,320,text_1187,text_1},{0,35,238,320,text_1188,text_1},{4,29,308,320,text_1189,text_1},{3,49,217,320,text_1190,text_1},{0,130,112,300,text_1191,text_1192},{0,54,221,320,text_1193,text_1},{0,55,201,320,text_1194,text_1},{0,26,252,320,text_1195,text_1},{0,90,151,320,text_1196,text_1},{0,30,271,320,text_418,text_1},{0,28,280,320,text_1197,text_1},{0,83,163,320,text_1198,text_1},{0,69,155,320,text_1199,text_1},{0,18,300,320,text_1200,text_1},{0,62,220,320,text_914,text_1},{0,75,223,320,text_1152,text_1},{0,114,186,320,text_804,text_1},{0,33,291,320,text_1201,text_1},{0,111,123,283,text_1202,text_1203},{0,19,291,320,text_809,text_1},{7,17,291,320,text_1204,text_1},{0,88,211,320,text_1205,text_1},{0,16,291,320,text_988,text_1},{1,100,154,320,text_1206,text_1},{0,44,274,320,text_1207,text_1},{0,87,169,320,text_1208,text_1},{0,100,106,291,text_1167,text_1168},{0,62,237,320,text_1209,text_1},{1,52,245,320,text_1210,text_1},{3,48,265,320,text_414,text_1},{0,18,280,320,text_1211,text_1},{0,86,117,320,text_1212,text_1},{1,18,289,320,text_1069,text_1},{0,32,248,320,text_1213,text_1},{0,80,260,320,text_1214,text_1},{0,43,257,320,text_1215,text_1},{0,49,215,320,text_801,text_1},{0,16,291,320,text_728,text_1},{0,50,268,320,text_1216,text_1},{6,96,92,300,text_866,text_867},{0,20,283,320,text_477,text_1},{0,95,169,320,text_1217,text_1},{19,58,240,320,text_1218,text_1},{0,34,285,320,text_465,text_1},{0,52,183,320,text_1219,text_1},{0,23,283,320,text_783,text_1},{34,65,260,320,text_1220,text_1},{0,31,237,320,text_525,text_1},{1,53,222,320,text_1221,text_1},{1,52,251,320,text_673,text_1},{0,32,248,320,text_1213,text_1},{0,52,223,320,text_1222,text_1},{0,45,234,320,text_979,text_1},{0,59,222,320,text_1221,text_1},{0,44,280,320,text_1223,text_1},{0,19,283,320,text_535,text_1},{3,114,151,320,text_1224,text_1},{0,32,251,320,text_1225,text_1},{0,22,274,320,text_1226,text_1},{0,48,235,320,text_1227,text_1},{0,66,231,320,text_532,text_1},{0,17,283,320,text_1228,text_1},{0,67,191,320,text_1229,text_1},{0,163,109,300,text_1230,text_1231},{0,49,231,320,text_1232,text_1},{0,38,231,320,text_1233,text_1},{0,16,300,320,text_1234,text_1},{0,47,226,320,text_1235,text_1},{0,17,291,320,text_500,text_1},{0,31,277,320,text_1023,text_1},{1,52,221,320,text_372,text_1},{0,18,288,320,text_896,text_1},{0,34,240,320,text_1236,text_1},{0,44,189,320,text_1237,text_1},{2,79,192,320,text_508,text_1},{0,43,251,320,text_1238,text_1},{0,53,231,320,text_1239,text_1},{0,87,169,320,text_1240,text_1},{0,70,203,320,text_1241,text_1},{0,32,280,320,text_1242,text_1},{0,28,271,320,text_513,text_1},{0,60,214,320,text_1243,text_1},{0,31,251,320,text_399,text_1},{0,97,154,320,text_1206,text_1},{0,80,243,320,text_1244,text_1},{0,56,223,320,text_1245,text_1},{5,147,208,320,text_1246,text_1},{0,47,285,320,text_1247,text_1},{0,18,280,320,text_1211,text_1},{0,6,300,320,text_564,text_1},{11,34,291,320,text_712,text_1},{6,157,92,186,text_1172,text_1173},{0,45,234,320,text_1248,text_1},{0,24,268,320,text_1249,text_1},{0,25,291,320,text_417,text_1},{0,35,263,320,text_716,text_1},{6,27,291,320,text_949,text_1},{64,100,243,320,text_1250,text_1},{1,14,291,320,text_684,text_1},{1,72,203,320,text_1251,text_1},{0,62,266,320,text_1252,text_1},{7,34,283,320,text_477,text_1},{0,37,291,320,text_712,text_1},{0,34,260,320,text_1253,text_1},{9,38,246,320,text_1254,text_1},{4,36,254,320,text_1255,text_1},{0,65,238,320,text_38,text_1},{0,21,271,320,text_1256,text_1},{0,60,231,320,text_1257,text_1},{2,64,214,320,text_1258,text_1},{0,47,257,320,text_1113,text_1},{0,46,251,320,text_673,text_1},{0,74,180,320,text_1259,text_1},{0,22,280,320,text_473,text_1},{0,78,211,320,text_1260,text_1},{0,42,248,320,text_1261,text_1},{0,116,169,320,text_1262,text_1},{0,16,291,320,text_684,text_1},{0,36,251,320,text_1263,text_1},{4,58,277,320,text_1264,text_1},{5,36,257,320,text_1265,text_1},{0,28,291,320,text_1266,text_1},{0,37,251,320,text_1267,text_1},{0,25,297,320,text_1268,text_1},{0,25,280,320,text_1269,text_1},{0,72,191,320,text_1270,text_1},{8,50,271,320,text_1271,text_1},{0,17,291,320,text_608,text_1},{0,58,271,320,text_1271,text_1},{0,15,291,320,text_500,text_1},{0,27,258,320,text_1272,text_1},{0,17,291,320,text_728,text_1},{0,42,257,320,text_1273,text_1},{0,60,226,320,text_1274,text_1},{3,71,175,320,text_1275,text_1},{2,29,280,320,text_318,text_1},{0,29,285,320,text_464,text_1},{5,42,263,320,text_1276,text_1},{2,52,210,320,text_1277,text_1},{0,24,277,320,text_449,text_1},{0,68,209,320,text_744,text_1},{0,91,157,320,text_1278,text_1},{0,31,271,320,text_901,text_1},{0,33,271,320,text_1279,text_1},{0,27,288,320,text_1280,text_1},{1,53,237,320,text_905,text_1},{5,35,271,320,text_513,text_1},{0,28,263,320,text_1281,text_1},{0,56,283,320,text_308,text_1},{8,47,271,320,text_418,text_1},{7,27,257,320,text_1142,text_1},{0,34,251,320,text_399,text_1},{0,94,163,320,text_1282,text_1},{0,111,137,320,text_1283,text_1},{0,45,214,320,text_574,text_1},{0,77,220,320,text_1284,text_1},{0,101,166,320,text_1285,text_1},{0,60,200,320,text_1286,text_1},{0,48,251,320,text_1287,text_1},{0,28,251,320,text_1225,text_1},{0,91,108,320,text_1288,text_1},{0,29,285,320,text_464,text_1},{0,44,280,320,text_1289,text_1},{0,106,171,320,text_1290,text_1},{0,41,243,320,text_597,text_1},{0,58,287,320,text_1291,text_1},{0,53,184,320,text_1292,text_1},{0,17,280,320,text_1211,text_1},{0,59,280,320,text_1044,text_1},{0,19,291,320,text_1293,text_1},{0,54,237,320,text_1294,text_1},{0,56,215,320,text_1295,text_1},{0,37,251,320,text_1296,text_1},{0,49,250,320,text_1297,text_1},{0,71,218,320,text_1298,text_1},{0,48,237,320,text_1299,text_1},{0,95,117,320,text_1300,text_1},{0,37,283,320,text_505,text_1},{2,166,95,251,text_1301,text_1302},{0,48,223,320,text_1303,text_1},{0,54,214,320,text_362,text_1},{6,49,257,320,text_486,text_1},{0,62,220,320,text_710,text_1},{0,15,300,320,text_1304,text_1},{0,54,254,320,text_1305,text_1},{0,74,154,320,text_1306,text_1},{0,37,257,320,text_1307,text_1},{0,155,120,320,text_1308,text_1},{0,91,100,320,text_1309,text_1},{0,9,300,320,text_11,text_1},{0,29,280,320,text_665,text_1},{0,37,243,320,text_1310,text_1},{0,283,106,172,text_1311,text_1312},{0,55,240,320,text_555,text_1},{0,51,210,320,text_1277,text_1},{0,30,271,320,text_1313,text_1},{0,19,291,320,text_728,text_1},{0,32,269,320,text_746,text_1},{0,24,285,320,text_464,text_1},{0,78,144,320,text_1314,text_1},{0,64,223,320,text_1303,text_1},{0,13,291,320,text_406,text_1},{16,30,294,320,text_309,text_1},{0,24,277,320,text_799,text_1},{0,79,237,320,text_1315,text_1},{3,82,190,320,text_1316,text_1},{0,54,240,320,text_774,text_1},{0,27,248,320,text_1317,text_1},{0,119,203,320,text_1318,text_1},{0,50,225,320,text_1319,text_1},{0,73,200,320,text_1320,text_1},{0,25,271,320,text_418,text_1},{0,128,96,251,text_1321,text_1322},{0,105,135,320,text_1323,text_1},{0,35,229,320,text_1324,text_1},{0,39,234,320,text_1325,text_1},{8,20,288,320,text_368,text_1},{2,36,285,320,text_464,text_1},{1,56,237,320,text_1326,text_1},{0,113,149,320,text_1327,text_1},{3,35,271,320,text_827,text_1},{0,14,291,320,text_728,text_1},{0,36,246,320,text_1328,text_1},{2,78,239,320,text_1329,text_1},{0,74,218,320,text_1298,text_1},{0,97,192,320,text_1330,text_1},{1,71,223,320,text_1331,text_1},{0,42,254,320,text_1332,text_1},{0,21,291,320,text_1201,text_1},{0,28,278,320,text_635,text_1},{0,60,234,320,text_1333,text_1},{0,14,300,320,text_325,text_1},{0,65,162,320,text_1334,text_1},{0,54,220,320,text_1335,text_1},{0,65,173,320,text_1336,text_1},{6,50,280,320,text_1242,text_1},{0,30,280,320,text_473,text_1},{4,45,283,320,text_514,text_1},{0,92,237,320,text_1337,text_1},{0,48,223,320,text_1222,text_1},{0,30,252,320,text_1195,text_1},{0,56,254,320,text_1338,text_1},{0,117,120,320,text_1308,text_1},{0,50,197,320,text_1339,text_1},{2,28,291,320,text_1340,text_1},{0,55,214,320,text_1341,text_1},{0,213,106,206,text_1311,text_1342},{0,37,283,320,text_1343,text_1},{0,10,300,320,text_1344,text_1},{3,37,260,320,text_823,text_1},{0,35,268,320,text_1345,text_1},{0,110,199,320,text_1346,text_1},{0,97,174,320,text_1347,text_1},{0,50,197,320,text_1348,text_1},{0,85,198,320,text_1349,text_1},{0,53,234,320,text_1350,text_1},{3,47,263,320,text_1351,text_1},{0,50,203,320,text_442,text_1},{0,39,217,320,text_1352,text_1},{0,115,103,300,text_1353,text_1354},{4,27,278,320,text_717,text_1},{0,48,195,320,text_331,text_1},{0,29,271,320,text_1355,text_1},{3,38,271,320,text_1356,text_1},{0,51,217,320,text_1357,text_1},{0,58,263,320,text_1358,text_1},{0,50,223,320,text_1359,text_1},{0,25,280,320,text_1242,text_1},{22,117,186,320,text_804,text_1},{0,17,283,320,text_1360,text_1},{0,22,308,320,text_1361,text_1},{0,116,183,320,text_1362,text_1},{0,66,245,320,text_836,text_1},{0,76,195,320,text_1363,text_1},{0,45,246,320,text_606,text_1},{0,19,280,320,text_1364,text_1},{0,51,220,320,text_1365,text_1},{0,70,262,320,text_1366,text_1},{1,40,245,320,text_1367,text_1},{0,18,300,320,text_1368,text_1},{0,35,300,320,text_686,text_1},{0,59,200,320,text_1369,text_1},{0,71,209,320,text_1370,text_1},{0,83,162,320,text_1334,text_1},{0,56,283,320,text_1371,text_1},{0,57,220,320,text_1372,text_1},{0,40,234,320,text_1373,text_1},{8,41,278,320,text_635,text_1},{0,44,241,320,text_1374,text_1},{0,32,260,320,text_369,text_1},{0,103,154,320,text_1375,text_1},{0,26,254,320,text_1255,text_1},{0,54,211,320,text_1376,text_1},{0,22,291,320,text_432,text_1},{0,71,177,320,text_1007,text_1},{0,38,281,320,text_1377,text_1},{0,36,271,320,text_516,text_1},{0,82,237,320,text_1378,text_1},{0,16,289,320,text_1088,text_1},{4,134,97,320,text_1379,text_1},{0,69,174,320,text_1380,text_1},{1,40,248,320,text_1048,text_1},{0,68,177,320,text_1005,text_1},{3,24,278,320,text_1381,text_1},{0,27,291,320,text_1340,text_1},{0,50,226,320,text_1382,text_1},{0,22,291,320,text_1383,text_1},{3,52,240,320,text_1384,text_1},{0,48,243,320,text_1385,text_1},{0,34,278,320,text_640,text_1},{7,42,260,320,text_921,text_1},{6,58,183,320,text_1386,text_1},{52,107,240,320,text_1387,text_1},{4,82,178,320,text_663,text_1},{2,48,241,320,text_610,text_1},{0,17,291,320,text_500,text_1},{0,37,251,320,text_517,text_1},{0,58,211,320,text_1388,text_1},{4,52,263,320,text_1358,text_1},{0,60,268,320,text_1389,text_1},{11,29,283,320,text_1162,text_1},{20,64,218,320,text_1390,text_1},{0,39,277,320,text_1391,text_1},{0,15,291,320,text_406,text_1},{0,82,178,320,text_663,text_1},{0,40,222,320,text_1221,text_1},{0,80,169,320,text_1076,text_1},{7,48,263,320,text_1392,text_1},{0,64,226,320,text_1393,text_1},{0,52,220,320,text_1394,text_1},{1,40,300,320,text_686,text_1},{0,21,263,320,text_1395,text_1},{0,58,217,320,text_1396,text_1},{3,126,126,320,text_1397,text_1},{0,96,146,320,text_1398,text_1},{1,55,263,320,text_1399,text_1},{2,84,183,320,text_1400,text_1},{0,125,123,283,text_1202,text_1203},{8,23,291,320,text_432,text_1},{13,93,223,320,text_1401,text_1},{0,21,271,320,text_901,text_1},{0,34,263,320,text_1402,text_1},{10,51,268,320,text_908,text_1},{0,59,201,320,text_1403,text_1},{0,23,294,320,text_309,text_1},{0,129,106,320,text_1404,text_1},{11,64,251,320,text_1405,text_1},{0,101,172,320,text_1406,text_1},{0,41,235,320,text_747,text_1},{0,27,281,320,text_128,text_1},{0,35,245,320,text_1407,text_1},{0,69,164,320,text_1408,text_1},{4,36,229,320,text_1409,text_1},{0,23,280,320,text_946,text_1},{1,23,263,320,text_1410,text_1},{0,33,271,320,text_1000,text_1},{0,32,271,320,text_516,text_1},{2,85,172,320,text_1411,text_1},{0,19,271,320,text_901,text_1},{0,117,165,320,text_1412,text_1},{0,41,234,320,text_1175,text_1},{0,71,214,320,text_1413,text_1},{1,28,271,320,text_1256,text_1},{0,30,288,320,text_736,text_1},{10,114,158,320,text_1414,text_1},{0,56,231,320,text_1415,text_1},{0,40,271,320,text_1416,text_1},{2,51,234,320,text_1175,text_1},{0,63,209,320,text_1417,text_1},{0,34,263,320,text_1418,text_1},{3,23,280,320,text_1419,text_1},{0,21,291,320,text_782,text_1},{0,67,200,320,text_1420,text_1},{0,33,280,320,text_1242,text_1},{16,94,211,320,text_1421,text_1},{0,110,177,320,text_1422,text_1},{0,51,268,320,text_1423,text_1},{0,102,209,320,text_1424,text_1},{6,34,291,320,text_1425,text_1},{1,25,258,320,text_1426,text_1},{0,93,171,320,text_1427,text_1},{0,82,178,320,text_663,text_1},{0,24,263,320,text_1428,text_1},{0,13,286,320,text_707,text_1},{2,52,214,320,text_1429,text_1},{0,40,271,320,text_1430,text_1},{0,49,260,320,text_1431,text_1},{0,30,288,320,text_632,text_1},{0,20,291,320,text_922,text_1},{0,65,220,320,text_1432,text_1},{0,30,260,320,text_1433,text_1},{0,28,259,320,text_1434,text_1},{0,25,263,320,text_1410,text_1},{0,135,98,320,text_1435,text_1},{0,66,223,320,text_1436,text_1},{0,48,200,320,text_1437,text_1},{0,35,269,320,text_1438,text_1},{0,51,194,320,text_1439,text_1},{0,48,237,320,text_1440,text_1},{0,62,237,320,text_905,text_1},{0,63,240,320,text_1441,text_1},{0,20,294,320,text_309,text_1},{0,33,257,320,text_1442,text_1},{6,45,214,320,text_1443,text_1},{0,85,180,320,text_1444,text_1},{5,41,260,320,text_1043,text_1},{0,30,254,320,text_1445,text_1},{0,23,263,320,text_1446,text_1},{8,67,211,320,text_1447,text_1},{0,28,271,320,text_516,text_1},{0,61,188,320,text_1448,text_1},{0,11,300,320,text_325,text_1},{0,30,271,320,text_1449,text_1},{8,22,294,320,text_840,text_1},{5,104,158,320,text_1414,text_1},{1,49,232,320,text_1450,text_1},{0,35,231,320,text_1451,text_1},{3,50,215,320,text_801,text_1},{0,54,214,320,text_1452,text_1},{0,28,251,320,text_366,text_1},{0,52,214,320,text_1452,text_1},{0,13,291,320,text_500,text_1},{0,7,298,320,text_1453,text_1},{0,107,166,320,text_1454,text_1},{0,32,238,320,text_1455,text_1},{0,23,291,320,text_1456,text_1},{32,144,169,320,text_763,text_1},{0,65,194,320,text_1457,text_1},{0,48,224,320,text_811,text_1},{3,28,300,320,text_361,text_1},{1,45,214,320,text_554,text_1},{0,73,177,320,text_1458,text_1},{7,20,300,320,text_1344,text_1},{0,12,286,320,text_707,text_1},{0,25,280,320,text_1459,text_1},{1,119,104,320,text_1460,text_1},{0,36,280,320,text_946,text_1},{0,36,237,320,text_1089,text_1},{0,62,268,320,text_1249,text_1},{0,79,234,320,text_1461,text_1},{0,82,180,320,text_1462,text_1},{0,83,206,320,text_1046,text_1},{0,22,291,320,text_1463,text_1},{2,49,222,320,text_1221,text_1},{0,19,291,320,text_922,text_1},{0,59,243,320,text_1464,text_1},{0,27,271,320,text_1465,text_1},{0,125,137,320,text_1466,text_1},{0,29,271,320,text_1467,text_1},{0,77,188,320,text_1468,text_1},{2,36,214,320,text_554,text_1},{0,68,158,320,text_1469,text_1},{0,28,246,320,text_1470,text_1},{0,39,263,320,text_930,text_1},{0,51,197,320,text_1471,text_1},{0,54,229,320,text_1472,text_1},{0,26,268,320,text_1473,text_1},{0,32,277,320,text_550,text_1},{0,47,268,320,text_1474,text_1},{4,18,300,320,text_1304,text_1},{0,90,160,320,text_1475,text_1},{6,41,291,320,text_1180,text_1},{0,56,221,320,text_1476,text_1},{0,52,209,320,text_1477,text_1},{0,68,140,320,text_1478,text_1},{0,42,271,320,text_1479,text_1},{0,105,217,320,text_1480,text_1},{2,93,186,320,text_1481,text_1},{0,86,183,320,text_1482,text_1},{5,36,274,320,text_392,text_1},{8,49,211,320,text_851,text_1},{0,50,238,320,text_1483,text_1},{0,35,243,320,text_597,text_1},{0,55,174,320,text_1484,text_1},{0,88,160,320,text_1485,text_1},{0,46,243,320,text_1486,text_1},{1,22,288,320,text_1487,text_1},{0,78,183,320,text_1488,text_1},{3,58,180,320,text_1489,text_1},{0,21,271,320,text_901,text_1},{0,51,248,320,text_1490,text_1},{0,194,117,149,text_1491,text_1492},{0,25,249,320,text_1493,text_1},{0,40,254,320,text_1494,text_1},{0,78,225,320,text_858,text_1},{0,25,280,320,text_1459,text_1},{0,26,280,320,text_946,text_1},{5,17,291,320,text_1204,text_1},{0,113,141,320,text_1495,text_1},{0,62,220,320,text_1496,text_1},{0,34,260,320,text_1497,text_1},{0,17,291,320,text_608,text_1},{2,116,178,320,text_1498,text_1},{0,44,260,320,text_1499,text_1},{0,37,243,320,text_1500,text_1},{0,35,271,320,text_1465,text_1},{0,39,254,320,text_1501,text_1},{0,25,263,320,text_1149,text_1},{7,44,263,320,text_1502,text_1},{0,53,203,320,text_1503,text_1},{0,85,188,320,text_1504,text_1},{0,22,300,320,text_325,text_1},{0,29,271,320,text_1505,text_1},{0,109,189,320,text_1506,text_1},{8,48,263,320,text_1507,text_1},{0,33,254,320,text_1508,text_1},{0,48,228,320,text_1509,text_1},{0,45,274,320,text_1207,text_1},{0,29,280,320,text_1056,text_1},{9,50,238,320,text_38,text_1},{0,28,271,320,text_516,text_1},{1,32,260,320,text_1510,text_1},{0,27,268,320,text_551,text_1},{0,36,268,320,text_1511,text_1},{0,101,198,320,text_1512,text_1},{0,36,260,320,text_787,text_1},{0,15,291,320,text_326,text_1},{0,19,283,320,text_514,text_1},{0,61,194,320,text_1513,text_1},{0,57,257,320,text_1113,text_1},{0,45,231,320,text_1514,text_1},{0,36,246,320,text_1515,text_1},{2,48,243,320,text_1516,text_1},{0,81,211,320,text_634,text_1},{0,20,280,320,text_1517,text_1},{0,71,186,320,text_1518,text_1},{0,22,274,320,text_1519,text_1},{0,52,201,320,text_1403,text_1},{0,80,189,320,text_1520,text_1},{0,161,111,320,text_1521,text_1},{0,145,145,320,text_1522,text_1},{0,20,283,320,text_783,text_1},{0,11,291,320,text_1523,text_1},{1,52,280,320,text_1044,text_1},{0,15,291,320,text_326,text_1},{0,58,214,320,text_1524,text_1},{0,16,291,320,text_949,text_1},{0,83,218,320,text_1525,text_1},{0,48,251,320,text_650,text_1},{0,54,214,320,text_1243,text_1},{0,64,203,320,text_1251,text_1},{0,82,200,320,text_1526,text_1},{0,53,231,320,text_1527,text_1},{2,70,180,320,text_1528,text_1},{16,49,271,320,text_418,text_1},{0,30,263,320,text_900,text_1},{0,55,214,320,text_1529,text_1},{0,49,220,320,text_1530,text_1},{0,70,214,320,text_1531,text_1},{0,14,291,320,text_949,text_1},{0,12,300,320,text_325,text_1},{0,47,226,320,text_1532,text_1},{0,33,280,320,text_487,text_1},{0,39,260,320,text_1533,text_1},{0,17,291,320,text_728,text_1},{0,44,263,320,text_1534,text_1},{0,63,183,320,text_1535,text_1},{0,68,240,320,text_890,text_1},{0,37,271,320,text_1536,text_1},{1,72,175,320,text_1537,text_1},{0,44,257,320,text_1113,text_1},{0,39,241,320,text_1374,text_1},{0,127,166,320,text_1538,text_1},{0,51,240,320,text_1539,text_1},{0,68,211,320,text_634,text_1},{1,16,291,320,text_684,text_1},{0,58,191,320,text_1540,text_1},{9,60,255,320,text_1541,text_1},{0,40,243,320,text_1486,text_1},{0,26,274,320,text_1519,text_1},{0,40,245,320,text_1542,text_1},{0,30,260,320,text_1043,text_1},{0,100,138,320,text_1543,text_1},{0,48,209,320,text_1544,text_1},{62,88,294,320,text_996,text_1},{0,31,259,320,text_1434,text_1},{7,51,283,320,text_1545,text_1},{0,56,197,320,text_1546,text_1},{0,73,194,320,text_1547,text_1},{0,65,211,320,text_1548,text_1},{0,115,234,320,text_1549,text_1},{0,69,214,320,text_1550,text_1},{0,30,271,320,text_1551,text_1},{0,61,214,320,text_1552,text_1},{0,51,187,320,text_1553,text_1},{0,135,107,300,text_1554,text_1555},{2,119,151,320,text_1556,text_1},{0,24,291,320,text_1383,text_1},{0,70,228,320,text_1557,text_1},{0,48,260,320,text_1497,text_1},{3,59,223,320,text_1558,text_1},{0,43,223,320,text_1128,text_1},{0,33,285,320,text_464,text_1},{0,24,291,320,text_500,text_1},{0,109,214,320,text_1559,text_1},{0,24,285,320,text_1560,text_1},{6,42,274,320,text_1561,text_1},{0,80,203,320,text_1562,text_1},{0,7,300,320,text_11,text_1},{0,43,231,320,text_1563,text_1},{0,22,283,320,text_1151,text_1},{0,59,208,320,text_1564,text_1},{0,39,215,320,text_329,text_1},{0,116,95,320,text_1565,text_1},{0,30,263,320,text_1402,text_1},{0,21,294,320,text_1566,text_1},{0,23,283,320,text_1567,text_1},{18,53,268,320,text_1568,text_1},{1,44,254,320,text_1569,text_1},{0,41,238,320,text_431,text_1},{0,168,120,283,text_1570,text_1571},{0,140,96,320,text_1572,text_1},{0,101,109,320,text_1573,text_1},{0,112,108,320,text_1574,text_1},{1,35,254,320,text_456,text_1},{2,57,226,320,text_1575,text_1},{0,20,274,320,text_1519,text_1},{3,37,268,320,text_1576,text_1},{0,92,163,320,text_1577,text_1},{0,36,263,320,text_1578,text_1},{0,13,300,320,text_784,text_1},{0,40,271,320,text_1579,text_1},{0,35,263,320,text_1032,text_1},{14,120,114,298,text_1580,text_1581},{4,118,196,320,text_1582,text_1},{0,116,134,320,text_1583,text_1},{0,53,198,320,text_1584,text_1},{3,64,217,320,text_1585,text_1},{0,24,291,320,text_1586,text_1},{0,44,243,320,text_1587,text_1},{0,36,243,320,text_1588,text_1},{0,47,251,320,text_1287,text_1},{0,29,280,320,text_776,text_1},{0,33,243,320,text_1589,text_1},{0,44,254,320,text_1590,text_1},{0,32,283,320,text_335,text_1},{0,33,246,320,text_1591,text_1},{4,108,151,320,text_1592,text_1},{0,49,200,320,text_1593,text_1},{0,99,115,264,text_1594,text_1595},{0,52,203,320,text_1596,text_1},{0,84,138,320,text_1597,text_1},{0,34,263,320,text_1598,text_1},{0,41,203,320,text_1599,text_1},{0,41,263,320,text_1598,text_1},{0,51,226,320,text_1600,text_1},{0,14,300,320,text_325,text_1},{0,51,234,320,text_1601,text_1},{0,14,297,320,text_1602,text_1},{0,51,204,320,text_1603,text_1},{0,61,203,320,text_689,text_1},{0,38,280,320,text_473,text_1},{0,47,204,320,text_1603,text_1},{0,67,177,320,text_1604,text_1},{0,42,260,320,text_1605,text_1},{0,53,271,320,text_1606,text_1},{0,47,209,320,text_1607,text_1},{0,69,256,320,text_1608,text_1},{0,38,268,320,text_551,text_1},{0,73,217,320,text_476,text_1},{0,75,169,320,text_1609,text_1},{0,16,291,320,text_500,text_1},{0,35,257,320,text_1610,text_1},{0,113,109,291,text_1611,text_1612},{0,21,272,320,text_1613,text_1},{0,29,286,320,text_707,text_1},{0,15,286,320,text_707,text_1},{0,55,209,320,text_1614,text_1},{0,54,194,320,text_1439,text_1},{0,38,275,320,text_1615,text_1},{25,63,234,320,text_979,text_1},{0,15,300,320,text_1616,text_1},{0,36,275,320,text_1615,text_1},{0,41,254,320,text_1569,text_1},{1,140,128,320,text_1617,text_1},{0,157,107,306,text_1618,text_1619},{1,106,177,320,text_1620,text_1},{0,52,212,320,text_1621,text_1},{0,39,226,320,text_1622,text_1},{0,67,206,320,text_1623,text_1},{0,36,288,320,text_1071,text_1},{0,26,280,320,text_1056,text_1},{0,20,277,320,text_1023,text_1},{0,54,246,320,text_606,text_1},{6,73,181,320,text_956,text_1},{0,32,280,320,text_776,text_1},{0,94,154,320,text_1624,text_1},{0,38,300,320,text_686,text_1},{0,48,240,320,text_1625,text_1},{1,87,177,320,text_1626,text_1},{8,39,271,320,text_1356,text_1},{0,77,280,320,text_1044,text_1},{0,40,251,320,text_1627,text_1},{0,65,203,320,text_1251,text_1},{36,85,294,320,text_1081,text_1},{0,63,231,320,text_1628,text_1},{0,81,221,320,text_1629,text_1},{0,40,263,320,text_266,text_1},{8,176,153,320,text_1630,text_1},{0,34,268,320,text_1631,text_1},{0,17,268,320,text_1632,text_1},{0,34,271,320,text_1633,text_1},{0,26,243,320,text_1634,text_1},{0,38,238,320,text_1635,text_1},{0,50,214,320,text_1636,text_1},{0,115,140,320,text_1637,text_1},{0,41,251,320,text_1108,text_1},{9,61,220,320,text_1530,text_1},{0,75,195,320,text_1638,text_1},{13,34,300,320,text_686,text_1},{0,164,103,280,text_1639,text_1640},{0,59,218,320,text_1641,text_1},{0,21,291,320,text_1642,text_1},{0,33,251,320,text_1643,text_1},{0,32,268,320,text_636,text_1},{0,13,300,320,text_1644,text_1},{0,34,280,320,text_1645,text_1},{0,59,228,320,text_1646,text_1},{0,55,254,320,text_889,text_1},{1,31,271,320,text_1465,text_1},{0,23,294,320,text_1647,text_1},{0,109,146,320,text_1648,text_1},{0,70,240,320,text_1649,text_1},{5,29,283,320,text_1650,text_1},{0,49,263,320,text_1351,text_1},{0,45,237,320,text_1651,text_1},{0,152,174,320,text_1652,text_1},{0,68,183,320,text_1653,text_1},{23,81,174,320,text_1654,text_1},{0,24,278,320,text_717,text_1},{0,63,194,320,text_1655,text_1},{0,112,223,320,text_1656,text_1},{0,25,271,320,text_1479,text_1},{0,14,291,320,text_684,text_1},{0,38,248,320,text_1657,text_1},{0,76,218,320,text_1658,text_1},{0,49,214,320,text_1659,text_1},{0,52,248,320,text_1660,text_1},{0,20,274,320,text_1661,text_1},{0,37,241,320,text_1662,text_1},{0,97,174,320,text_1663,text_1},{0,95,126,320,text_1664,text_1},{0,40,254,320,text_1590,text_1},{0,91,183,320,text_1665,text_1},{0,44,257,320,text_1666,text_1},{0,32,268,320,text_1667,text_1},{0,105,151,320,text_1592,text_1},{0,40,257,320,text_1215,text_1},{0,31,278,320,text_1668,text_1},{0,45,208,320,text_1669,text_1},{0,38,257,320,text_486,text_1},{0,74,208,320,text_1670,text_1},{0,38,268,320,text_1671,text_1},{2,47,268,320,text_1672,text_1},{0,62,214,320,text_1341,text_1},{1,14,291,320,text_406,text_1},{0,47,220,320,text_1394,text_1},{0,54,226,320,text_1673,text_1},{0,45,251,320,text_650,text_1},{0,57,211,320,text_1674,text_1},{0,16,291,320,text_560,text_1},{0,27,263,320,text_1675,text_1},{0,32,294,320,text_1647,text_1},{0,43,212,320,text_1676,text_1},{0,33,271,320,text_901,text_1},{0,42,251,320,text_1677,text_1},{0,36,286,320,text_1678,text_1},{0,48,214,320,text_1679,text_1},{0,31,291,320,text_1680,text_1},{0,39,257,320,text_1681,text_1},{1,58,208,320,text_1682,text_1},{0,56,240,320,text_1683,text_1},{0,48,251,320,text_1684,text_1},{0,61,228,320,text_1685,text_1},{9,32,257,320,text_1142,text_1},{0,51,260,320,text_339,text_1},{13,45,254,320,text_1686,text_1},{1,100,157,320,text_1687,text_1},{0,52,243,320,text_1688,text_1},{0,150,140,320,text_1689,text_1},{0,17,283,320,text_731,text_1},{10,49,300,320,text_1690,text_1},{0,72,249,320,text_1691,text_1},{0,14,291,320,text_1180,text_1},{0,27,271,320,text_1692,text_1},{0,49,269,320,text_511,text_1},{0,67,190,320,text_1693,text_1},{0,65,137,320,text_1694,text_1},{0,50,238,320,text_1695,text_1},{0,109,254,320,text_1696,text_1},{0,32,271,320,text_1697,text_1},{0,28,291,320,text_373,text_1},{0,12,291,320,text_326,text_1},{0,78,171,320,text_1698,text_1},{0,37,271,320,text_1699,text_1},{0,31,252,320,text_1700,text_1},{0,55,240,320,text_1701,text_1},{0,32,263,320,text_1402,text_1},{0,75,220,320,text_1702,text_1},{0,21,288,320,text_1071,text_1},{0,57,231,320,text_1703,text_1},{0,41,240,320,text_682,text_1},{0,32,280,320,text_1704,text_1},{16,38,257,320,text_1142,text_1},{0,48,206,320,text_1705,text_1},{0,12,291,320,text_406,text_1},{0,67,211,320,text_1706,text_1},{0,47,241,320,text_556,text_1},{0,45,291,320,text_1707,text_1},{0,37,265,320,text_842,text_1},{0,29,265,320,text_1124,text_1},{7,45,294,320,text_1647,text_1},{0,73,191,320,text_1708,text_1},{0,14,291,320,text_500,text_1},{0,50,257,320,text_1709,text_1},{0,64,226,320,text_1710,text_1},{0,21,283,320,text_583,text_1},{0,28,278,320,text_635,text_1},{0,34,280,320,text_1711,text_1},{0,35,257,320,text_887,text_1},{0,37,243,320,text_1712,text_1},{0,42,240,320,text_1683,text_1},{1,19,291,320,text_1713,text_1},{0,50,232,320,text_439,text_1},{0,76,183,320,text_1714,text_1},{0,53,265,320,text_1715,text_1},{0,75,191,320,text_1716,text_1},{0,19,274,320,text_1717,text_1},{2,29,283,320,text_1718,text_1},{0,58,248,320,text_1719,text_1},{0,55,226,320,text_1720,text_1},{0,22,288,320,text_1721,text_1},{0,41,258,320,text_1722,text_1},{0,73,192,320,text_1723,text_1},{0,70,227,320,text_1724,text_1},{0,72,181,320,text_1725,text_1},{3,80,240,320,text_1726,text_1},{0,40,265,320,text_1727,text_1},{0,42,214,320,text_554,text_1},{4,91,197,320,text_1728,text_1},{10,65,223,320,text_1729,text_1},{0,7,306,320,text_876,text_1},{0,36,266,320,text_1730,text_1},{0,20,291,320,text_560,text_1},{0,38,291,320,text_500,text_1},{0,33,268,320,text_1731,text_1},{0,71,223,320,text_1732,text_1},{0,40,254,320,text_1019,text_1},{0,12,291,320,text_326,text_1},{0,85,161,320,text_1733,text_1},{0,31,263,320,text_930,text_1},{0,51,246,320,text_1734,text_1},{0,21,283,320,text_583,text_1},{0,147,117,320,text_1735,text_1},{0,57,220,320,text_435,text_1},{0,20,291,320,text_1713,text_1},{0,71,181,320,text_1736,text_1},{2,15,291,320,text_1204,text_1},{7,73,217,320,text_1737,text_1},{0,16,271,320,text_1738,text_1},{0,30,271,320,text_1739,text_1},{0,14,294,320,text_1740,text_1},{0,22,291,320,text_1340,text_1},{1,32,263,320,text_1741,text_1},{4,28,257,320,text_1142,text_1},{0,83,225,320,text_1742,text_1},{0,58,197,320,text_1743,text_1},{7,28,280,320,text_1744,text_1},{0,83,194,320,text_1745,text_1},{0,32,291,320,text_1340,text_1},{0,111,191,320,text_1746,text_1},{0,32,249,320,text_1747,text_1},{0,31,271,320,text_1748,text_1},{1,66,218,320,text_342,text_1},{0,23,268,320,text_1749,text_1},{0,22,280,320,text_1750,text_1},{0,182,109,271,text_1751,text_1752},{0,44,271,320,text_1753,text_1},{0,38,246,320,text_1754,text_1},{0,46,300,320,text_1755,text_1},{0,14,291,320,text_1642,text_1},{0,17,291,320,text_1642,text_1},{0,33,263,320,text_1756,text_1},{0,32,257,320,text_486,text_1},{0,113,141,320,text_367,text_1},{10,34,280,320,text_1757,text_1},{0,24,263,320,text_1507,text_1},{0,25,291,320,text_1456,text_1},{5,47,254,320,text_1758,text_1},{0,56,226,320,text_1759,text_1},{0,59,291,320,text_1760,text_1},{0,24,268,320,text_551,text_1},{0,17,291,320,text_1456,text_1},{0,21,291,320,text_1204,text_1},{1,43,251,320,text_1238,text_1},{0,87,172,320,text_1761,text_1},{0,33,271,320,text_1739,text_1},{1,47,206,320,text_1762,text_1},{0,59,214,320,text_1243,text_1},{0,46,180,320,text_1763,text_1},{0,20,291,320,text_1340,text_1},{0,75,157,320,text_1764,text_1},{0,91,166,320,text_1765,text_1},{0,29,263,320,text_1766,text_1},{0,73,232,320,text_1767,text_1},{0,28,263,320,text_1768,text_1},{0,23,260,320,text_1769,text_1},{0,29,260,320,text_1770,text_1},{0,62,183,320,text_1771,text_1},{0,14,291,320,text_1180,text_1},{1,67,223,320,text_1772,text_1},{0,52,223,320,text_1303,text_1},{0,40,260,320,text_1043,text_1},{1,46,228,320,text_1773,text_1},{0,20,291,320,text_863,text_1},{0,48,198,320,text_1774,text_1},{8,38,277,320,text_1775,text_1},{1,39,243,320,text_1776,text_1},{0,63,243,320,text_1777,text_1},{0,162,103,320,text_1778,text_1},{0,103,124,320,text_1779,text_1},{0,21,300,320,text_357,text_1},{0,20,283,320,text_1780,text_1},{0,45,248,320,text_1781,text_1},{0,85,147,320,text_1782,text_1},{0,36,246,320,text_1783,text_1},{0,31,249,320,text_1784,text_1},{0,52,265,320,text_377,text_1},{0,31,251,320,text_1267,text_1},{0,117,203,320,text_1785,text_1},{0,47,215,320,text_1786,text_1},{0,30,263,320,text_917,text_1},{0,89,260,320,text_1787,text_1},{0,68,221,320,text_1788,text_1},{0,48,211,320,text_1789,text_1},{0,64,220,320,text_1790,text_1},{0,59,203,320,text_1791,text_1},{0,71,249,320,text_1792,text_1},{0,19,283,320,text_514,text_1},{0,17,300,320,text_627,text_1},{2,74,186,320,text_1793,text_1},{0,32,260,320,text_339,text_1},{0,20,289,320,text_28,text_1},{0,46,237,320,text_700,text_1},{0,28,254,320,text_1794,text_1},{0,52,223,320,text_1795,text_1},{0,65,220,320,text_1284,text_1},{14,33,291,320,text_1425,text_1},{0,38,271,320,text_1796,text_1},{0,60,211,320,text_1797,text_1},{0,21,300,320,text_1368,text_1},{0,43,197,320,text_559,text_1},{0,33,274,320,text_1798,text_1},{0,20,291,320,text_500,text_1},{15,144,92,320,text_1799,text_1},{0,26,249,320,text_1784,text_1},{0,39,278,320,text_640,text_1},{6,24,300,320,text_361,text_1},{0,43,285,320,text_1247,text_1},{0,43,271,320,text_748,text_1},{0,35,291,320,text_1800,text_1},{0,31,269,320,text_471,text_1},{0,61,183,320,text_683,text_1},{0,24,257,320,text_1801,text_1},{0,27,297,320,text_1802,text_1},{0,46,260,320,text_1043,text_1},{11,36,285,320,text_1803,text_1},{0,49,251,320,text_1804,text_1},{0,56,234,320,text_1805,text_1},{0,84,169,320,text_1806,text_1},{0,46,211,320,text_1807,text_1},{0,37,263,320,text_1808,text_1},{0,70,192,320,text_443,text_1},{0,36,234,320,text_1809,text_1},{0,39,263,320,text_1351,text_1},{0,26,271,320,text_1810,text_1},{0,47,257,320,text_1811,text_1},{0,19,277,320,text_888,text_1},{0,24,291,320,text_1713,text_1},{0,48,215,320,text_1786,text_1},{0,70,191,320,text_1812,text_1},{4,28,251,320,text_1813,text_1},{0,56,241,320,text_1814,text_1},{0,31,269,320,text_1815,text_1},{0,37,243,320,text_642,text_1},{0,60,172,320,text_1816,text_1},{2,52,201,320,text_1817,text_1},{0,40,212,320,text_1818,text_1},{0,54,225,320,text_1819,text_1},{0,77,183,320,text_1820,text_1},{1,25,249,320,text_1784,text_1},{0,29,269,320,text_1821,text_1},{0,40,231,320,text_1822,text_1},{0,24,291,320,text_684,text_1},{0,18,300,320,text_325,text_1},{0,42,251,320,text_336,text_1},{0,146,117,320,text_1823,text_1},{8,34,283,320,text_1824,text_1},{0,45,260,320,text_1825,text_1},{7,21,300,320,text_325,text_1},{0,22,280,320,text_318,text_1},{5,31,274,320,text_1798,text_1},{9,39,260,320,text_1826,text_1},{0,26,280,320,text_1827,text_1},{2,51,258,320,text_1828,text_1},{0,14,300,320,text_325,text_1},{0,66,154,320,text_457,text_1},{0,53,268,320,text_1829,text_1},{0,33,244,320,text_1830,text_1},{0,59,228,320,text_1831,text_1},{1,57,266,320,text_1832,text_1},{0,48,251,320,text_1833,text_1},{0,47,263,320,text_1351,text_1},{0,12,289,320,text_1834,text_1},{0,40,263,320,text_1835,text_1},{0,18,271,320,text_1256,text_1},{3,55,266,320,text_1836,text_1},{2,44,243,320,text_1837,text_1},{0,38,271,320,text_1467,text_1},{0,122,183,320,text_1838,text_1},{0,14,291,320,text_1839,text_1},{0,24,271,320,text_1840,text_1},{0,54,217,320,text_1841,text_1},{1,27,234,320,text_1174,text_1},{0,57,234,320,text_1350,text_1},{2,144,178,320,text_1842,text_1},{0,118,123,320,text_1843,text_1},{0,45,268,320,text_501,text_1},{0,32,254,320,text_1844,text_1},{0,29,283,320,text_335,text_1},{0,141,109,320,text_1845,text_1},{0,59,260,320,text_1846,text_1},{0,27,263,320,text_1402,text_1},{0,59,149,320,text_1847,text_1},{0,38,254,320,text_1569,text_1},{0,23,291,320,text_684,text_1},{1,42,245,320,text_1848,text_1},{0,226,219,320,text_1849,text_1},{0,70,211,320,text_1850,text_1},{14,91,180,320,text_1851,text_1},{0,46,240,320,text_541,text_1},{0,85,243,320,text_1852,text_1},{0,42,263,320,text_1402,text_1},{0,65,203,320,text_1251,text_1},{0,88,234,320,text_1853,text_1},{1,35,260,320,text_1826,text_1},{0,41,277,320,text_1854,text_1},{0,55,223,320,text_1855,text_1},{11,51,248,320,text_317,text_1},{0,15,300,320,text_325,text_1},{2,101,181,320,text_1856,text_1},{0,48,248,320,text_1857,text_1},{0,26,277,320,text_1858,text_1},{0,71,162,320,text_1334,text_1},{3,42,237,320,text_1859,text_1},{0,50,263,320,text_1860,text_1},{0,47,243,320,text_1861,text_1},{0,82,208,320,text_1862,text_1},{1,88,140,320,text_398,text_1},{0,19,274,320,text_1717,text_1},{0,50,254,320,text_1863,text_1},{0,15,283,320,text_1864,text_1},{0,36,263,320,text_1865,text_1},{0,36,266,320,text_1093,text_1},{0,43,280,320,text_1040,text_1},{0,71,163,320,text_1866,text_1},{1,54,260,320,text_339,text_1},{0,38,265,320,text_1867,text_1},{0,52,234,320,text_1350,text_1},{0,53,240,320,text_1868,text_1},{0,31,263,320,text_1598,text_1},{2,14,291,320,text_500,text_1},{0,21,288,320,text_368,text_1},{0,26,271,320,text_1869,text_1},{2,123,206,320,text_1870,text_1},{0,50,252,320,text_1195,text_1},{0,58,209,320,text_1871,text_1},{0,51,238,320,text_955,text_1},{0,35,251,320,text_1872,text_1},{31,140,271,320,text_599,text_1},{9,47,263,320,text_1402,text_1},{0,30,268,320,text_1473,text_1},{0,28,265,320,text_1873,text_1},{0,24,280,320,text_1874,text_1},{0,59,257,320,text_1875,text_1},{0,42,223,320,text_1876,text_1},{0,56,240,320,text_1877,text_1},{0,31,280,320,text_1874,text_1},{0,22,280,320,text_1056,text_1},{26,69,263,320,text_1878,text_1},{0,95,228,320,text_1879,text_1},{0,15,300,320,text_1880,text_1},{0,47,237,320,text_1651,text_1},{0,41,258,320,text_1881,text_1},{0,46,232,320,text_1450,text_1},{0,70,228,320,text_1882,text_1},{0,66,174,320,text_1883,text_1},{0,29,263,320,text_1884,text_1},{0,26,234,320,text_1174,text_1},{0,72,200,320,text_1885,text_1},{0,27,281,320,text_128,text_1},{0,115,120,283,text_1886,text_1887},{0,22,280,320,text_1888,text_1},{2,15,291,320,text_406,text_1},{0,53,234,320,text_1889,text_1},{0,88,183,320,text_1890,text_1},{0,46,234,320,text_1889,text_1},{0,56,203,320,text_1891,text_1},{1,59,223,320,text_1892,text_1},{0,38,251,320,text_1893,text_1},{0,21,277,320,text_1023,text_1},{0,32,280,320,text_1894,text_1},{0,21,258,320,text_1895,text_1},{0,46,260,320,text_339,text_1},{0,199,112,224,text_1896,text_1897},{0,11,291,320,text_500,text_1},{0,25,288,320,text_368,text_1},{1,62,268,320,text_1898,text_1},{0,13,300,320,text_325,text_1},{0,50,200,320,text_1369,text_1},{0,95,235,320,text_1059,text_1},{0,43,266,320,text_1899,text_1},{0,81,154,320,text_1900,text_1},{0,185,192,320,text_1901,text_1},{0,74,120,320,text_1902,text_1},{0,34,268,320,text_551,text_1},{0,27,280,320,text_1903,text_1},{2,48,220,320,text_1904,text_1},{0,30,249,320,text_1493,text_1},{0,33,271,320,text_513,text_1},{1,25,291,320,text_406,text_1},{8,25,291,320,text_809,text_1},{0,26,249,320,text_1784,text_1},{0,46,254,320,text_1905,text_1},{3,27,291,320,text_1201,text_1},{2,91,180,320,text_1906,text_1},{0,68,174,320,text_1907,text_1},{0,37,260,320,text_1908,text_1},{13,141,180,320,text_1909,text_1},{0,37,240,320,text_682,text_1},{0,15,278,320,text_1910,text_1},{0,27,268,320,text_1911,text_1},{0,64,143,320,text_1912,text_1},{0,28,243,320,text_1913,text_1},{0,29,257,320,text_1914,text_1},{12,28,291,320,text_728,text_1},{0,33,271,320,text_1915,text_1},{4,32,263,320,text_1916,text_1},{9,34,257,320,text_486,text_1},{1,49,217,320,text_1585,text_1},{6,19,288,320,text_1157,text_1},{0,91,192,320,text_1917,text_1},{0,26,269,320,text_1821,text_1},{0,49,243,320,text_1918,text_1},{0,35,271,320,text_1919,text_1},{0,50,234,320,text_1920,text_1},{0,18,283,320,text_1921,text_1},{6,62,245,320,text_1922,text_1},{0,33,240,320,text_656,text_1},{0,40,258,320,text_1923,text_1},{0,32,263,320,text_849,text_1},{3,41,277,320,text_1924,text_1},{0,13,291,320,text_500,text_1},{0,112,189,320,text_1925,text_1},{0,56,209,320,text_1926,text_1},{5,53,217,320,text_1737,text_1},{0,14,300,320,text_1344,text_1},{0,60,237,320,text_1927,text_1},{0,78,203,320,text_1928,text_1},{0,35,240,320,text_1929,text_1},{1,25,277,320,text_1073,text_1},{0,34,243,320,text_402,text_1},{0,69,211,320,text_1674,text_1},{0,24,283,320,text_335,text_1},{52,107,203,320,text_1930,text_1},{0,38,243,320,text_402,text_1},{0,44,238,320,text_955,text_1},{8,26,280,320,text_1931,text_1},{0,17,271,320,text_1256,text_1},{0,66,223,320,text_676,text_1},{0,93,141,320,text_1932,text_1},{1,118,160,320,text_1933,text_1},{0,83,148,320,text_1934,text_1},{0,24,262,320,text_1935,text_1},{0,26,263,320,text_1936,text_1},{8,39,228,320,text_1937,text_1},{0,106,171,320,text_1938,text_1},{0,155,137,320,text_1939,text_1},{0,32,252,320,text_545,text_1},{0,63,174,320,text_1940,text_1},{0,91,134,320,text_1941,text_1},{0,28,271,320,text_1748,text_1},{0,91,183,320,text_1002,text_1},{0,117,134,320,text_1942,text_1},{0,74,223,320,text_1943,text_1},{1,21,258,320,text_1944,text_1},{0,74,183,320,text_1945,text_1},{0,17,286,320,text_707,text_1},{0,54,263,320,text_1402,text_1},{2,18,285,320,text_1946,text_1},{0,37,246,320,text_1947,text_1},{0,53,203,320,text_1891,text_1},{0,54,223,320,text_1948,text_1},{0,48,291,320,text_1180,text_1},{0,61,252,320,text_1949,text_1},{0,55,228,320,text_1950,text_1},{0,31,271,320,text_1951,text_1},{0,14,291,320,text_1839,text_1},{0,67,194,320,text_1952,text_1},{0,110,108,320,text_1953,text_1},{0,39,231,320,text_1954,text_1},{0,10,291,320,text_500,text_1},{0,92,174,320,text_1955,text_1},{0,49,217,320,text_1737,text_1},{0,51,237,320,text_1927,text_1},{0,25,277,320,text_1073,text_1},{0,97,161,320,text_1956,text_1},{0,49,234,320,text_980,text_1},{0,41,263,320,text_1957,text_1},{0,30,260,320,text_1433,text_1},{0,49,265,320,text_1958,text_1},{0,31,291,320,text_1959,text_1},{0,46,197,320,text_1960,text_1},{0,15,291,320,text_1204,text_1},{0,29,266,320,text_1961,text_1},{0,18,291,320,text_1383,text_1},{0,56,271,320,text_1962,text_1},{0,98,151,320,text_1556,text_1},{0,22,288,320,text_1963,text_1},{1,24,291,320,text_500,text_1},{0,15,300,320,text_686,text_1},{0,49,189,320,text_1964,text_1},{0,25,283,320,text_1965,text_1},{0,53,243,320,text_1966,text_1},{0,94,131,320,text_1967,text_1},{6,27,268,320,text_1968,text_1},{0,78,212,320,text_1969,text_1},{0,83,106,320,text_1970,text_1},{0,16,258,320,text_1944,text_1},{0,17,280,320,text_947,text_1},{0,28,243,320,text_1971,text_1},{0,71,208,320,text_1972,text_1},{0,91,205,320,text_1973,text_1},{0,42,248,320,text_1974,text_1},{0,57,248,320,text_1975,text_1},{0,35,257,320,text_486,text_1},{0,60,246,320,text_606,text_1},{0,89,151,320,text_1976,text_1},{0,23,300,320,text_1977,text_1},{0,20,277,320,text_998,text_1},{0,38,226,320,text_1978,text_1},{12,79,263,320,text_1598,text_1},{0,50,199,320,text_1979,text_1},{0,17,291,320,text_432,text_1},{0,42,248,320,text_1660,text_1},{0,21,280,320,text_1980,text_1},{6,18,297,320,text_722,text_1},{0,22,258,320,text_1054,text_1},{0,68,206,320,text_1981,text_1},{0,65,248,320,text_1982,text_1},{0,13,300,320,text_325,text_1},{0,49,248,320,text_1983,text_1},{0,28,285,320,text_465,text_1},{0,73,228,320,text_1984,text_1},{4,26,257,320,text_1142,text_1},{0,59,206,320,text_1985,text_1},{10,58,238,320,text_955,text_1},{0,116,146,320,text_1986,text_1},{0,124,135,220,text_1987,text_1988},{0,55,203,320,text_1989,text_1},{2,61,194,320,text_1990,text_1},{0,30,277,320,text_1991,text_1},{0,35,300,320,text_361,text_1},{0,64,148,320,text_1934,text_1},{0,79,145,320,text_1992,text_1},{0,32,291,320,text_1383,text_1},{0,43,238,320,text_1993,text_1},{1,30,271,320,text_901,text_1},{0,68,226,320,text_1532,text_1},{0,18,291,320,text_500,text_1},{0,18,300,320,text_686,text_1},{0,46,203,320,text_1994,text_1},{0,83,141,320,text_1995,text_1},{0,35,268,320,text_1996,text_1},{0,74,183,320,text_1997,text_1},{0,30,268,320,text_1998,text_1},{0,62,194,320,text_1999,text_1},{0,231,97,223,text_2000,text_2001},{1,71,200,320,text_753,text_1},{4,255,97,291,text_2002,text_2003},{0,108,137,320,text_2004,text_1},{0,55,262,320,text_2005,text_1},{0,28,257,320,text_2006,text_1},{1,24,300,320,text_1880,text_1},{2,31,288,320,text_2007,text_1},{14,44,260,320,text_976,text_1},{0,28,271,320,text_2008,text_1},{0,63,178,320,text_663,text_1},{1,34,269,320,text_471,text_1},{0,56,201,320,text_1403,text_1},{0,32,288,320,text_2007,text_1},{0,71,221,320,text_2009,text_1},{0,52,234,320,text_2010,text_1},{28,95,263,320,text_2011,text_1},{4,57,204,320,text_2012,text_1},{0,21,283,320,text_583,text_1},{0,71,154,320,text_2013,text_1},{0,38,251,320,text_1267,text_1},{20,60,269,320,text_2014,text_1},{0,34,228,320,text_350,text_1},{0,18,291,320,text_1642,text_1},{0,51,206,320,text_2015,text_1},{0,55,246,320,text_2016,text_1},{0,42,240,320,text_2017,text_1},{0,45,240,320,text_2018,text_1},{1,37,254,320,text_1569,text_1},{0,68,181,320,text_2019,text_1},{6,31,291,320,text_1340,text_1},{0,64,177,320,text_2020,text_1},{0,193,97,231,text_2021,text_2022},{0,27,271,320,text_1256,text_1},{0,54,227,320,text_2023,text_1},{0,40,268,320,text_1671,text_1},{0,48,237,320,text_2024,text_1},{0,39,238,320,text_1993,text_1},{1,19,277,320,text_1023,text_1},{0,118,126,320,text_2025,text_1},{0,55,194,320,text_2026,text_1},{0,11,300,320,text_357,text_1},{0,18,271,320,text_1256,text_1},{0,42,231,320,text_532,text_1},{0,18,291,320,text_500,text_1},{2,49,269,320,text_2027,text_1},{0,42,231,320,text_532,text_1},{0,45,234,320,text_2028,text_1},{0,52,243,320,text_2029,text_1},{0,34,248,320,text_2030,text_1},{0,11,291,320,text_406,text_1},{0,49,237,320,text_800,text_1},{0,35,249,320,text_2031,text_1},{0,56,240,320,text_2032,text_1},{0,173,109,234,text_2033,text_2034},{7,67,231,320,text_2035,text_1},{0,54,223,320,text_2036,text_1},{0,78,234,320,text_2037,text_1},{0,46,189,320,text_2038,text_1},{0,40,278,320,text_2039,text_1},{0,15,291,320,text_1839,text_1},{24,73,283,320,text_2040,text_1},{0,48,217,320,text_2041,text_1},{0,41,268,320,text_2042,text_1},{0,61,234,320,text_2043,text_1},{0,62,240,320,text_2044,text_1},{0,98,191,320,text_2045,text_1},{0,64,204,320,text_2046,text_1},{0,164,94,320,text_2047,text_1},{0,113,189,320,text_1506,text_1},{0,61,217,320,text_1585,text_1},{0,131,117,320,text_2048,text_1},{0,49,208,320,text_2049,text_1},{1,59,221,320,text_2050,text_1},{0,59,240,320,text_2051,text_1},{0,29,271,320,text_2052,text_1},{0,52,300,320,text_2053,text_1},{0,52,300,320,text_2053,text_1},{0,28,300,320,text_2054,text_1},{6,25,300,320,text_2054,text_1},{0,27,300,320,text_2054,text_1},{0,61,209,320,text_2055,text_1},{13,75,223,320,text_2056,text_1},{0,20,291,320,text_500,text_1},{1,136,137,320,text_2057,text_1},{0,47,226,320,text_2058,text_1},{0,51,218,320,text_983,text_1},{0,43,255,320,text_2059,text_1},{0,51,237,320,text_2024,text_1},{0,33,243,320,text_344,text_1},{1,35,268,320,text_2060,text_1},{0,33,226,320,text_2061,text_1},{0,94,208,320,text_2062,text_1},{0,15,300,320,text_325,text_1},{0,72,157,320,text_2063,text_1},{0,73,183,320,text_1400,text_1},{0,156,111,300,text_2064,text_2065},{0,52,211,320,text_2066,text_1},{0,37,237,320,text_1089,text_1},{0,46,235,320,text_2067,text_1},{0,53,214,320,text_2068,text_1},{0,68,257,320,text_2069,text_1},{0,69,191,320,text_1092,text_1},{0,55,211,320,text_2070,text_1},{0,35,260,320,text_2071,text_1},{0,31,260,320,text_2072,text_1},{0,43,260,320,text_2073,text_1},{0,33,235,320,text_586,text_1},{80,138,240,320,text_1387,text_1},{0,11,300,320,text_1344,text_1},{0,36,258,320,text_2074,text_1},{0,47,208,320,text_2075,text_1},{0,53,181,320,text_956,text_1},{0,28,269,320,text_709,text_1},{0,45,254,320,text_2076,text_1},{0,40,217,320,text_1585,text_1},{0,38,254,320,text_1569,text_1},{0,241,102,320,text_2077,text_1},{0,62,257,320,text_2078,text_1},{0,19,286,320,text_2079,text_1},{0,37,246,320,text_2080,text_1},{0,35,271,320,text_516,text_1},{0,98,214,320,text_2081,text_1},{0,38,266,320,text_1010,text_1},{0,20,289,320,text_2082,text_1},{0,43,229,320,text_2083,text_1},{8,19,291,320,text_406,text_1},{0,90,100,320,text_2084,text_1},{2,49,227,320,text_948,text_1},{1,62,231,320,text_2085,text_1},{0,16,291,320,text_432,text_1},{0,32,263,320,text_2086,text_1},{4,32,257,320,text_2087,text_1},{0,55,248,320,text_317,text_1},{0,45,257,320,text_2088,text_1},{0,109,186,320,text_2089,text_1},{0,67,184,320,text_2090,text_1},{0,76,220,320,text_2091,text_1},{0,29,261,320,text_2092,text_1},{0,21,277,320,text_799,text_1},{0,68,197,320,text_2093,text_1},{0,44,265,320,text_2094,text_1},{2,13,291,320,text_406,text_1},{11,145,109,300,text_2095,text_2096},{0,53,254,320,text_2097,text_1},{0,63,200,320,text_2098,text_1},{0,82,197,320,text_2099,text_1},{0,15,300,320,text_686,text_1},{0,52,240,320,text_2100,text_1},{0,36,278,320,text_640,text_1},{0,41,229,320,text_2101,text_1},{0,99,134,320,text_2102,text_1},{2,25,300,320,text_904,text_1},{0,44,248,320,text_2103,text_1},{0,45,268,320,text_2104,text_1},{0,29,280,320,text_1645,text_1},{0,16,286,320,text_707,text_1},{0,53,198,320,text_2105,text_1},{0,47,197,320,text_2106,text_1},{0,35,246,320,text_2107,text_1},{0,69,203,320,text_689,text_1},{0,53,202,320,text_2108,text_1},{0,73,217,320,text_2109,text_1},{0,65,234,320,text_2110,text_1},{8,101,174,320,text_2111,text_1},{0,18,288,320,text_2112,text_1},{4,43,237,320,text_905,text_1},{0,253,135,94,text_2113,text_2114},{0,48,228,320,text_2115,text_1},{0,37,254,320,text_2116,text_1},{0,21,278,320,text_1381,text_1},{0,42,220,320,text_2117,text_1},{0,38,226,320,text_1622,text_1},{2,60,231,320,text_2118,text_1},{2,101,195,320,text_2119,text_1},{0,46,240,320,text_1143,text_1},{7,47,254,320,text_1569,text_1},{8,55,206,320,text_2120,text_1},{0,45,220,320,text_835,text_1},{0,138,103,271,text_2121,text_2122},{0,34,237,320,text_1089,text_1},{0,78,186,320,text_2123,text_1},{1,26,273,320,text_2124,text_1},{0,38,206,320,text_2125,text_1},{1,31,291,320,text_684,text_1},{0,61,226,320,text_2126,text_1},{0,81,206,320,text_2127,text_1},{0,40,243,320,text_2128,text_1},{0,38,283,320,text_308,text_1},{0,18,288,320,text_874,text_1},{0,28,271,320,text_516,text_1},{0,59,192,320,text_443,text_1},{0,202,93,234,text_2129,text_2130},{0,41,271,320,text_748,text_1},{0,40,251,320,text_2131,text_1},{0,73,134,320,text_2132,text_1},{0,95,168,320,text_1035,text_1},{6,47,186,320,text_2133,text_1},{0,49,231,320,text_2134,text_1},{0,26,280,320,text_1894,text_1},{1,31,274,320,text_2135,text_1},{0,55,245,320,text_2136,text_1},{0,24,278,320,text_635,text_1},{0,37,271,320,text_384,text_1},{4,48,251,320,text_1813,text_1},{0,44,268,320,text_2137,text_1},{0,76,174,320,text_2138,text_1},{0,88,191,320,text_2139,text_1},{0,30,240,320,text_2140,text_1},{0,66,243,320,text_1110,text_1},{0,30,251,320,text_935,text_1},{2,99,157,320,text_2141,text_1},{0,22,291,320,text_2142,text_1},{0,47,243,320,text_382,text_1},{0,13,291,320,text_326,text_1},{0,114,134,320,text_2143,text_1},{0,21,300,320,text_923,text_1},{0,26,300,320,text_2144,text_1},{0,22,274,320,text_1102,text_1},{13,68,177,320,text_2145,text_1},{0,34,263,320,text_1916,text_1},{0,41,234,320,text_980,text_1},{0,32,257,320,text_2146,text_1},{0,44,243,320,text_1244,text_1},{0,58,255,320,text_2147,text_1},{2,87,154,320,text_2148,text_1},{0,95,129,283,text_2149,text_2150},{0,58,200,320,text_2151,text_1},{0,30,234,320,text_2152,text_1},{0,24,280,320,text_2153,text_1},{1,62,183,320,text_2154,text_1},{0,87,240,320,text_2155,text_1},{1,39,243,320,text_2156,text_1},{0,101,191,320,text_2157,text_1},{0,46,226,320,text_2158,text_1},{1,52,243,320,text_2159,text_1},{0,33,271,320,text_2160,text_1},{0,49,211,320,text_2161,text_1},{0,29,249,320,text_1493,text_1},{0,52,189,320,text_2162,text_1},{0,44,260,320,text_936,text_1},{0,78,191,320,text_2163,text_1},{0,34,237,320,text_2164,text_1},{0,89,143,320,text_2165,text_1},{0,28,283,320,text_514,text_1},{0,36,240,320,text_2166,text_1},{0,54,214,320,text_2167,text_1},{0,47,237,320,text_2168,text_1},{0,88,239,320,text_2169,text_1},{0,23,291,320,text_2003,text_1},{0,27,274,320,text_2135,text_1},{0,18,300,320,text_627,text_1},{0,47,245,320,text_2136,text_1},{0,33,263,320,text_2170,text_1},{0,105,157,320,text_2171,text_1},{0,26,283,320,text_2172,text_1},{0,38,294,320,text_309,text_1},{3,50,218,320,text_342,text_1},{0,72,213,320,text_2173,text_1},{0,17,291,320,text_684,text_1},{0,45,246,320,text_2174,text_1},{0,32,234,320,text_1174,text_1},{6,138,201,320,text_2175,text_1},{0,12,291,320,text_500,text_1},{3,47,300,320,text_686,text_1},{0,59,260,320,text_2176,text_1},{2,144,123,320,text_2177,text_1},{0,70,201,320,text_2178,text_1},{0,40,268,320,text_2179,text_1},{0,63,191,320,text_1092,text_1},{0,56,283,320,text_2180,text_1},{0,51,211,320,text_2181,text_1},{0,52,223,320,text_2182,text_1},{3,43,268,320,text_908,text_1},{0,51,231,320,text_2183,text_1},{7,30,274,320,text_2184,text_1},{0,19,260,320,text_2185,text_1},{0,54,231,320,text_2035,text_1},{0,62,263,320,text_2186,text_1},{0,107,143,320,text_2187,text_1},{4,30,271,320,text_2188,text_1},{19,61,248,320,text_2189,text_1},{0,30,260,320,text_2190,text_1},{0,44,238,320,text_1695,text_1},{0,38,271,320,text_2191,text_1},{5,46,237,320,text_1089,text_1},{3,128,160,320,text_2192,text_1},{0,47,280,320,text_2193,text_1},{0,38,257,320,text_1442,text_1},{0,67,154,320,text_2194,text_1},{3,38,273,320,text_2124,text_1},{0,114,194,320,text_2195,text_1},{9,44,251,320,text_1028,text_1},{0,31,271,320,text_1951,text_1},{0,48,217,320,text_2196,text_1},{3,40,260,320,text_787,text_1},{0,63,251,320,text_658,text_1},{0,34,274,320,text_2197,text_1},{0,121,219,320,text_779,text_1},{0,57,248,320,text_2198,text_1},{1,50,218,320,text_342,text_1},{3,48,244,320,text_2199,text_1},{4,130,177,320,text_2200,text_1},{0,92,146,320,text_2201,text_1},{0,65,240,320,text_2051,text_1},{0,27,291,320,text_2202,text_1},{0,59,204,320,text_2203,text_1},{2,32,244,320,text_2204,text_1},{0,116,183,320,text_2205,text_1},{0,146,110,269,text_2206,text_2207},{0,65,234,320,text_2208,text_1},{0,41,248,320,text_2209,text_1},{0,33,268,320,text_2179,text_1},{0,310,101,234,text_2210,text_2211},{2,51,251,320,text_399,text_1},{0,25,263,320,text_2170,text_1},{0,54,261,320,text_2212,text_1},{0,41,282,320,text_2213,text_1},{0,30,260,320,text_2214,text_1},{0,45,206,320,text_2215,text_1},{0,30,260,320,text_1769,text_1},{0,24,283,320,text_583,text_1},{0,66,197,320,text_2216,text_1},{0,30,280,320,text_984,text_1},{0,72,183,320,text_2217,text_1},{6,62,214,320,text_2218,text_1},{0,31,240,320,text_1649,text_1},{2,43,240,320,text_453,text_1},{0,75,211,320,text_2219,text_1},{11,73,180,320,text_2220,text_1},{0,91,186,320,text_2221,text_1},{0,49,263,320,text_2222,text_1},{0,29,274,320,text_2223,text_1},{0,11,308,320,text_1082,text_1},{0,38,280,320,text_2224,text_1},{0,37,241,320,text_610,text_1},{0,56,197,320,text_2225,text_1},{0,24,288,320,text_1963,text_1},{0,58,251,320,text_658,text_1},{0,34,257,320,text_486,text_1},{0,97,146,320,text_2226,text_1},{0,74,226,320,text_2227,text_1},{0,122,134,320,text_1941,text_1},{0,64,191,320,text_2228,text_1},{0,55,226,320,text_2227,text_1},{0,84,192,320,text_2229,text_1},{0,34,237,320,text_2164,text_1},{0,69,209,320,text_2230,text_1},{0,66,226,320,text_454,text_1},{0,125,113,300,text_2231,text_2232},{0,64,197,320,text_2233,text_1},{0,18,283,320,text_1360,text_1},{0,45,248,320,text_2234,text_1},{0,50,243,320,text_814,text_1},{0,43,283,320,text_505,text_1},{0,102,111,320,text_2235,text_1},{0,30,271,320,text_901,text_1},{0,46,223,320,text_1303,text_1},{0,86,197,320,text_2236,text_1},{0,40,291,320,text_500,text_1},{0,42,268,320,text_2237,text_1},{0,30,283,320,text_2238,text_1},{0,22,300,320,text_2239,text_1},{7,52,248,320,text_2240,text_1},{0,41,244,320,text_2241,text_1},{16,46,294,320,text_1081,text_1},{0,64,177,320,text_2242,text_1},{0,63,225,320,text_2243,text_1},{0,20,291,320,text_809,text_1},{0,55,222,320,text_1221,text_1},{0,47,281,320,text_2244,text_1},{0,90,183,320,text_2245,text_1},{0,51,240,320,text_2246,text_1},{0,154,146,320,text_2247,text_1},{0,50,221,320,text_372,text_1},{0,16,300,320,text_510,text_1},{0,64,228,320,text_2248,text_1},{0,90,197,320,text_2249,text_1},{0,33,254,320,text_2250,text_1},{0,44,234,320,text_2251,text_1},{0,22,280,320,text_745,text_1},{0,46,203,320,text_2252,text_1},{2,61,198,320,text_2253,text_1},{5,34,260,320,text_2254,text_1},{0,63,200,320,text_2255,text_1},{0,27,288,320,text_736,text_1},{0,41,234,320,text_2251,text_1},{0,34,260,320,text_653,text_1},{0,64,157,320,text_2256,text_1},{0,73,171,320,text_2257,text_1},{0,34,291,320,text_2202,text_1},{0,41,260,320,text_2258,text_1},{0,40,257,320,text_486,text_1},{0,26,280,320,text_2259,text_1},{0,26,251,320,text_2260,text_1},{0,28,271,320,text_418,text_1},{0,52,218,320,text_2261,text_1},{0,124,126,320,text_2262,text_1},{0,39,220,320,text_835,text_1},{0,66,257,320,text_2263,text_1},{0,24,285,320,text_2264,text_1},{0,48,234,320,text_980,text_1},{0,96,211,320,text_1789,text_1},{0,47,197,320,text_2265,text_1},{0,28,260,320,text_339,text_1},{5,36,263,320,text_2266,text_1},{0,42,232,320,text_2267,text_1},{0,49,220,320,text_1790,text_1},{0,39,268,320,text_1079,text_1},{0,31,285,320,text_2268,text_1},{0,17,280,320,text_2269,text_1},{1,30,277,320,text_888,text_1},{0,32,251,320,text_1078,text_1},{0,39,251,320,text_1238,text_1},{0,107,106,320,text_2270,text_1},{0,47,211,320,text_2271,text_1},{0,50,243,320,text_2272,text_1},{0,29,251,320,text_1225,text_1},{0,36,268,320,text_2273,text_1},{39,71,269,320,text_265,text_1},{0,26,280,320,text_1750,text_1},{0,103,160,320,text_2274,text_1},{0,25,291,320,text_2275,text_1},{0,21,277,320,text_449,text_1},{0,22,291,320,text_2276,text_1},{0,10,300,320,text_878,text_1},{0,49,250,320,text_2277,text_1},{0,13,291,320,text_326,text_1},{0,67,206,320,text_2278,text_1},{0,108,108,283,text_2279,text_1203},{0,61,203,320,text_689,text_1},{0,44,240,320,text_2017,text_1},{2,40,240,320,text_453,text_1},{0,53,246,320,text_606,text_1},{0,37,229,320,text_2280,text_1},{0,65,194,320,text_1990,text_1},{5,26,291,320,text_500,text_1},{1,31,271,320,text_2188,text_1},{0,63,200,320,text_2281,text_1},{0,25,283,320,text_335,text_1},{0,43,189,320,text_2282,text_1},{0,69,228,320,text_2283,text_1},{1,24,277,320,text_449,text_1},{0,22,277,320,text_449,text_1},{0,52,220,320,text_2284,text_1},{0,71,188,320,text_2285,text_1},{0,56,223,320,text_2286,text_1},{0,30,272,320,text_1613,text_1},{0,47,198,320,text_2105,text_1},{0,56,214,320,text_587,text_1},{0,71,242,320,text_2287,text_1},{0,44,234,320,text_2288,text_1},{0,52,217,320,text_2289,text_1},{0,71,217,320,text_2290,text_1},{0,51,220,320,text_2291,text_1},{0,49,200,320,text_2292,text_1},{0,18,277,320,text_2293,text_1},{0,38,260,320,text_2294,text_1},{7,81,242,320,text_2295,text_1},{0,37,263,320,text_2296,text_1},{0,25,283,320,text_605,text_1},{0,55,231,320,text_2297,text_1},{0,32,251,320,text_2298,text_1},{9,82,171,320,text_2299,text_1},{0,71,211,320,text_1789,text_1},{0,67,220,320,text_1790,text_1},{6,57,248,320,text_2300,text_1},{0,33,283,320,text_2301,text_1},{8,44,283,320,text_2302,text_1},{0,39,240,320,text_1384,text_1},{0,79,203,320,text_822,text_1},{0,32,260,320,text_2303,text_1},{0,40,229,320,text_2304,text_1},{0,36,286,320,text_707,text_1},{0,51,228,320,text_2305,text_1},{0,37,280,320,text_847,text_1},{0,66,212,320,text_672,text_1},{0,109,188,320,text_2306,text_1},{0,60,209,320,text_2307,text_1},{0,11,277,320,text_888,text_1},{0,15,280,320,text_745,text_1},{0,40,237,320,text_1089,text_1},{0,40,271,320,text_547,text_1},{0,23,291,320,text_1383,text_1},{0,36,260,320,text_369,text_1},{0,51,271,320,text_2308,text_1},{0,45,234,320,text_1051,text_1},{0,37,260,320,text_921,text_1},{79,114,294,320,text_1081,text_1},{0,58,211,320,text_1376,text_1},{1,60,255,320,text_2309,text_1},{0,34,251,320,text_2310,text_1},{0,41,220,320,text_835,text_1},{6,61,242,320,text_2311,text_1},{0,34,291,320,text_1839,text_1},{0,35,240,320,text_2312,text_1},{0,56,205,320,text_485,text_1},{0,94,115,320,text_2313,text_1},{0,49,246,320,text_2314,text_1},{0,61,231,320,text_532,text_1},{1,57,197,320,text_2315,text_1},{0,23,243,320,text_902,text_1},{0,35,271,320,text_2316,text_1},{0,55,209,320,text_2317,text_1},{1,62,214,320,text_2318,text_1},{5,55,175,320,text_2319,text_1},{0,24,234,320,text_1174,text_1},{0,25,283,320,text_605,text_1},{0,34,291,320,text_1586,text_1},{0,29,288,320,text_364,text_1},{0,49,231,320,text_352,text_1},{0,27,291,320,text_2320,text_1},{0,72,184,320,text_2321,text_1},{0,144,113,320,text_2322,text_1},{0,26,280,320,text_2323,text_1},{0,32,283,320,text_335,text_1},{0,86,146,320,text_2324,text_1},{0,88,158,320,text_2325,text_1},{0,42,254,320,text_2326,text_1},{0,64,192,320,text_2327,text_1},{0,19,288,320,text_1157,text_1},{0,29,237,320,text_2328,text_1},{0,30,237,320,text_2328,text_1},{0,37,254,320,text_1569,text_1},{0,61,218,320,text_1641,text_1},{1,118,183,320,text_2329,text_1},{0,43,248,320,text_600,text_1},{0,15,277,320,text_888,text_1},{0,37,258,320,text_2330,text_1},{0,26,281,320,text_2244,text_1},{29,93,228,320,text_1879,text_1},{0,42,189,320,text_1964,text_1},{0,40,263,320,text_2331,text_1},{0,44,280,320,text_2332,text_1},{0,46,248,320,text_2333,text_1},{0,65,240,320,text_2334,text_1},{0,83,271,320,text_547,text_1},{0,58,280,320,text_1894,text_1},{0,205,100,195,text_2335,text_2336},{0,46,217,320,text_2337,text_1},{0,43,260,320,text_2338,text_1},{0,97,157,320,text_2339,text_1},{16,48,298,320,text_2340,text_1},{0,50,245,320,text_2341,text_1},{0,46,231,320,text_2342,text_1},{0,51,221,320,text_2343,text_1},{0,64,225,320,text_2344,text_1},{1,47,245,320,text_2345,text_1},{0,32,243,320,text_2346,text_1},{0,69,194,320,text_2347,text_1},{0,40,263,320,text_2348,text_1},{0,52,194,320,text_2349,text_1},{0,31,271,320,text_516,text_1},{0,70,174,320,text_2350,text_1},{1,73,263,320,text_2351,text_1},{0,34,271,320,text_907,text_1},{0,21,274,320,text_1102,text_1},{0,44,208,320,text_2352,text_1},{0,20,280,320,text_2353,text_1},{0,40,268,320,text_2354,text_1},{0,27,263,320,text_2355,text_1},{0,48,234,320,text_2356,text_1},{0,71,220,320,text_2091,text_1},{0,33,308,320,text_1189,text_1},{1,28,283,320,text_335,text_1},{0,92,143,320,text_2357,text_1},{0,65,177,320,text_2358,text_1},{0,70,203,320,text_2359,text_1},{0,53,196,320,text_2360,text_1},{0,20,288,320,text_896,text_1},{5,22,291,320,text_2361,text_1},{0,41,231,320,text_2362,text_1},{0,42,254,320,text_1569,text_1},{0,50,218,320,text_943,text_1},{0,49,232,320,text_2363,text_1},{0,37,254,320,text_598,text_1},{0,45,224,320,text_811,text_1},{0,44,238,320,text_955,text_1},{0,48,271,320,text_748,text_1},{0,41,255,320,text_891,text_1},{10,77,234,320,text_2364,text_1},{0,26,268,320,text_2365,text_1},{39,91,248,320,text_2103,text_1},{0,18,300,320,text_612,text_1},{0,48,210,320,text_1277,text_1},{1,95,140,320,text_2366,text_1},{0,70,186,320,text_2367,text_1},{0,39,240,320,text_1877,text_1},{2,65,260,320,text_1605,text_1},{0,49,224,320,text_2368,text_1},{1,29,300,320,text_2369,text_1},{1,18,291,320,text_809,text_1},{0,61,166,320,text_2370,text_1},{0,32,240,320,text_656,text_1},{0,37,263,320,text_900,text_1},{0,90,209,320,text_2371,text_1},{0,27,291,320,text_417,text_1},{0,121,147,320,text_2372,text_1},{0,74,221,320,text_864,text_1},{0,15,291,320,text_988,text_1},{1,104,164,320,text_2373,text_1},{0,48,255,320,text_2309,text_1},{0,58,214,320,text_2374,text_1},{1,23,269,320,text_1438,text_1},{0,36,280,320,text_2375,text_1},{0,105,134,320,text_2376,text_1},{0,42,271,320,text_2377,text_1},{0,27,266,320,text_2378,text_1},{0,54,208,320,text_2379,text_1},{0,14,300,320,text_2380,text_1},{5,27,283,320,text_1162,text_1},{0,20,291,320,text_728,text_1},{0,17,291,320,text_406,text_1},{0,57,217,320,text_2381,text_1},{0,60,217,320,text_1140,text_1},{0,27,271,320,text_2382,text_1},{0,25,291,320,text_743,text_1},{0,39,240,320,text_453,text_1},{0,36,271,320,text_907,text_1},{0,21,300,320,text_686,text_1},{0,23,288,320,text_896,text_1},{0,64,238,320,text_2383,text_1},{0,63,265,320,text_1958,text_1},{0,42,260,320,text_2384,text_1},{0,21,271,320,text_418,text_1},{0,54,254,320,text_2385,text_1},{0,76,174,320,text_2386,text_1},{0,72,171,320,text_2387,text_1},{0,60,212,320,text_672,text_1},{3,61,234,320,text_2388,text_1},{6,35,291,320,text_1293,text_1},{5,64,243,320,text_2389,text_1},{11,73,172,320,text_2390,text_1},{0,45,231,320,text_2391,text_1},{0,42,268,320,text_2392,text_1},{0,23,271,320,text_1120,text_1},{0,87,192,320,text_2327,text_1},{0,67,191,320,text_660,text_1},{0,53,228,320,text_2393,text_1},{4,34,263,320,text_1402,text_1},{0,22,280,320,text_947,text_1},{0,48,231,320,text_311,text_1},{2,34,271,320,text_581,text_1},{0,39,240,320,text_1877,text_1},{0,77,163,320,text_2394,text_1},{0,62,229,320,text_2395,text_1},{8,51,251,320,text_2396,text_1},{0,83,181,320,text_2397,text_1},{0,29,251,320,text_399,text_1},{0,16,300,320,text_734,text_1},{0,46,237,320,text_2398,text_1},{7,57,277,320,text_2399,text_1},{0,50,231,320,text_2342,text_1},{0,52,251,320,text_2400,text_1},{0,14,291,320,text_2401,text_1},{0,64,178,320,text_2402,text_1},{4,50,251,320,text_2403,text_1},{0,36,271,320,text_2377,text_1},{0,66,237,320,text_2404,text_1},{0,50,204,320,text_2405,text_1},{0,46,210,320,text_2406,text_1},{0,52,240,320,text_313,text_1},{0,62,237,320,text_905,text_1},{0,49,234,320,text_2407,text_1},{0,38,274,320,text_2408,text_1},{0,56,212,320,text_2409,text_1},{0,55,211,320,text_1376,text_1},{0,23,288,320,text_1280,text_1},{0,43,277,320,text_2410,text_1},{0,22,288,320,text_1071,text_1},{2,60,231,320,text_2411,text_1},{0,43,257,320,text_1113,text_1},{0,50,217,320,text_1058,text_1},{27,76,186,320,text_2412,text_1},{9,98,123,283,text_1202,text_1203},{12,29,277,320,text_1023,text_1},{8,30,291,320,text_1839,text_1},{0,44,211,320,text_2413,text_1},{0,62,211,320,text_2414,text_1},{0,47,285,320,text_465,text_1},{0,81,174,320,text_2386,text_1},{0,26,263,320,text_1936,text_1},{0,35,237,320,text_2168,text_1},{0,43,203,320,text_1930,text_1},{0,42,251,320,text_805,text_1},{0,49,280,320,text_1044,text_1},{5,45,280,320,text_473,text_1},{0,23,300,320,text_923,text_1},{0,47,232,320,text_2415,text_1},{0,31,271,320,text_1000,text_1},{0,63,209,320,text_2416,text_1},{0,38,226,320,text_2417,text_1},{0,181,100,205,text_2418,text_2419},{0,24,254,320,text_1863,text_1},{6,21,291,320,text_1642,text_1},{0,38,268,320,text_2137,text_1},{0,63,220,320,text_2420,text_1},{0,22,288,320,text_364,text_1},{0,105,177,320,text_2421,text_1},{0,32,240,320,text_682,text_1},{0,113,211,320,text_2422,text_1},{0,28,300,320,text_2144,text_1},{0,35,223,320,text_2423,text_1},{0,49,257,320,text_2424,text_1},{0,46,211,320,text_437,text_1},{0,37,246,320,text_950,text_1},{0,32,271,320,text_1748,text_1},{0,39,234,320,text_2425,text_1},{2,21,297,320,text_722,text_1},{25,114,146,320,text_2426,text_1},{0,113,141,320,text_1495,text_1},{0,52,191,320,text_2427,text_1},{0,33,231,320,text_1514,text_1},{32,119,234,320,text_2428,text_1},{0,13,291,320,text_432,text_1},{0,47,206,320,text_2429,text_1},{0,35,260,320,text_661,text_1},{0,29,251,320,text_1028,text_1},{0,66,194,320,text_2430,text_1},{0,103,114,320,text_2431,text_1},{0,32,257,320,text_2432,text_1},{0,36,220,320,text_835,text_1},{0,36,238,320,text_38,text_1},{3,46,220,320,text_2433,text_1},{0,44,243,320,text_2434,text_1},{0,73,240,320,text_2051,text_1},{0,71,194,320,text_2435,text_1},{1,54,254,320,text_889,text_1},{0,61,237,320,text_2436,text_1},{0,21,277,320,text_803,text_1},{0,121,104,320,text_2437,text_1},{4,21,277,320,text_1023,text_1},{0,40,234,320,text_2438,text_1},{0,35,269,320,text_746,text_1},{0,120,169,320,text_2439,text_1},{0,69,248,320,text_2300,text_1},{2,50,262,320,text_2440,text_1},{1,13,308,320,text_1082,text_1},{0,26,269,320,text_746,text_1},{0,49,234,320,text_2441,text_1},{0,47,268,320,text_1996,text_1},{0,14,291,320,text_809,text_1},{0,66,245,320,text_2442,text_1},{0,45,223,320,text_2443,text_1},{0,31,291,320,text_922,text_1},{0,40,260,320,text_661,text_1},{0,58,229,320,text_1472,text_1},{0,65,243,320,text_1966,text_1},{0,60,248,320,text_2234,text_1},{0,46,234,320,text_2444,text_1},{0,30,280,320,text_2445,text_1},{3,90,154,320,text_2446,text_1},{0,34,243,320,text_1971,text_1},{0,21,291,320,text_922,text_1},{0,84,226,320,text_2447,text_1},{0,52,245,320,text_1210,text_1},{2,249,95,206,text_2448,text_2449},{0,18,271,320,text_1256,text_1},{1,29,285,320,text_2450,text_1},{0,55,211,320,text_1376,text_1},{0,52,268,320,text_1389,text_1},{0,28,285,320,text_464,text_1},{0,36,234,320,text_980,text_1},{0,43,195,320,text_331,text_1},{0,38,251,320,text_2451,text_1},{0,37,240,320,text_2452,text_1},{0,44,220,320,text_835,text_1},{0,46,263,320,text_1598,text_1},{0,29,280,320,text_2453,text_1},{0,39,308,320,text_1189,text_1},{6,43,280,320,text_1980,text_1},{0,204,103,197,text_2454,text_2455},{0,59,234,320,text_1051,text_1},{6,26,269,320,text_2456,text_1},{1,39,291,320,text_2457,text_1},{0,79,283,320,text_2458,text_1},{0,103,114,298,text_2459,text_2460},{0,27,280,320,text_2461,text_1},{0,54,234,320,text_1805,text_1},{0,31,269,320,text_746,text_1},{0,78,183,320,text_2462,text_1},{0,57,192,320,text_443,text_1},{0,36,229,320,text_2463,text_1},{1,68,209,320,text_744,text_1},{0,22,278,320,text_635,text_1},{0,60,184,320,text_2464,text_1},{0,32,260,320,text_2465,text_1},{0,46,237,320,text_2466,text_1},{0,58,240,320,text_2467,text_1},{0,64,215,320,text_2468,text_1},{0,35,263,320,text_797,text_1},{0,86,177,320,text_2469,text_1},{0,57,257,320,text_2470,text_1},{0,55,218,320,text_2471,text_1},{0,37,251,320,text_517,text_1},{0,28,252,320,text_545,text_1},{0,124,141,320,text_2472,text_1},{0,43,260,320,text_823,text_1},{0,82,214,320,text_2473,text_1},{0,48,226,320,text_2474,text_1},{0,30,263,320,text_2170,text_1},{0,56,208,320,text_2475,text_1},{0,31,277,320,text_888,text_1},{0,29,263,320,text_2476,text_1},{0,74,163,320,text_2477,text_1},{0,18,288,320,text_364,text_1},{0,76,197,320,text_2478,text_1},{0,27,257,320,text_1265,text_1},{0,31,254,320,text_2479,text_1},{0,42,263,320,text_1276,text_1},{0,42,257,320,text_2480,text_1},{0,18,294,320,text_309,text_1},{0,87,174,320,text_1654,text_1},{0,15,300,320,text_564,text_1},{0,61,223,320,text_2481,text_1},{0,93,131,320,text_2482,text_1},{0,37,271,320,text_581,text_1},{0,35,260,320,text_2303,text_1},{0,57,223,320,text_2483,text_1},{5,46,260,320,text_921,text_1},{0,28,283,320,text_2484,text_1},{0,44,237,320,text_2485,text_1},{0,122,108,320,text_2486,text_1},{0,78,169,320,text_2487,text_1},{0,91,173,320,text_2488,text_1},{0,19,283,320,text_852,text_1},{0,17,283,320,text_345,text_1},{0,50,231,320,text_2489,text_1},{0,29,271,320,text_1256,text_1},{0,35,277,320,text_803,text_1},{0,69,174,320,text_2490,text_1},{0,127,180,320,text_2491,text_1},{0,73,183,320,text_521,text_1},{0,45,260,320,text_661,text_1},{0,53,174,320,text_850,text_1},{0,60,228,320,text_994,text_1},{0,105,94,320,text_2492,text_1},{0,50,240,320,text_630,text_1},{2,42,263,320,text_1598,text_1},{0,38,280,320,text_1980,text_1},{0,78,214,320,text_2493,text_1},{0,59,240,320,text_2494,text_1},{0,88,231,320,text_2495,text_1},{0,46,194,320,text_2496,text_1},{0,89,203,320,text_2497,text_1},{0,89,183,320,text_2498,text_1},{0,50,217,320,text_2499,text_1},{0,80,226,320,text_2447,text_1},{2,45,234,320,text_2500,text_1},{1,117,96,320,text_2501,text_1},{0,30,260,320,text_2502,text_1},{0,32,263,320,text_900,text_1},{0,103,132,320,text_2503,text_1},{0,40,254,320,text_2504,text_1},{0,96,123,320,text_2505,text_1},{0,51,188,320,text_2506,text_1},{0,79,255,320,text_2507,text_1},{0,36,263,320,text_797,text_1},{0,22,283,320,text_575,text_1},{0,36,242,320,text_2508,text_1},{3,90,141,320,text_2472,text_1},{0,44,260,320,text_708,text_1},{0,30,288,320,text_632,text_1},{0,30,261,320,text_2509,text_1},{0,16,271,320,text_631,text_1},{0,43,308,320,text_1189,text_1},{0,33,252,320,text_2510,text_1},{0,47,223,320,text_2511,text_1},{0,37,234,320,text_980,text_1},{1,46,265,320,text_2512,text_1},{4,65,215,320,text_2513,text_1},{0,81,217,320,text_2514,text_1},{0,66,203,320,text_2515,text_1},{0,50,276,320,text_882,text_1},{1,155,106,269,text_2516,text_471},{0,16,277,320,text_1023,text_1},{6,61,240,320,text_2517,text_1},{0,33,261,320,text_2518,text_1},{1,13,283,320,text_2519,text_1},{0,22,254,320,text_2520,text_1},{2,90,220,320,text_2521,text_1},{0,28,269,320,text_709,text_1},{0,71,134,320,text_2522,text_1},{0,17,291,320,text_560,text_1},{0,33,291,320,text_1839,text_1},{0,46,243,320,text_2523,text_1},{0,26,251,320,text_1225,text_1},{0,92,248,320,text_2524,text_1},{0,84,177,320,text_2525,text_1},{0,31,291,320,text_2526,text_1},{2,18,271,320,text_1256,text_1},{2,43,268,320,text_2527,text_1},{0,40,224,320,text_811,text_1},{0,28,258,320,text_2528,text_1},{0,46,243,320,text_2529,text_1},{0,101,109,320,text_2530,text_1},{0,26,288,320,text_2531,text_1},{0,190,107,217,text_2532,text_2533},{0,46,271,320,text_2534,text_1},{0,53,248,320,text_2535,text_1},{0,52,251,320,text_2536,text_1},{0,38,224,320,text_811,text_1},{0,89,160,320,text_2537,text_1},{0,35,260,320,text_2538,text_1},{0,22,283,320,text_2539,text_1},{0,10,300,320,text_964,text_1},{0,72,180,320,text_2540,text_1},{0,36,228,320,text_2541,text_1},{0,27,271,320,text_1505,text_1},{0,34,263,320,text_1916,text_1},{0,52,198,320,text_2542,text_1},{0,20,294,320,text_309,text_1},{0,37,214,320,text_2543,text_1},{0,40,246,320,text_2544,text_1},{0,14,300,320,text_1234,text_1},{0,46,206,320,text_2545,text_1},{0,57,243,320,text_2546,text_1},{0,14,308,320,text_1082,text_1},{0,18,291,320,text_949,text_1},{0,22,288,320,text_1071,text_1},{0,50,214,320,text_2547,text_1},{3,40,234,320,text_2548,text_1},{0,96,163,320,text_2549,text_1},{0,67,197,320,text_2550,text_1},{0,86,238,320,text_955,text_1},{0,18,280,320,text_947,text_1},{0,98,167,320,text_2551,text_1},{0,20,294,320,text_309,text_1},{0,27,231,320,text_2552,text_1},{0,45,234,320,text_825,text_1},{0,22,283,320,text_605,text_1},{0,53,172,320,text_2553,text_1},{0,26,269,320,text_970,text_1},{0,23,269,320,text_2554,text_1},{0,71,220,320,text_2555,text_1},{0,16,300,320,text_612,text_1},{0,50,257,320,text_2556,text_1},{0,19,283,320,text_2557,text_1},{0,50,238,320,text_955,text_1},{0,68,183,320,text_2558,text_1},{0,31,245,320,text_2559,text_1},{0,54,190,320,text_2560,text_1},{0,38,203,320,text_2561,text_1},{0,42,269,320,text_511,text_1},{0,23,271,320,text_418,text_1},{0,44,280,320,text_2562,text_1},{0,121,100,320,text_2563,text_1},{0,18,271,320,text_631,text_1},{0,28,271,320,text_1479,text_1},{0,81,228,320,text_2564,text_1},{1,22,300,320,text_11,text_1},{0,51,231,320,text_2565,text_1},{0,13,294,320,text_309,text_1},{0,29,252,320,text_1195,text_1},{1,53,260,320,text_2566,text_1},{0,24,251,320,text_366,text_1},{0,37,260,320,text_921,text_1},{0,70,220,320,text_611,text_1},{0,26,261,320,text_2567,text_1},{0,50,198,320,text_2568,text_1},{0,70,183,320,text_903,text_1},{0,34,246,320,text_950,text_1},{1,71,180,320,text_2569,text_1},{0,41,260,320,text_823,text_1},{0,34,263,320,text_2570,text_1},{0,19,283,320,text_477,text_1},{0,144,92,320,text_2571,text_1},{4,48,251,320,text_2536,text_1},{5,83,209,320,text_2572,text_1},{1,56,211,320,text_2573,text_1},{0,52,211,320,text_2066,text_1},{0,26,263,320,text_900,text_1},{0,32,263,320,text_1916,text_1},{0,40,218,320,text_2574,text_1},{0,77,189,320,text_2575,text_1},{0,13,300,320,text_430,text_1},{0,34,268,320,text_2576,text_1},{0,28,271,320,text_1579,text_1},{0,56,211,320,text_2070,text_1},{0,65,197,320,text_2577,text_1},{0,18,288,320,text_1071,text_1},{0,61,243,320,text_2546,text_1},{0,75,183,320,text_903,text_1},{0,61,217,320,text_2499,text_1},{1,169,114,320,text_2578,text_1},{0,39,208,320,text_2579,text_1},{0,57,186,320,text_2580,text_1},{0,43,294,320,text_996,text_1},{0,49,172,320,text_2581,text_1},{0,14,291,320,text_406,text_1},{0,9,300,320,text_1344,text_1},{0,50,205,320,text_2582,text_1},{1,59,291,320,text_712,text_1},{0,44,248,320,text_1048,text_1},{0,151,208,223,text_2583,text_2584},{0,50,186,320,text_2133,text_1},{0,34,268,320,text_2585,text_1},{3,49,240,320,text_2586,text_1},{0,48,201,320,text_2587,text_1},{0,38,263,320,text_2588,text_1},{0,63,254,320,text_2589,text_1},{0,18,291,320,text_608,text_1},{2,50,226,320,text_2590,text_1},{0,45,214,320,text_554,text_1},{0,43,248,320,text_2591,text_1},{0,37,237,320,text_2398,text_1},{4,46,257,320,text_2592,text_1},{8,101,171,320,text_2593,text_1},{1,62,263,320,text_2594,text_1},{0,30,291,320,text_2595,text_1},{0,32,294,320,text_2596,text_1},{0,83,182,320,text_2597,text_1},{0,25,280,320,text_473,text_1},{0,47,237,320,text_2598,text_1},{2,29,248,320,text_2599,text_1},{0,41,271,320,text_2600,text_1},{0,65,208,320,text_2601,text_1},{0,23,269,320,text_358,text_1},{0,50,212,320,text_2409,text_1},{0,36,223,320,text_2602,text_1},{0,124,240,320,text_2603,text_1},{0,59,223,320,text_1401,text_1},{0,40,271,320,text_748,text_1},{0,22,278,320,text_635,text_1},{0,48,197,320,text_1546,text_1},{0,61,174,320,text_2604,text_1},{0,15,288,320,text_1071,text_1},{0,24,269,320,text_2605,text_1},{6,24,291,320,text_1642,text_1},{1,23,288,320,text_736,text_1},{0,23,271,320,text_1479,text_1},{0,85,171,320,text_2606,text_1},{0,44,246,320,text_2544,text_1},{0,81,138,320,text_2607,text_1},{0,91,206,320,text_2608,text_1},{2,86,168,320,text_2609,text_1},{0,51,271,320,text_1579,text_1},{0,43,274,320,text_392,text_1},{0,72,209,320,text_2610,text_1},{0,26,281,320,text_2244,text_1},{0,19,291,320,text_922,text_1},{0,38,243,320,text_2611,text_1},{0,43,237,320,text_2612,text_1},{0,29,274,320,text_2613,text_1},{0,35,271,320,text_516,text_1},{1,74,237,320,text_2398,text_1},{0,129,172,320,text_2614,text_1},{0,131,97,263,text_2615,text_2616},{0,46,217,320,text_1140,text_1},{0,36,263,320,text_2476,text_1},{0,53,217,320,text_1058,text_1},{49,97,285,320,text_2617,text_1},{0,34,260,320,text_653,text_1},{0,62,231,320,text_1628,text_1},{0,14,300,320,text_1344,text_1},{0,53,243,320,text_2618,text_1},{0,12,291,320,text_406,text_1},{0,36,263,320,text_1032,text_1},{0,31,240,320,text_682,text_1},{3,64,186,320,text_2619,text_1},{0,32,271,320,text_516,text_1},{4,36,263,320,text_2588,text_1},{8,46,271,320,text_827,text_1},{0,20,277,320,text_888,text_1},{0,31,248,320,text_600,text_1},{0,55,226,320,text_2620,text_1},{0,47,260,320,text_741,text_1},{0,23,269,320,text_709,text_1},{3,45,260,320,text_339,text_1},{0,22,271,320,text_418,text_1},{0,37,248,320,text_2621,text_1},{0,29,277,320,text_1073,text_1},{0,43,260,320,text_1605,text_1},{0,59,251,320,text_2622,text_1},{5,54,237,320,text_1089,text_1},{0,43,308,320,text_1189,text_1},{0,39,229,320,text_2623,text_1},{0,50,258,320,text_2624,text_1},{0,43,280,320,text_2625,text_1},{0,32,243,320,text_2626,text_1},{0,39,237,320,text_2328,text_1},{0,23,283,320,text_514,text_1},{0,36,254,320,text_2627,text_1},{0,32,271,320,text_1000,text_1},{0,35,234,320,text_979,text_1},{0,46,243,320,text_2628,text_1},{0,49,277,320,text_550,text_1},{0,18,283,320,text_308,text_1},{0,43,243,320,text_597,text_1},{0,34,246,320,text_950,text_1},{0,89,251,320,text_2629,text_1},{0,51,224,320,text_2368,text_1},{0,46,201,320,text_2630,text_1},{0,34,251,320,text_2631,text_1},{41,72,285,320,text_2617,text_1},{0,100,141,320,text_2632,text_1},{0,48,224,320,text_2633,text_1},{76,191,120,320,text_2634,text_1},{0,46,257,320,text_2635,text_1},{0,22,280,320,text_1931,text_1},{0,38,265,320,text_2636,text_1},{0,43,226,320,text_2637,text_1},{0,40,274,320,text_2613,text_1},{0,84,140,320,text_2638,text_1},{0,71,211,320,text_915,text_1},{0,28,234,320,text_1174,text_1},{0,36,237,320,text_700,text_1},{0,45,217,320,text_1058,text_1},{5,42,246,320,text_2639,text_1},{3,66,205,320,text_2640,text_1},{37,74,285,320,text_1247,text_1},{0,44,263,320,text_1032,text_1},{0,26,277,320,text_2641,text_1},{0,55,186,320,text_2642,text_1},{5,123,114,291,text_2643,text_2644},{0,34,268,320,text_2645,text_1},{0,74,191,320,text_2646,text_1},{0,18,294,320,text_309,text_1},{0,35,271,320,text_827,text_1},{0,57,234,320,text_1178,text_1},{0,44,283,320,text_514,text_1},{4,35,285,320,text_465,text_1},{0,141,106,265,text_2647,text_2648},{7,40,262,320,text_2649,text_1},{0,17,283,320,text_737,text_1},{0,19,288,320,text_896,text_1},{2,71,197,320,text_2650,text_1},{0,70,183,320,text_2651,text_1},{2,34,280,320,text_487,text_1},{0,59,240,320,text_2051,text_1},{0,42,271,320,text_827,text_1},{0,67,191,320,text_2652,text_1},{0,58,224,320,text_2653,text_1},{0,35,243,320,text_2654,text_1},{0,64,214,320,text_587,text_1},{0,30,268,320,text_636,text_1},{11,41,243,320,text_2655,text_1},{4,26,291,320,text_2656,text_1},{0,16,291,320,text_2657,text_1},{4,43,248,320,text_2658,text_1},{0,18,278,320,text_635,text_1},{2,61,251,320,text_2659,text_1},{0,50,217,320,text_1190,text_1},{0,35,261,320,text_2518,text_1},{0,78,220,320,text_2660,text_1},{0,29,254,320,text_2661,text_1},{0,69,183,320,text_2662,text_1},{0,27,251,320,text_399,text_1},{3,39,283,320,text_308,text_1},{0,72,168,320,text_2609,text_1},{0,127,117,289,text_2663,text_2664},{0,58,285,320,text_1065,text_1},{10,68,208,320,text_2665,text_1},{0,72,141,320,text_2632,text_1},{0,38,260,320,text_787,text_1},{0,33,251,320,text_1108,text_1},{0,80,200,320,text_2666,text_1},{0,121,117,320,text_2667,text_1},{0,131,105,320,text_2668,text_1},{1,80,228,320,text_2669,text_1},{0,29,263,320,text_2670,text_1},{0,78,231,320,text_2671,text_1},{0,51,280,320,text_2672,text_1},{3,119,168,320,text_2673,text_1},{0,107,95,263,text_2674,text_2616},{0,48,234,320,text_1051,text_1},{8,26,291,320,text_2401,text_1},{0,39,281,320,text_990,text_1},{0,15,300,320,text_878,text_1},{0,44,240,320,text_1384,text_1},{0,49,223,320,text_2675,text_1},{0,44,206,320,text_2676,text_1},{0,47,254,320,text_2677,text_1},{0,42,260,320,text_2678,text_1},{0,23,297,320,text_1268,text_1},{0,29,280,320,text_330,text_1},{0,92,109,320,text_2679,text_1},{7,44,280,320,text_2625,text_1},{0,43,209,320,text_2680,text_1},{0,48,232,320,text_439,text_1},{0,144,106,265,text_2647,text_2648},{0,36,300,320,text_2681,text_1},{2,32,280,320,text_2682,text_1},{0,9,298,320,text_2683,text_1},{0,46,248,320,text_2684,text_1},{0,23,291,320,text_2685,text_1},{0,74,154,320,text_2194,text_1},{0,36,271,320,text_581,text_1},{0,52,234,320,text_1051,text_1},{0,62,240,320,text_2051,text_1},{0,42,229,320,text_475,text_1},{0,31,255,320,text_891,text_1},{35,91,184,320,text_2686,text_1},{0,31,268,320,text_908,text_1},{0,89,214,320,text_2687,text_1},{0,38,274,320,text_2688,text_1},{0,51,260,320,text_823,text_1},{0,58,204,320,text_2689,text_1},{0,40,254,320,text_2690,text_1},{0,18,288,320,text_445,text_1},{0,53,237,320,text_2691,text_1},{0,17,289,320,text_2692,text_1},{0,22,278,320,text_635,text_1},{0,65,231,320,text_2693,text_1},{0,15,260,320,text_2185,text_1},{0,50,174,320,text_2694,text_1},{0,159,129,261,text_2695,text_2696},{0,23,300,320,text_612,text_1},{0,42,251,320,text_1027,text_1},{0,89,168,320,text_2697,text_1},{0,84,146,320,text_2698,text_1},{0,36,271,320,text_581,text_1},{0,27,291,320,text_2699,text_1},{0,103,169,320,text_763,text_1},{0,40,223,320,text_1128,text_1},{0,102,169,320,text_763,text_1},{1,46,283,320,text_2700,text_1},{0,22,300,320,text_734,text_1},{0,41,237,320,text_2701,text_1},{0,52,240,320,text_555,text_1},{3,26,288,320,text_736,text_1},{0,78,220,320,text_2702,text_1},{0,24,269,320,text_2605,text_1},{0,17,291,320,text_684,text_1},{0,47,263,320,text_2703,text_1},{0,30,251,320,text_2704,text_1},{2,92,157,320,text_2705,text_1},{0,18,277,320,text_449,text_1},{0,26,240,320,text_1236,text_1},{0,13,291,320,text_326,text_1},{0,32,271,320,text_2706,text_1},{0,41,260,320,text_2678,text_1},{0,96,186,320,text_2707,text_1},{0,22,294,320,text_309,text_1},{0,128,107,271,text_2708,text_2709},{0,108,143,320,text_2710,text_1},{2,58,248,320,text_317,text_1},{19,50,280,320,text_473,text_1},{0,31,251,320,text_1813,text_1},{0,24,269,320,text_746,text_1},{0,29,254,320,text_598,text_1},{0,147,106,260,text_2711,text_2712},{0,34,260,320,text_661,text_1},{0,28,240,320,text_682,text_1},{0,35,229,320,text_2713,text_1},{0,67,163,320,text_2714,text_1},{1,30,280,320,text_2715,text_1},{7,36,262,320,text_1163,text_1},{2,44,223,320,text_1128,text_1},{0,26,280,320,text_1242,text_1},{0,26,263,320,text_2266,text_1},{0,30,271,320,text_1692,text_1},{3,58,240,320,text_453,text_1},{2,62,251,320,text_2716,text_1},{0,119,146,320,text_2698,text_1},{0,35,240,320,text_2717,text_1},{0,53,177,320,text_1007,text_1},{0,35,254,320,text_2661,text_1},{6,81,171,320,text_2718,text_1},{5,105,181,320,text_2719,text_1},{0,43,268,320,text_2720,text_1},{0,52,237,320,text_2721,text_1},{0,25,271,320,text_901,text_1},{0,40,223,320,text_620,text_1},{0,62,203,320,text_2722,text_1},{0,16,288,320,text_1071,text_1},{0,25,254,320,text_598,text_1},{0,53,205,320,text_2723,text_1},{0,142,100,271,text_2724,text_2725},{1,64,280,320,text_2453,text_1},{0,25,268,320,text_1079,text_1},{0,22,291,320,text_608,text_1},{0,57,254,320,text_2726,text_1},{6,43,234,320,text_1325,text_1},{0,87,174,320,text_1654,text_1},{0,29,263,320,text_900,text_1},{0,45,215,320,text_801,text_1},{0,149,109,251,text_2727,text_2728},{0,24,269,320,text_2729,text_1},{0,10,308,320,text_1082,text_1},{0,36,251,320,text_366,text_1},{0,96,151,320,text_2730,text_1},{11,82,242,320,text_2731,text_1},{0,70,253,320,text_2732,text_1},{0,52,211,320,text_2733,text_1},{0,30,265,320,text_2734,text_1},{0,35,224,320,text_811,text_1},{0,23,291,320,text_2735,text_1},{0,30,269,320,text_2456,text_1},{0,16,300,320,text_564,text_1},{1,19,277,320,text_1023,text_1},{0,59,265,320,text_2736,text_1},{0,13,291,320,text_500,text_1},{0,72,206,320,text_2737,text_1},{0,18,260,320,text_2738,text_1},{0,44,246,320,text_1947,text_1},{0,53,248,320,text_2739,text_1},{0,32,271,320,text_2740,text_1},{0,29,260,320,text_2741,text_1},{7,60,226,320,text_2742,text_1},{0,78,194,320,text_2743,text_1},{0,124,112,320,text_2744,text_1},{1,18,300,320,text_1344,text_1},{0,35,271,320,text_513,text_1},{0,48,263,320,text_900,text_1},{19,28,306,320,text_876,text_1},{0,25,263,320,text_2745,text_1},{0,18,300,320,text_2746,text_1},{0,126,106,260,text_2711,text_2712},{0,40,258,320,text_2330,text_1},{0,27,291,320,text_1425,text_1},{1,63,209,320,text_744,text_1},{1,22,278,320,text_635,text_1},{0,16,271,320,text_1256,text_1},{0,50,257,320,text_2747,text_1},{0,12,291,320,text_809,text_1},{0,56,200,320,text_1369,text_1},{8,76,180,320,text_2748,text_1},{0,24,291,320,text_417,text_1},{0,59,178,320,text_590,text_1},{0,27,278,320,text_1668,text_1},{0,80,171,320,text_2718,text_1},{0,26,285,320,text_464,text_1},{0,35,255,320,text_2749,text_1},{0,43,203,320,text_2750,text_1},{0,58,231,320,text_2751,text_1},{0,43,277,320,text_2752,text_1},{2,31,263,320,text_900,text_1},{14,60,245,320,text_2753,text_1},{0,62,180,320,text_2754,text_1},{0,60,206,320,text_2755,text_1},{0,38,263,320,text_2703,text_1},{0,39,260,320,text_936,text_1},{0,83,151,320,text_2730,text_1},{0,51,277,320,text_2756,text_1},{10,52,237,320,text_2757,text_1},{0,35,241,320,text_1374,text_1},{0,70,253,320,text_2732,text_1},{0,98,186,320,text_804,text_1},{0,96,169,320,text_2758,text_1},{0,30,263,320,text_2759,text_1},{0,55,212,320,text_672,text_1},{0,45,263,320,text_2760,text_1},{0,19,254,320,text_2761,text_1},{0,36,217,320,text_2499,text_1},{5,45,263,320,text_2762,text_1},{0,68,268,320,text_2763,text_1},{0,112,129,320,text_2764,text_1},{5,53,262,320,text_2765,text_1},{0,35,251,320,text_1238,text_1},{3,65,129,320,text_2766,text_1},{0,64,231,320,text_2767,text_1},{0,56,217,320,text_2768,text_1},{0,64,240,320,text_313,text_1},{0,131,112,320,text_2744,text_1},{0,21,271,320,text_631,text_1},{0,61,220,320,text_2769,text_1},{0,25,289,320,text_1069,text_1},{0,50,212,320,text_672,text_1},{0,250,106,320,text_2770,text_1},{0,41,254,320,text_2504,text_1},{0,43,274,320,text_1207,text_1},{1,31,271,320,text_2771,text_1},{1,35,223,320,text_620,text_1},{0,71,236,320,text_2772,text_1},{0,33,306,320,text_876,text_1},{0,34,291,320,text_684,text_1},{0,46,240,320,text_2773,text_1},{0,19,300,320,text_2774,text_1},{7,62,234,320,text_2775,text_1},{0,64,209,320,text_1614,text_1},{0,34,257,320,text_1113,text_1},{0,26,300,320,text_627,text_1},{0,13,291,320,text_988,text_1},{0,33,251,320,text_2776,text_1},{0,76,240,320,text_2777,text_1},{0,50,206,320,text_2778,text_1},{0,20,288,320,text_1071,text_1},{0,31,260,320,text_2779,text_1},{0,39,274,320,text_1207,text_1},{0,80,194,320,text_2780,text_1},{6,55,262,320,text_2781,text_1},{0,33,300,320,text_2782,text_1},{0,45,257,320,text_2783,text_1},{1,95,197,320,text_2784,text_1},{13,68,260,320,text_2785,text_1},{0,53,186,320,text_2786,text_1},{0,46,248,320,text_607,text_1},{0,60,179,320,text_2787,text_1},{0,20,291,320,text_728,text_1},{0,27,240,320,text_2788,text_1},{0,46,251,320,text_1238,text_1},{0,42,248,320,text_1048,text_1},{0,51,263,320,text_2789,text_1},{0,49,218,320,text_2790,text_1},{0,43,245,320,text_2791,text_1},{0,94,141,320,text_2792,text_1},{0,76,183,320,text_1820,text_1},{0,32,268,320,text_2793,text_1},{9,52,254,320,text_2794,text_1},{0,121,123,283,text_1202,text_1203},{0,112,152,320,text_2795,text_1},{0,55,254,320,text_2796,text_1},{0,33,259,320,text_1434,text_1},{0,51,246,320,text_606,text_1},{0,59,237,320,text_2797,text_1},{0,112,154,320,text_2798,text_1},{3,25,259,320,text_1434,text_1},{0,31,280,320,text_665,text_1},{0,52,214,320,text_574,text_1},{0,55,234,320,text_2799,text_1},{0,31,288,320,text_1280,text_1},{0,14,291,320,text_728,text_1},{0,22,288,320,text_1071,text_1},{0,53,200,320,text_2800,text_1},{0,23,283,320,text_477,text_1},{0,42,274,320,text_1207,text_1},{0,60,191,320,text_1229,text_1},{0,67,203,320,text_1251,text_1},{0,41,248,320,text_2234,text_1},{3,46,234,320,text_2801,text_1},{0,36,254,320,text_2802,text_1},{0,45,223,320,text_2803,text_1},{0,15,288,320,text_1071,text_1},{0,163,180,320,text_2804,text_1},{3,35,260,320,text_369,text_1},{0,71,134,320,text_2522,text_1},{8,25,289,320,text_1088,text_1},{3,18,300,320,text_430,text_1},{1,55,188,320,text_2805,text_1},{0,21,285,320,text_464,text_1},{1,29,254,320,text_1844,text_1},{0,101,169,320,text_1806,text_1},{0,60,240,320,text_2806,text_1},{0,75,166,320,text_2807,text_1},{0,37,248,320,text_2240,text_1},{0,37,246,320,text_950,text_1},{0,59,237,320,text_2808,text_1},{0,88,151,320,text_2809,text_1},{0,182,97,263,text_2810,text_2811},{4,48,240,320,text_2812,text_1},{0,31,243,320,text_2813,text_1},{0,46,251,320,text_649,text_1},{0,32,252,320,text_1195,text_1},{0,91,174,320,text_1654,text_1},{0,35,285,320,text_465,text_1},{0,32,261,320,text_2814,text_1},{0,10,300,320,text_430,text_1},{1,47,194,320,text_2815,text_1},{0,50,248,320,text_2816,text_1},{0,27,254,320,text_2817,text_1},{0,107,226,320,text_2818,text_1},{0,96,197,320,text_2784,text_1},{0,82,148,320,text_2819,text_1},{0,45,246,320,text_2820,text_1},{0,27,274,320,text_1798,text_1},{3,57,214,320,text_1341,text_1},{0,45,237,320,text_905,text_1},{0,41,280,320,text_2821,text_1},{0,39,234,320,text_2822,text_1},{0,86,129,320,text_2764,text_1},{0,106,137,320,text_2823,text_1},{0,37,248,320,text_1048,text_1},{0,122,183,320,text_2824,text_1},{0,29,285,320,text_464,text_1},{0,48,204,320,text_1603,text_1},{0,15,291,320,text_1180,text_1},{0,44,268,320,text_2825,text_1},{0,51,194,320,text_2826,text_1},{0,35,263,320,text_2827,text_1},{0,36,277,320,text_2828,text_1},{0,130,160,320,text_2829,text_1},{0,21,280,320,text_947,text_1},{1,23,291,320,text_500,text_1},{0,64,208,320,text_2830,text_1},{0,22,271,320,text_513,text_1},{0,65,237,320,text_2797,text_1},{5,43,249,320,text_2831,text_1},{0,48,246,320,text_2832,text_1},{0,76,120,320,text_2833,text_1},{0,58,220,320,text_914,text_1},{0,77,183,320,text_2834,text_1},{0,42,260,320,text_921,text_1},{8,133,92,320,text_2835,text_1},{1,46,254,320,text_2836,text_1},{0,15,291,320,text_728,text_1},{0,46,300,320,text_686,text_1},{0,38,243,320,text_402,text_1},{0,54,236,320,text_2772,text_1},{1,39,234,320,text_979,text_1},{1,35,260,320,text_369,text_1},{4,32,263,320,text_2837,text_1},{0,45,243,320,text_2838,text_1},{0,25,285,320,text_464,text_1},{0,11,300,320,text_430,text_1},{0,91,134,320,text_2839,text_1},{0,104,199,320,text_2840,text_1},{3,101,194,320,text_759,text_1},{0,47,234,320,text_1175,text_1},{0,46,228,320,text_2393,text_1},{0,41,260,320,text_921,text_1},{0,35,229,320,text_475,text_1},{0,36,246,320,text_843,text_1},{0,68,200,320,text_2841,text_1},{0,49,194,320,text_2842,text_1},{0,17,288,320,text_1071,text_1},{0,70,225,320,text_2843,text_1},{0,48,203,320,text_1503,text_1},{0,24,288,320,text_1071,text_1},{0,41,271,320,text_748,text_1},{1,62,225,320,text_2843,text_1},{0,61,257,320,text_2844,text_1},{0,31,268,320,text_2845,text_1},{0,16,300,320,text_430,text_1},{0,41,291,320,text_2846,text_1},{0,84,189,320,text_2847,text_1},{0,47,231,320,text_2848,text_1},{0,80,172,320,text_2849,text_1},{0,95,134,320,text_1049,text_1},{0,39,260,320,text_339,text_1},{0,35,240,320,text_2850,text_1},{1,74,206,320,text_2851,text_1},{0,51,243,320,text_2852,text_1},{0,44,240,320,text_789,text_1},{0,84,205,320,text_2853,text_1},{0,37,260,320,text_653,text_1},{0,100,141,320,text_2854,text_1},{0,26,261,320,text_2855,text_1},{0,46,214,320,text_354,text_1},{1,47,288,320,text_632,text_1},{0,41,263,320,text_2827,text_1},{1,22,291,320,text_922,text_1},{0,62,225,320,text_2856,text_1},{0,41,241,320,text_610,text_1},{0,54,252,320,text_2857,text_1},{0,145,158,320,text_2858,text_1},{9,79,120,320,text_2833,text_1},{0,37,260,320,text_2859,text_1},{1,21,288,320,text_2860,text_1},{0,20,291,320,text_432,text_1},{0,14,291,320,text_326,text_1},{0,74,166,320,text_2861,text_1},{0,20,283,320,text_605,text_1},{0,33,281,320,text_2244,text_1},{0,32,280,320,text_2862,text_1},{2,55,271,320,text_2863,text_1},{12,57,300,320,text_686,text_1},{0,30,274,320,text_2864,text_1},{0,42,243,320,text_670,text_1},{1,26,263,320,text_900,text_1},{0,83,151,320,text_733,text_1},{0,96,134,320,text_2839,text_1},{0,45,252,320,text_2865,text_1},{0,51,201,320,text_1817,text_1},{56,101,243,320,text_2866,text_1},{0,28,271,320,text_2867,text_1},{0,27,277,320,text_2868,text_1},{0,29,271,320,text_901,text_1},{0,64,183,320,text_1002,text_1},{0,46,248,320,text_2869,text_1},{0,42,240,320,text_2870,text_1},{0,137,92,271,text_2871,text_2872},{0,60,211,320,text_634,text_1},{0,34,258,320,text_2873,text_1},{2,25,268,320,text_2874,text_1},{0,34,263,320,text_2875,text_1},{0,54,251,320,text_2876,text_1},{2,42,243,320,text_670,text_1},{0,87,178,320,text_2877,text_1},{0,30,283,320,text_1545,text_1},{0,128,121,320,text_2878,text_1},{27,68,260,320,text_2879,text_1},{0,88,186,320,text_2880,text_1},{0,54,254,320,text_2881,text_1},{0,69,183,320,text_2662,text_1},{0,30,271,320,text_827,text_1},{0,58,209,320,text_2882,text_1},{0,40,186,320,text_2883,text_1},{1,52,265,320,text_2884,text_1},{0,107,151,320,text_2885,text_1},{1,19,291,320,text_560,text_1},{46,137,172,320,text_2886,text_1},{0,107,106,320,text_2887,text_1},{0,49,240,320,text_789,text_1},{0,36,260,320,text_2888,text_1},{0,40,234,320,text_2889,text_1},{0,36,260,320,text_2888,text_1},{0,34,263,320,text_2890,text_1},{29,49,291,320,text_2891,text_1},{0,40,248,320,text_2892,text_1},{0,107,114,320,text_2893,text_1},{0,30,288,320,text_736,text_1},{0,24,248,320,text_1317,text_1},{0,98,144,320,text_2894,text_1},{0,29,260,320,text_1433,text_1},{0,38,234,320,text_2895,text_1},{3,99,157,320,text_2896,text_1},{0,34,280,320,text_2897,text_1},{0,155,103,283,text_2898,text_2899},{0,63,214,320,text_2900,text_1},{0,72,214,320,text_2901,text_1},{0,27,277,320,text_803,text_1},{0,37,277,320,text_449,text_1},{0,32,288,320,text_2860,text_1},{0,18,300,320,text_1344,text_1},{0,16,288,320,text_1071,text_1},{0,50,228,320,text_2902,text_1},{2,79,229,320,text_2903,text_1},{0,15,291,320,text_728,text_1},{0,14,291,320,text_326,text_1},{0,64,177,320,text_1007,text_1},{0,55,194,320,text_2904,text_1},{0,31,263,320,text_900,text_1},{0,63,175,320,text_2905,text_1},{0,28,285,320,text_464,text_1},{0,44,288,320,text_2906,text_1},{0,28,251,320,text_2907,text_1},{13,33,294,320,text_309,text_1},{0,36,248,320,text_2908,text_1},{0,9,294,320,text_309,text_1},{0,36,224,320,text_811,text_1},{0,67,203,320,text_1251,text_1},{0,26,278,320,text_635,text_1},{0,138,123,320,text_2909,text_1},{0,52,183,320,text_2910,text_1},{1,31,283,320,text_2301,text_1},{3,70,223,320,text_401,text_1},{0,60,206,320,text_2911,text_1},{0,69,140,320,text_1478,text_1},{0,32,263,320,text_917,text_1},{15,21,291,320,text_2912,text_1},{0,46,240,320,text_1683,text_1},{0,25,277,320,text_449,text_1},{2,44,241,320,text_610,text_1},{0,49,206,320,text_2851,text_1},{0,43,255,320,text_891,text_1},{0,118,94,320,text_2913,text_1},{0,26,277,320,text_2914,text_1},{0,84,226,320,text_2915,text_1},{1,45,218,320,text_943,text_1},{0,88,191,320,text_2916,text_1},{0,42,234,320,text_2917,text_1},{0,34,274,320,text_2918,text_1},{53,103,238,320,text_955,text_1},{0,35,254,320,text_2919,text_1},{0,70,220,320,text_2920,text_1},{0,50,260,320,text_2921,text_1},{0,57,252,320,text_2922,text_1},{0,41,271,320,text_1000,text_1},{0,70,149,320,text_2923,text_1},{0,19,291,320,text_1839,text_1},{0,40,248,320,text_600,text_1},{2,35,263,320,text_1916,text_1},{0,38,241,320,text_2924,text_1},{0,28,277,320,text_803,text_1},{0,34,257,320,text_967,text_1},{4,22,288,320,text_2860,text_1},{0,37,228,320,text_2902,text_1},{0,37,251,320,text_2925,text_1},{0,64,252,320,text_2926,text_1},{0,66,154,320,text_2194,text_1},{6,31,257,320,text_1142,text_1},{0,55,201,320,text_2927,text_1},{0,34,291,320,text_2928,text_1},{31,66,245,320,text_2929,text_1},{3,103,103,320,text_2930,text_1},{0,32,283,320,text_351,text_1},{0,60,237,320,text_2931,text_1},{9,86,243,320,text_2932,text_1},{0,55,265,320,text_2933,text_1},{0,60,200,320,text_2934,text_1},{0,37,283,320,text_583,text_1},{0,40,237,320,text_334,text_1},{0,45,268,320,text_2935,text_1},{2,27,263,320,text_1741,text_1},{0,57,211,320,text_1376,text_1},{74,179,217,320,text_2936,text_1},{0,66,231,320,text_2937,text_1},{0,53,240,320,text_724,text_1},{0,69,166,320,text_2938,text_1},{0,53,251,320,text_2939,text_1},{3,87,163,320,text_2940,text_1},{0,82,169,320,text_2941,text_1},{0,129,103,300,text_1353,text_1354},{0,33,265,320,text_2942,text_1},{0,70,154,320,text_2194,text_1},{2,64,214,320,text_2943,text_1},{0,165,126,226,text_2944,text_2945},{0,44,231,320,text_812,text_1},{0,69,186,320,text_2367,text_1},{2,67,180,320,text_2946,text_1},{0,144,129,320,text_2947,text_1},{0,38,257,320,text_967,text_1},{2,31,243,320,text_902,text_1},{1,59,248,320,text_2948,text_1},{1,46,223,320,text_927,text_1},{0,43,234,320,text_1889,text_1},{0,33,280,320,text_2949,text_1},{0,20,280,320,text_947,text_1},{4,40,262,320,text_2950,text_1},{0,32,223,320,text_2423,text_1},{1,14,291,320,text_684,text_1},{0,47,243,320,text_2951,text_1},{4,55,268,320,text_2952,text_1},{0,121,123,320,text_2953,text_1},{17,79,271,320,text_1692,text_1},{0,20,291,320,text_1642,text_1},{1,36,234,320,text_2954,text_1},{1,27,277,320,text_1073,text_1},{0,29,257,320,text_1142,text_1},{0,16,291,320,text_949,text_1},{0,123,126,320,text_2955,text_1},{0,80,162,320,text_1334,text_1},{3,63,214,320,text_2956,text_1},{0,48,229,320,text_475,text_1},{0,28,280,320,text_2715,text_1},{0,195,114,291,text_2957,text_2958},{0,54,223,320,text_1303,text_1},{4,59,251,320,text_1684,text_1},{0,84,198,320,text_2959,text_1},{0,43,254,320,text_2960,text_1},{16,38,280,320,text_473,text_1},{0,62,260,320,text_2961,text_1},{0,35,280,320,text_2445,text_1},{0,19,300,320,text_2962,text_1},{4,30,280,320,text_1517,text_1},{0,101,117,320,text_2963,text_1},{3,30,263,320,text_2964,text_1},{0,21,277,320,text_1023,text_1},{2,37,248,320,text_2965,text_1},{0,71,166,320,text_2938,text_1},{0,97,194,320,text_2966,text_1},{0,72,214,320,text_2967,text_1},{0,16,300,320,text_1880,text_1},{38,107,229,320,text_2968,text_1},{0,78,174,320,text_2969,text_1},{1,44,223,320,text_1128,text_1},{2,50,223,320,text_1128,text_1},{0,29,280,320,text_2445,text_1},{0,23,300,320,text_612,text_1},{0,33,260,320,text_2970,text_1},{0,128,115,291,text_2971,text_2972},{7,61,234,320,text_1051,text_1},{0,24,288,320,text_896,text_1},{0,73,183,320,text_2662,text_1},{0,24,263,320,text_1410,text_1},{1,38,223,320,text_2973,text_1},{0,41,248,320,text_2974,text_1},{0,18,277,320,text_1023,text_1},{0,28,277,320,text_2914,text_1},{0,36,263,320,text_2570,text_1},{0,47,237,320,text_1089,text_1},{0,19,288,320,text_445,text_1},{0,28,271,320,text_2382,text_1},{0,37,291,320,text_684,text_1},{1,56,257,320,text_2975,text_1},{5,70,162,320,text_2976,text_1},{0,44,251,320,text_1225,text_1},{0,40,231,320,text_2977,text_1},{0,55,214,320,text_554,text_1},{0,94,172,320,text_778,text_1},{0,35,280,320,text_1704,text_1},{0,25,268,320,text_2978,text_1},{0,38,234,320,text_2979,text_1},{0,34,223,320,text_2423,text_1},{0,68,209,320,text_744,text_1},{1,128,171,320,text_2980,text_1},{0,33,291,320,text_2981,text_1},{0,134,181,320,text_2982,text_1},{0,102,126,320,text_2955,text_1},{0,29,240,320,text_2983,text_1},{0,38,263,320,text_266,text_1},{0,63,214,320,text_2956,text_1},{0,74,203,320,text_2984,text_1},{0,61,257,320,text_2069,text_1},{0,16,300,320,text_564,text_1},{0,48,257,320,text_1129,text_1},{0,33,231,320,text_2848,text_1},{5,33,243,320,text_2985,text_1},{0,20,283,320,text_583,text_1},{0,25,300,320,text_1977,text_1},{0,81,174,320,text_1955,text_1},{0,48,243,320,text_597,text_1},{0,96,203,320,text_2986,text_1},{0,37,214,320,text_554,text_1},{0,61,214,320,text_2987,text_1},{0,23,283,320,text_583,text_1},{0,22,288,320,text_445,text_1},{1,49,234,320,text_980,text_1},{0,16,300,320,text_1880,text_1},{0,47,266,320,text_2988,text_1},{2,52,291,320,text_416,text_1},{0,35,257,320,text_1215,text_1},{1,25,277,320,text_1073,text_1},{0,54,257,320,text_1129,text_1},{0,65,255,320,text_2989,text_1},{0,65,194,320,text_2435,text_1},{0,44,220,320,text_2990,text_1},{0,46,248,320,text_2991,text_1},{0,113,108,283,text_2279,text_1203},{0,49,234,320,text_1051,text_1},{5,40,223,320,text_2973,text_1},{1,29,300,320,text_686,text_1},{3,25,280,320,text_473,text_1},{0,13,291,320,text_326,text_1},{9,68,183,320,text_683,text_1},{0,23,257,320,text_1142,text_1},{0,11,286,320,text_2992,text_1},{0,66,221,320,text_380,text_1},{0,82,186,320,text_2993,text_1},{0,17,300,320,text_1644,text_1},{0,29,268,320,text_2994,text_1},{0,28,308,320,text_1189,text_1},{0,72,157,320,text_2995,text_1},{0,28,243,320,text_902,text_1},{0,39,271,320,text_1465,text_1},{0,98,208,320,text_2996,text_1},{0,45,243,320,text_642,text_1},{0,57,248,320,text_2300,text_1},{5,35,263,320,text_2997,text_1},{0,49,206,320,text_2755,text_1},{0,21,271,320,text_631,text_1},{2,37,260,320,text_936,text_1},{1,38,214,320,text_554,text_1},{1,56,249,320,text_1691,text_1},{0,35,224,320,text_811,text_1},{0,66,218,320,text_2998,text_1},{0,73,271,320,text_2999,text_1},{7,49,212,320,text_672,text_1},{0,40,234,320,text_2954,text_1},{0,34,257,320,text_3000,text_1},{0,200,101,280,text_3001,text_3002},{0,77,140,320,text_3003,text_1},{0,19,280,320,text_898,text_1},{7,43,291,320,text_1201,text_1},{0,34,268,320,text_3004,text_1},{0,32,280,320,text_1056,text_1},{0,15,300,320,text_564,text_1},{0,38,254,320,text_1185,text_1},{0,29,257,320,text_967,text_1},{0,80,171,320,text_3005,text_1},{19,108,186,320,text_3006,text_1},{0,49,217,320,text_3007,text_1},{0,10,291,320,text_743,text_1},{0,22,271,320,text_418,text_1},{0,68,167,320,text_3008,text_1},{1,37,271,320,text_3009,text_1},{2,41,224,320,text_811,text_1},{0,27,277,320,text_3010,text_1},{0,28,263,320,text_388,text_1},{0,111,201,320,text_3011,text_1},{0,83,175,320,text_3012,text_1},{0,20,283,320,text_583,text_1},{0,11,291,320,text_988,text_1},{3,53,248,320,text_3013,text_1},{7,52,268,320,text_3014,text_1},{0,27,280,320,text_2862,text_1},{0,34,274,320,text_392,text_1},{2,39,294,320,text_840,text_1},{3,69,300,320,text_361,text_1},{0,26,243,320,text_3015,text_1},{0,25,288,320,text_1011,text_1},{0,55,263,320,text_3016,text_1},{0,41,223,320,text_3017,text_1},{0,54,211,320,text_437,text_1},{0,48,220,320,text_2990,text_1},{0,95,177,320,text_3018,text_1},{0,52,207,320,text_3019,text_1},{0,58,234,320,text_3020,text_1},{0,18,277,320,text_888,text_1},{1,28,263,320,text_900,text_1},{0,85,208,320,text_3021,text_1},{0,44,241,320,text_1374,text_1},{0,39,268,320,text_551,text_1},{0,152,110,254,text_3022,text_3023},{3,43,248,320,text_3024,text_1},{0,42,248,320,text_1048,text_1},{0,75,231,320,text_3025,text_1},{0,19,277,320,text_3026,text_1},{0,24,280,320,text_3027,text_1},{0,86,242,320,text_3028,text_1},{1,14,289,320,text_2692,text_1},{0,30,243,320,text_2813,text_1},{0,29,271,320,text_3029,text_1},{0,22,283,320,text_376,text_1},{0,43,254,320,text_3030,text_1},{0,15,300,320,text_1977,text_1},{0,32,254,320,text_3031,text_1},{0,38,280,320,text_3032,text_1},{0,55,271,320,text_2999,text_1},{0,49,240,320,text_3033,text_1},{0,54,241,320,text_1374,text_1},{0,26,289,320,text_3034,text_1},{0,96,163,320,text_3035,text_1},{0,64,214,320,text_1243,text_1},{0,14,291,320,text_988,text_1},{0,35,269,320,text_746,text_1},{4,53,257,320,text_3036,text_1},{0,13,291,320,text_728,text_1},{0,42,224,320,text_811,text_1},{0,34,268,320,text_3004,text_1},{0,34,257,320,text_1142,text_1},{0,119,165,320,text_3037,text_1},{0,43,254,320,text_1164,text_1},{0,33,277,320,text_3038,text_1},{0,39,223,320,text_1128,text_1},{0,52,261,320,text_3039,text_1},{0,50,246,320,text_606,text_1},{3,38,214,320,text_554,text_1},{0,15,300,320,text_612,text_1},{0,28,277,320,text_729,text_1},{0,43,212,320,text_3040,text_1},{0,26,263,320,text_1402,text_1},{0,67,183,320,text_3041,text_1},{0,73,240,320,text_2051,text_1},{0,51,214,320,text_362,text_1},{0,48,246,320,text_3042,text_1},{0,40,280,320,text_2625,text_1},{0,66,271,320,text_547,text_1},{4,111,123,320,text_3043,text_1},{0,29,269,320,text_2605,text_1},{0,38,263,320,text_3044,text_1},{0,30,263,320,text_900,text_1},{1,79,200,320,text_3045,text_1},{0,74,174,320,text_1654,text_1},{0,30,277,320,text_888,text_1},{0,19,300,320,text_430,text_1},{0,43,283,320,text_1121,text_1},{0,55,258,320,text_3046,text_1},{0,68,211,320,text_3047,text_1},{4,70,271,320,text_3048,text_1},{0,30,277,320,text_3026,text_1},{0,50,217,320,text_1058,text_1},{0,49,229,320,text_3049,text_1},{0,35,251,320,text_3050,text_1},{0,33,251,320,text_805,text_1},{0,54,157,320,text_3051,text_1},{0,26,291,320,text_728,text_1},{8,28,291,320,text_949,text_1},{0,23,283,320,text_583,text_1},{0,77,235,320,text_3052,text_1},{0,33,271,320,text_3053,text_1},{0,33,248,320,text_2599,text_1},{0,36,271,320,text_3054,text_1},{0,123,126,320,text_3055,text_1},{0,12,291,320,text_728,text_1},{0,26,308,320,text_1189,text_1},{0,55,206,320,text_1981,text_1},{2,74,211,320,text_3056,text_1},{2,30,268,320,text_3004,text_1},{0,30,280,320,text_473,text_1},{0,9,286,320,text_1008,text_1},{0,67,228,320,text_3057,text_1},{3,27,288,320,text_1280,text_1},{0,49,280,320,text_1704,text_1},{8,73,151,320,text_3058,text_1},{0,63,245,320,text_3059,text_1},{0,25,300,320,text_325,text_1},{0,30,263,320,text_266,text_1},{2,14,291,320,text_417,text_1},{0,13,291,320,text_406,text_1},{1,19,271,320,text_1738,text_1},{0,185,102,320,text_3060,text_1},{0,62,214,320,text_3061,text_1},{0,42,260,320,text_921,text_1},{0,70,228,320,text_3062,text_1},{0,49,271,320,text_748,text_1},{0,69,138,320,text_3063,text_1},{0,44,240,320,text_3064,text_1},{1,20,291,320,text_1201,text_1},{0,68,123,320,text_3065,text_1},{0,14,300,320,text_784,text_1},{0,40,234,320,text_1166,text_1},{0,92,168,320,text_3066,text_1},{0,123,111,320,text_3067,text_1},{0,53,209,320,text_3068,text_1},{0,42,277,320,text_3069,text_1},{0,28,271,320,text_3070,text_1},{5,41,243,320,text_3071,text_1},{0,62,204,320,text_2689,text_1},{0,40,263,320,text_3072,text_1},{0,50,228,320,text_3073,text_1},{2,17,300,320,text_430,text_1},{0,97,151,320,text_974,text_1},{0,36,271,320,text_516,text_1},{1,66,226,320,text_1710,text_1},{0,90,146,320,text_3074,text_1},{0,42,240,320,text_3075,text_1},{0,48,223,320,text_3076,text_1},{0,17,277,320,text_3026,text_1},{0,79,140,320,text_3077,text_1},{0,53,217,320,text_3078,text_1},{0,58,217,320,text_2499,text_1},{0,60,218,320,text_3079,text_1},{0,72,194,320,text_3080,text_1},{0,13,291,320,text_406,text_1},{0,176,134,320,text_3081,text_1},{0,94,203,320,text_3082,text_1},{3,99,94,320,text_3083,text_1},{2,51,231,320,text_1514,text_1},{9,59,257,320,text_3084,text_1},{0,35,248,320,text_2599,text_1},{0,59,243,320,text_1094,text_1},{0,99,149,320,text_3085,text_1},{0,35,237,320,text_2328,text_1},{0,42,246,320,text_3086,text_1},{13,53,260,320,text_3087,text_1},{0,20,300,320,text_1880,text_1},{0,141,126,223,text_643,text_644},{0,38,277,320,text_3088,text_1},{0,25,260,320,text_3089,text_1},{6,42,289,320,text_3090,text_1},{0,33,291,320,text_3091,text_1},{0,24,277,320,text_3038,text_1},{0,58,231,320,text_3092,text_1},{0,33,271,320,text_1000,text_1},{0,17,271,320,text_1738,text_1},{11,50,266,320,text_1093,text_1},{0,47,206,320,text_3093,text_1},{0,23,291,320,text_3094,text_1},{0,33,243,320,text_349,text_1},{0,23,274,320,text_1661,text_1},{0,71,246,320,text_3095,text_1},{0,69,174,320,text_3096,text_1},{1,40,263,320,text_3097,text_1},{0,19,300,320,text_784,text_1},{0,103,111,320,text_3098,text_1},{2,47,211,320,text_3099,text_1},{0,70,205,320,text_3100,text_1},{0,68,191,320,text_3101,text_1},{2,31,280,320,text_1242,text_1},{0,99,154,320,text_3102,text_1},{0,29,243,320,text_670,text_1},{1,15,277,320,text_888,text_1},{0,39,248,320,text_3103,text_1},{0,39,271,320,text_516,text_1},{0,31,280,320,text_2821,text_1},{0,13,300,320,text_1234,text_1},{0,94,103,320,text_3104,text_1},{0,66,226,320,text_3105,text_1},{0,15,306,320,text_876,text_1},{0,14,291,320,text_608,text_1},{0,69,172,320,text_3106,text_1},{0,68,198,320,text_3107,text_1},{0,71,174,320,text_3108,text_1},{0,18,271,320,text_631,text_1},{0,40,214,320,text_1529,text_1},{0,76,174,320,text_3109,text_1},{0,51,217,320,text_1140,text_1},{0,23,248,320,text_1317,text_1},{0,33,268,320,text_3110,text_1},{0,24,280,320,text_3111,text_1},{0,20,283,320,text_583,text_1},{0,30,280,320,text_3112,text_1},{0,43,195,320,text_331,text_1},{0,46,277,320,text_729,text_1},{0,51,246,320,text_3113,text_1},{0,30,278,320,text_1668,text_1},{0,56,245,320,text_3114,text_1},{1,51,214,320,text_3115,text_1},{0,64,232,320,text_1450,text_1},{0,33,280,320,text_318,text_1},{0,33,265,320,text_3116,text_1},{0,72,191,320,text_3117,text_1},{0,71,245,320,text_3118,text_1},{29,158,100,291,text_3119,text_3120},{0,60,237,320,text_3121,text_1},{0,59,200,320,text_3122,text_1},{0,36,271,320,text_1000,text_1},{0,104,149,320,text_3123,text_1},{0,29,251,320,text_399,text_1},{0,27,280,320,text_473,text_1},{1,31,255,320,text_3124,text_1},{0,67,237,320,text_3125,text_1},{0,52,240,320,text_3126,text_1},{0,49,211,320,text_3127,text_1},{0,48,263,320,text_1446,text_1},{0,17,291,320,text_1201,text_1},{0,47,251,320,text_1677,text_1},{0,76,245,320,text_3118,text_1},{0,66,174,320,text_312,text_1},{0,36,277,320,text_3128,text_1},{0,48,221,320,text_372,text_1},{0,31,280,320,text_1242,text_1},{0,43,280,320,text_1289,text_1},{0,14,277,320,text_888,text_1},{0,36,240,320,text_3129,text_1},{0,96,173,320,text_1336,text_1},{0,46,234,320,text_3130,text_1},{1,18,254,320,text_3131,text_1},{0,22,300,320,text_325,text_1},{0,73,186,320,text_3132,text_1},{0,85,180,320,text_3133,text_1},{0,45,243,320,text_3134,text_1},{0,115,157,320,text_3135,text_1},{0,32,278,320,text_717,text_1},{0,35,263,320,text_900,text_1},{0,28,278,320,text_635,text_1},{0,69,194,320,text_1513,text_1},{0,214,111,320,text_3136,text_1},{0,34,280,320,text_1242,text_1},{7,42,260,320,text_3137,text_1},{0,98,129,283,text_3138,text_3139},{0,111,107,320,text_3140,text_1},{0,81,200,320,text_2098,text_1},{3,72,211,320,text_3141,text_1},{2,47,291,320,text_1180,text_1},{0,42,275,320,text_3142,text_1},{0,48,277,320,text_729,text_1},{0,36,231,320,text_3143,text_1},{0,79,151,320,text_633,text_1},{1,81,245,320,text_3144,text_1},{0,15,291,320,text_1642,text_1},{0,90,200,320,text_3145,text_1},{3,106,198,320,text_3146,text_1},{2,58,240,320,text_3147,text_1},{0,55,231,320,text_3148,text_1},{0,48,234,320,text_1051,text_1},{0,22,280,320,text_318,text_1},{0,58,243,320,text_2852,text_1},{1,36,255,320,text_891,text_1},{1,113,109,320,text_3149,text_1},{0,52,166,320,text_3150,text_1},{0,30,260,320,text_527,text_1},{0,53,254,320,text_3151,text_1},{0,55,252,320,text_3152,text_1},{2,34,268,320,text_3153,text_1},{0,29,265,320,text_3116,text_1},{0,67,191,320,text_3154,text_1},{2,114,201,320,text_3155,text_1},{0,34,238,320,text_1188,text_1},{3,37,234,320,text_980,text_1},{1,49,240,320,text_2044,text_1},{0,28,283,320,text_3156,text_1},{0,14,291,320,text_1204,text_1},{0,114,109,291,text_1611,text_1612},{0,54,200,320,text_1369,text_1},{0,37,246,320,text_3157,text_1},{0,54,234,320,text_3158,text_1},{18,53,231,320,text_3159,text_1},{0,45,257,320,text_3160,text_1},{23,73,231,320,text_3159,text_1},{0,31,263,320,text_3161,text_1},{1,43,243,320,text_3162,text_1},{0,39,246,320,text_3086,text_1},{0,70,217,320,text_3163,text_1},{0,52,243,320,text_3134,text_1},{0,61,211,320,text_3164,text_1},{0,59,194,320,text_2430,text_1},{8,41,271,320,text_516,text_1},{0,19,291,320,text_684,text_1},{0,29,280,320,text_3165,text_1},{1,32,291,320,text_684,text_1},{1,28,291,320,text_684,text_1},{0,56,231,320,text_3148,text_1},{19,47,283,320,text_514,text_1},{40,69,269,320,text_746,text_1},{0,62,226,320,text_3166,text_1},{0,37,226,320,text_3167,text_1},{2,40,238,320,text_38,text_1},{0,55,251,320,text_862,text_1},{0,36,268,320,text_3168,text_1},{0,30,271,320,text_1748,text_1},{0,39,235,320,text_856,text_1},{13,74,243,320,text_3169,text_1},{0,31,291,320,text_2276,text_1},{0,62,208,320,text_3170,text_1},{0,42,221,320,text_3171,text_1},{19,115,240,320,text_3172,text_1},{8,25,289,320,text_1088,text_1},{0,19,249,320,text_1784,text_1},{0,52,251,320,text_3173,text_1},{2,41,257,320,text_1142,text_1},{17,29,300,320,text_564,text_1},{0,92,151,320,text_3058,text_1},{0,70,169,320,text_3174,text_1},{0,35,251,320,text_1627,text_1},{0,59,223,320,text_3175,text_1},{2,47,268,320,text_3176,text_1},{0,110,113,320,text_3177,text_1},{0,58,209,320,text_3178,text_1},{2,15,291,320,text_949,text_1},{15,74,257,320,text_3160,text_1},{0,51,231,320,text_532,text_1},{0,66,211,320,text_3179,text_1},{1,50,254,320,text_2881,text_1},{0,88,151,320,text_3180,text_1},{0,23,268,320,text_551,text_1},{0,80,185,320,text_3181,text_1},{0,45,240,320,text_3182,text_1},{0,54,231,320,text_532,text_1},{1,44,224,320,text_811,text_1},{0,19,277,320,text_1023,text_1},{0,71,237,320,text_905,text_1},{0,29,271,320,text_3183,text_1},{0,76,189,320,text_3184,text_1},{0,31,291,320,text_3185,text_1},{4,25,257,320,text_1142,text_1},{0,16,300,320,text_627,text_1},{1,47,280,320,text_3186,text_1},{1,28,280,320,text_3165,text_1},{0,81,191,320,text_2228,text_1},{0,85,126,320,text_3187,text_1},{0,42,260,320,text_3188,text_1},{0,38,246,320,text_606,text_1},{0,26,269,320,text_746,text_1},{0,67,237,320,text_3189,text_1},{0,42,243,320,text_670,text_1},{0,63,208,320,text_3190,text_1},{0,68,183,320,text_3191,text_1},{1,28,248,320,text_3192,text_1},{0,116,101,320,text_3193,text_1},{0,31,258,320,text_1054,text_1},{1,29,277,320,text_449,text_1},{5,70,183,320,text_3194,text_1},{1,42,223,320,text_2423,text_1},{0,26,271,320,text_2008,text_1},{0,27,283,320,text_3156,text_1},{0,33,280,320,text_487,text_1},{0,92,200,320,text_2098,text_1},{0,92,149,320,text_2923,text_1},{0,26,269,320,text_1821,text_1},{0,43,269,320,text_3195,text_1},{0,36,260,320,text_3196,text_1},{0,54,242,320,text_3197,text_1},{9,25,300,320,text_964,text_1},{0,55,188,320,text_3198,text_1},{0,33,271,320,text_3199,text_1},{0,51,265,320,text_3200,text_1},{17,60,231,320,text_532,text_1},{0,67,177,320,text_1007,text_1},{0,56,248,320,text_3201,text_1},{0,15,300,320,text_784,text_1},{0,81,185,320,text_3181,text_1},{0,188,160,320,text_3202,text_1},{0,37,260,320,text_339,text_1},{0,27,260,320,text_2879,text_1},{2,82,174,320,text_3203,text_1},{0,122,191,320,text_3204,text_1},{0,39,224,320,text_811,text_1},{0,56,217,320,text_2499,text_1},{0,49,201,320,text_3205,text_1},{2,38,251,320,text_1066,text_1},{0,34,238,320,text_1188,text_1},{0,87,183,320,text_3206,text_1},{0,50,232,320,text_439,text_1},{0,21,280,320,text_452,text_1},{4,30,257,320,text_1142,text_1},{0,41,251,320,text_3207,text_1},{1,30,280,320,text_2445,text_1},{0,50,200,320,text_3208,text_1},{0,84,225,320,text_3209,text_1},{3,87,231,320,text_3210,text_1},{0,31,260,320,text_1769,text_1},{0,59,212,320,text_672,text_1},{0,66,271,320,text_44,text_1},{5,78,271,320,text_44,text_1},{0,145,268,320,text_3211,text_1},{27,131,268,320,text_3211,text_1},{0,49,271,320,text_44,text_1},{0,46,226,320,text_3212,text_1},{0,155,117,254,text_3213,text_3214},{1,75,194,320,text_3215,text_1},{0,100,197,320,text_3216,text_1},{0,38,263,320,text_900,text_1},{0,127,151,320,text_3217,text_1},{0,65,243,320,text_3218,text_1},{0,46,283,320,text_351,text_1},{0,77,200,320,text_2098,text_1},{0,40,249,320,text_3219,text_1},{0,111,157,320,text_3220,text_1},{0,67,197,320,text_2216,text_1},{2,19,283,320,text_1864,text_1},{0,52,276,320,text_882,text_1},{0,32,268,320,text_3176,text_1},{0,77,243,320,text_3221,text_1},{0,53,257,320,text_1113,text_1},{0,45,271,320,text_3199,text_1},{0,99,137,320,text_3222,text_1},{0,18,291,320,text_988,text_1},{0,38,294,320,text_309,text_1},{6,52,248,320,text_3013,text_1},{0,102,106,320,text_3223,text_1},{0,37,291,320,text_1180,text_1},{5,101,217,320,text_1480,text_1},{0,18,288,320,text_1071,text_1},{0,63,217,320,text_3224,text_1},{0,16,283,320,text_3225,text_1},{0,181,103,220,text_3226,text_3227},{0,37,260,320,text_339,text_1},{0,56,240,320,text_3228,text_1},{0,75,191,320,text_3229,text_1},{0,28,257,320,text_1142,text_1},{0,77,135,320,text_3230,text_1},{0,20,294,320,text_651,text_1},{0,14,291,320,text_432,text_1},{0,17,291,320,text_3231,text_1},{0,51,209,320,text_3232,text_1},{2,17,294,320,text_1740,text_1},{0,56,251,320,text_650,text_1},{0,64,246,320,text_3233,text_1},{0,69,154,320,text_457,text_1},{4,125,128,320,text_3234,text_1},{0,115,123,320,text_3235,text_1},{0,141,126,320,text_3236,text_1},{0,41,280,320,text_3237,text_1},{0,40,243,320,text_3238,text_1},{0,51,231,320,text_3210,text_1},{0,28,260,320,text_1769,text_1},{0,68,200,320,text_3239,text_1},{0,43,226,320,text_2620,text_1},{0,100,160,320,text_3240,text_1},{0,18,300,320,text_1644,text_1},{0,56,200,320,text_3241,text_1},{0,54,194,320,text_1990,text_1},{0,39,263,320,text_1351,text_1},{42,76,277,320,text_3242,text_1},{0,54,231,320,text_532,text_1},{0,32,291,320,text_1068,text_1},{0,51,222,320,text_1221,text_1},{0,24,297,320,text_722,text_1},{0,19,291,320,text_1204,text_1},{0,30,241,320,text_1662,text_1},{0,18,291,320,text_988,text_1},{0,43,246,320,text_950,text_1},{0,76,217,320,text_3243,text_1},{0,78,132,320,text_3244,text_1},{0,65,228,320,text_3245,text_1},{2,36,271,320,text_3246,text_1},{0,47,232,320,text_439,text_1},{0,48,229,320,text_475,text_1},{0,32,251,320,text_1225,text_1},{0,42,260,320,text_787,text_1},{0,63,204,320,text_1603,text_1},{0,96,140,320,text_3247,text_1},{0,44,254,320,text_3248,text_1},{0,49,211,320,text_3249,text_1},{1,109,163,320,text_3250,text_1},{1,103,172,320,text_3251,text_1},{0,142,126,269,text_3252,text_3253},{0,87,138,320,text_1597,text_1},{0,56,206,320,text_1981,text_1},{0,38,281,320,text_1377,text_1},{1,70,203,320,text_3254,text_1},{0,23,260,320,text_339,text_1},{0,36,268,320,text_3255,text_1},{0,31,283,320,text_1151,text_1},{0,39,271,320,text_3256,text_1},{1,96,129,320,text_3257,text_1},{0,145,107,283,text_3258,text_3259},{1,67,189,320,text_3260,text_1},{0,18,294,320,text_1740,text_1},{2,21,291,320,text_560,text_1},{0,33,240,320,text_2788,text_1},{0,73,192,320,text_3261,text_1},{6,80,197,320,text_3262,text_1},{1,20,289,320,text_2692,text_1},{0,32,291,320,text_3263,text_1},{0,54,263,320,text_2296,text_1},{0,37,231,320,text_532,text_1},{0,27,280,320,text_2259,text_1},{0,42,248,320,text_3264,text_1},{0,30,300,320,text_361,text_1},{0,68,285,320,text_2617,text_1},{0,44,226,320,text_3212,text_1},{0,32,277,320,text_799,text_1},{0,98,135,320,text_3265,text_1},{98,202,226,320,text_3266,text_1},{202,262,234,320,text_3267,text_1},{262,379,220,320,text_3268,text_1},{12,34,300,320,text_3269,text_1},{0,17,291,320,text_728,text_1},{0,18,291,320,text_728,text_1},{0,45,228,320,text_3270,text_1},{0,162,98,277,text_3271,text_3272},{0,75,194,320,text_3273,text_1},{2,48,281,320,text_128,text_1},{0,42,214,320,text_3274,text_1},{0,35,249,320,text_3219,text_1},{0,84,171,320,text_3275,text_1},{0,49,211,320,text_1807,text_1},{0,46,228,320,text_3276,text_1},{0,62,166,320,text_3277,text_1},{0,64,214,320,text_3278,text_1},{1,42,246,320,text_950,text_1},{0,61,225,320,text_3279,text_1},{0,37,223,320,text_1128,text_1},{0,66,211,320,text_3280,text_1},{0,36,263,320,text_917,text_1},{0,66,228,320,text_3281,text_1},{0,38,271,320,text_384,text_1},{1,80,211,320,text_1789,text_1},{0,136,177,320,text_3282,text_1},{0,50,231,320,text_3283,text_1},{0,15,289,320,text_1088,text_1},{0,21,291,320,text_1180,text_1},{0,62,268,320,text_3284,text_1},{0,48,217,320,text_2337,text_1},{0,29,281,320,text_128,text_1},{0,30,277,320,text_449,text_1},{0,34,241,320,text_610,text_1},{4,70,243,320,text_3285,text_1},{0,27,291,320,text_1642,text_1},{0,64,211,320,text_3286,text_1},{0,27,280,320,text_2715,text_1},{0,147,135,320,text_3287,text_1},{0,36,257,320,text_2480,text_1},{0,32,260,320,text_1043,text_1},{0,155,97,298,text_3288,text_3289},{0,50,248,320,text_317,text_1},{0,21,265,320,text_1124,text_1},{0,54,184,320,text_1292,text_1},{0,21,277,320,text_799,text_1},{0,14,300,320,text_430,text_1},{0,35,263,320,text_1032,text_1},{37,64,277,320,text_1073,text_1},{0,39,281,320,text_1377,text_1},{0,41,251,320,text_1066,text_1},{0,36,234,320,text_3290,text_1},{5,50,234,320,text_980,text_1},{0,54,195,320,text_331,text_1},{0,34,234,320,text_980,text_1},{6,17,291,320,text_1839,text_1},{0,54,177,320,text_1020,text_1},{0,61,228,320,text_3291,text_1},{0,46,265,320,text_1958,text_1},{0,52,218,320,text_3292,text_1},{2,70,223,320,text_3293,text_1},{0,55,231,320,text_812,text_1},{0,49,211,320,text_1807,text_1},{0,46,254,320,text_3294,text_1},{0,38,260,320,text_2879,text_1},{0,41,280,320,text_3112,text_1},{0,59,189,320,text_3295,text_1},{21,59,257,320,text_2480,text_1},{0,40,300,320,text_11,text_1},{43,82,231,320,text_3296,text_1},{0,72,194,320,text_2826,text_1},{0,32,226,320,text_3297,text_1},{0,34,280,320,text_898,text_1},{0,30,263,320,text_3298,text_1},{49,92,285,320,text_2617,text_1},{0,49,251,320,text_3299,text_1},{0,24,298,320,text_3300,text_1},{0,66,186,320,text_3301,text_1},{0,85,234,320,text_3302,text_1},{0,29,280,320,text_1242,text_1},{0,21,268,320,text_636,text_1},{0,51,214,320,text_3303,text_1},{0,62,211,320,text_3304,text_1},{0,131,126,320,text_3305,text_1},{3,37,263,320,text_3306,text_1},{0,44,245,320,text_3307,text_1},{0,28,251,320,text_935,text_1},{0,85,155,320,text_3308,text_1},{0,23,283,320,text_1864,text_1},{0,123,183,320,text_3309,text_1},{0,35,251,320,text_1267,text_1},{0,112,154,320,text_3310,text_1},{0,18,271,320,text_1738,text_1},{0,52,172,320,text_2553,text_1},{0,97,146,320,text_3311,text_1},{43,67,289,320,text_28,text_1},{0,15,291,320,text_684,text_1},{0,66,183,320,text_3312,text_1},{0,39,271,320,text_3256,text_1},{0,74,237,320,text_3313,text_1},{0,64,208,320,text_3314,text_1},{0,27,268,320,text_3315,text_1},{0,104,123,274,text_3316,text_3317},{0,70,194,320,text_3318,text_1},{0,22,288,320,text_445,text_1},{0,61,217,320,text_3319,text_1},{0,13,291,320,text_1839,text_1},{0,79,129,320,text_3320,text_1},{0,77,200,320,text_3321,text_1},{0,43,240,320,text_1683,text_1},{0,92,158,320,text_3322,text_1},{0,57,206,320,text_3323,text_1},{5,39,254,320,text_3248,text_1},{0,61,240,320,text_3324,text_1},{0,44,257,320,text_1273,text_1},{0,170,117,283,text_3325,text_3326},{0,18,288,320,text_1011,text_1},{8,36,278,320,text_635,text_1},{0,34,226,320,text_3297,text_1},{2,28,288,320,text_445,text_1},{4,20,300,320,text_325,text_1},{0,17,291,320,text_809,text_1},{10,36,283,320,text_3327,text_1},{0,75,211,320,text_3328,text_1},{3,39,280,320,text_1242,text_1},{8,39,269,320,text_1815,text_1},{0,113,143,320,text_3329,text_1},{0,94,149,320,text_2923,text_1},{0,180,103,246,text_3330,text_3331},{0,50,248,320,text_3264,text_1},{0,35,308,320,text_1189,text_1},{0,31,263,320,text_388,text_1},{0,74,197,320,text_3332,text_1},{0,62,203,320,text_1072,text_1},{0,44,238,320,text_38,text_1},{0,24,280,320,text_2682,text_1},{0,67,186,320,text_3333,text_1},{1,111,174,320,text_3334,text_1},{1,21,291,320,text_1839,text_1},{4,57,294,320,text_1081,text_1},{25,68,263,320,text_3335,text_1},{0,36,291,320,text_2928,text_1},{0,34,260,320,text_3336,text_1},{0,78,203,320,text_1251,text_1},{0,18,294,320,text_1740,text_1},{1,47,238,320,text_3337,text_1},{0,90,148,320,text_3338,text_1},{0,32,246,320,text_3339,text_1},{0,117,123,274,text_3340,text_3341},{0,95,92,320,text_3342,text_1},{0,49,257,320,text_1129,text_1},{0,74,211,320,text_3343,text_1},{0,28,260,320,text_3344,text_1},{0,117,220,320,text_3345,text_1},{0,60,194,320,text_1439,text_1},{0,63,149,320,text_2923,text_1},{0,56,243,320,text_2529,text_1},{0,93,112,320,text_3346,text_1},{0,44,260,320,text_3347,text_1},{0,73,189,320,text_3348,text_1},{1,25,286,320,text_707,text_1},{0,66,241,320,text_3349,text_1},{0,30,271,320,text_3350,text_1},{0,38,277,320,text_3351,text_1},{0,66,203,320,text_689,text_1},{0,26,291,320,text_684,text_1},{0,30,271,320,text_1313,text_1},{0,19,283,320,text_514,text_1},{0,55,246,320,text_3352,text_1},{0,54,217,320,text_3353,text_1},{0,92,228,320,text_3354,text_1},{0,63,214,320,text_3278,text_1},{0,53,228,320,text_2305,text_1},{0,61,192,320,text_443,text_1},{0,30,300,320,text_3355,text_1},{0,18,280,320,text_2269,text_1},{0,25,286,320,text_707,text_1},{0,39,237,320,text_525,text_1},{0,38,263,320,text_3356,text_1},{0,60,214,320,text_3278,text_1},{0,40,263,320,text_1402,text_1},{0,30,268,320,text_3357,text_1},{11,62,240,320,text_3358,text_1},{0,122,100,300,text_3359,text_3360},{0,25,280,320,text_898,text_1},{0,22,291,320,text_1839,text_1},{2,116,190,320,text_3361,text_1},{25,72,291,320,text_2928,text_1},{0,43,271,320,text_581,text_1},{0,55,214,320,text_3362,text_1},{0,45,214,320,text_354,text_1},{0,34,260,320,text_1497,text_1},{2,33,291,320,text_1180,text_1},{0,80,163,320,text_3363,text_1},{0,47,240,320,text_555,text_1},{0,13,291,320,text_1839,text_1},{0,127,100,291,text_3364,text_3365},{0,29,263,320,text_1768,text_1},{1,53,211,320,text_3366,text_1},{0,23,297,320,text_3367,text_1},{0,45,237,320,text_3368,text_1},{0,55,211,320,text_3369,text_1},{0,57,180,320,text_3370,text_1},{0,32,274,320,text_3371,text_1},{3,25,291,320,text_922,text_1},{0,27,283,320,text_3372,text_1},{0,42,271,320,text_1692,text_1},{0,48,228,320,text_3373,text_1},{0,25,288,320,text_896,text_1},{2,194,92,234,text_3374,text_3375},{1,105,173,320,text_2488,text_1},{0,23,291,320,text_648,text_1},{0,16,291,320,text_326,text_1},{0,38,263,320,text_3376,text_1},{5,81,257,320,text_3377,text_1},{0,26,271,320,text_3378,text_1},{5,106,120,320,text_3379,text_1},{0,18,291,320,text_684,text_1},{0,70,228,320,text_3380,text_1},{0,62,231,320,text_3381,text_1},{0,28,263,320,text_1936,text_1},{0,49,248,320,text_1261,text_1},{0,95,160,320,text_3382,text_1},{0,46,251,320,text_336,text_1},{0,66,234,320,text_3383,text_1},{0,60,268,320,text_3384,text_1},{0,29,269,320,text_471,text_1},{0,123,180,320,text_3385,text_1},{0,45,223,320,text_620,text_1},{3,16,291,320,text_406,text_1},{0,50,254,320,text_3386,text_1},{0,51,248,320,text_1983,text_1},{0,50,243,320,text_3387,text_1},{0,93,107,320,text_3388,text_1},{0,33,254,320,text_3389,text_1},{1,57,228,320,text_1984,text_1},{0,271,95,223,text_3390,text_3391},{2,43,260,320,text_1497,text_1},{0,16,291,320,text_1180,text_1},{0,46,243,320,text_3392,text_1},{1,129,164,320,text_3393,text_1},{0,46,237,320,text_3394,text_1},{0,103,203,320,text_3395,text_1},{1,42,221,320,text_372,text_1},{0,136,99,280,text_3396,text_3397},{0,53,241,320,text_1374,text_1},{0,53,243,320,text_1094,text_1},{0,73,194,320,text_3398,text_1},{0,21,300,320,text_361,text_1},{1,61,211,320,text_3399,text_1},{0,217,124,199,text_3400,text_3401},{0,25,288,320,text_896,text_1},{0,37,281,320,text_2244,text_1},{0,43,228,320,text_350,text_1},{0,42,228,320,text_350,text_1},{0,55,231,320,text_1233,text_1},{5,38,263,320,text_1402,text_1},{0,27,280,320,text_3402,text_1},{0,50,238,320,text_38,text_1},{0,39,224,320,text_2368,text_1},{0,87,222,320,text_3403,text_1},{0,40,215,320,text_329,text_1},{0,27,263,320,text_1936,text_1},{6,17,283,320,text_1162,text_1},{0,46,228,320,text_3404,text_1},{1,28,283,320,text_1162,text_1},{0,38,212,320,text_3405,text_1},{0,28,288,320,text_736,text_1},{0,35,243,320,text_687,text_1},{0,75,186,320,text_3406,text_1},{0,113,166,320,text_3407,text_1},{0,36,298,320,text_3408,text_1},{1,26,255,320,text_3124,text_1},{0,41,268,320,text_1996,text_1},{0,34,226,320,text_3409,text_1},{0,19,280,320,text_1757,text_1},{0,26,263,320,text_930,text_1},{0,36,274,320,text_2184,text_1},{0,68,227,320,text_3410,text_1},{0,30,257,320,text_844,text_1},{0,38,223,320,text_1303,text_1},{0,80,174,320,text_3411,text_1},{0,14,291,320,text_500,text_1},{2,90,201,320,text_3412,text_1},{0,130,96,320,text_2501,text_1},{0,17,291,320,text_1839,text_1},{13,42,283,320,text_852,text_1},{0,47,285,320,text_3413,text_1},{6,92,214,320,text_3414,text_1},{0,25,249,320,text_3415,text_1},{16,85,211,320,text_3416,text_1},{0,60,277,320,text_3417,text_1},{2,32,308,320,text_3418,text_1},{33,148,245,320,text_3419,text_1},{3,43,234,320,text_386,text_1},{2,18,291,320,text_684,text_1},{0,34,251,320,text_3420,text_1},{0,75,220,320,text_3421,text_1},{0,29,271,320,text_901,text_1},{0,57,203,320,text_3422,text_1},{3,69,220,320,text_3423,text_1},{0,32,251,320,text_2451,text_1},{0,11,298,320,text_2683,text_1},{11,57,251,320,text_3424,text_1},{0,56,236,320,text_3425,text_1},{0,23,288,320,text_368,text_1},{0,41,268,320,text_3426,text_1},{2,44,237,320,text_3427,text_1},{0,64,220,320,text_3428,text_1},{0,32,291,320,text_373,text_1},{0,169,106,228,text_3429,text_3430},{0,39,263,320,text_900,text_1},{2,117,149,320,text_3431,text_1},{0,26,255,320,text_3124,text_1},{1,34,260,320,text_2879,text_1},{4,37,271,320,text_3432,text_1},{1,54,212,320,text_3433,text_1},{0,35,268,320,text_1968,text_1},{4,58,243,320,text_3434,text_1},{0,47,254,320,text_3435,text_1},{0,95,228,320,text_1879,text_1},{0,57,217,320,text_3436,text_1},{0,69,225,320,text_3437,text_1},{0,82,166,320,text_3438,text_1},{0,64,214,320,text_3278,text_1},{0,36,234,320,text_1325,text_1},{0,42,194,320,text_3439,text_1},{0,16,288,320,text_2007,text_1},{0,51,278,320,text_640,text_1},{0,28,263,320,text_900,text_1},{0,32,281,320,text_2244,text_1},{0,42,248,320,text_3440,text_1},{0,53,200,320,text_3441,text_1},{0,42,224,320,text_2368,text_1},{0,19,300,320,text_3442,text_1},{0,37,263,320,text_1351,text_1},{8,79,240,320,text_630,text_1},{0,54,243,320,text_382,text_1},{1,39,251,320,text_2451,text_1},{0,47,234,320,text_980,text_1},{0,51,217,320,text_3443,text_1},{0,77,220,320,text_1372,text_1},{2,28,251,320,text_3444,text_1},{0,92,226,320,text_3445,text_1},{9,42,283,320,text_3446,text_1},{0,18,285,320,text_383,text_1},{5,32,271,320,text_3447,text_1},{0,45,229,320,text_3448,text_1},{0,32,300,320,text_2369,text_1},{0,79,194,320,text_3449,text_1},{1,24,251,320,text_1225,text_1},{0,150,94,320,text_3450,text_1},{2,132,175,320,text_3451,text_1},{4,84,134,320,text_2522,text_1},{0,30,251,320,text_805,text_1},{5,61,245,320,text_3452,text_1},{0,39,221,320,text_3171,text_1},{0,60,197,320,text_3453,text_1},{0,39,226,320,text_3454,text_1},{0,26,260,320,text_369,text_1},{0,49,189,320,text_1964,text_1},{0,67,174,320,text_3455,text_1},{0,46,257,320,text_486,text_1},{1,18,300,320,text_325,text_1},{0,127,127,320,text_3456,text_1},{0,17,260,320,text_3457,text_1},{0,73,200,320,text_3458,text_1},{0,72,183,320,text_1653,text_1},{0,34,260,320,text_3459,text_1},{6,40,271,320,text_3460,text_1},{0,68,246,320,text_3461,text_1},{0,90,185,320,text_3462,text_1},{0,70,134,320,text_3463,text_1},{0,75,191,320,text_1270,text_1},{3,43,280,320,text_3464,text_1},{0,46,211,320,text_3465,text_1},{0,30,254,320,text_598,text_1},{0,29,277,320,text_3010,text_1},{0,13,288,320,text_2007,text_1},{2,38,263,320,text_266,text_1},{0,50,245,320,text_3466,text_1},{0,166,165,320,text_3467,text_1},{3,67,248,320,text_3468,text_1},{0,81,243,320,text_3469,text_1},{0,32,251,320,text_3420,text_1},{1,53,237,320,text_1315,text_1},{0,41,231,320,text_1415,text_1},{0,13,300,320,text_2239,text_1},{0,25,291,320,text_500,text_1},{1,42,234,320,text_3470,text_1},{0,103,149,320,text_3471,text_1},{0,55,152,320,text_3472,text_1},{0,8,298,320,text_2683,text_1},{0,24,285,320,text_3473,text_1},{0,40,237,320,text_525,text_1},{0,32,251,320,text_1225,text_1},{0,77,169,320,text_3474,text_1},{0,37,243,320,text_3475,text_1},{2,89,171,320,text_3476,text_1},{0,36,269,320,text_3195,text_1},{0,65,201,320,text_3205,text_1},{0,40,257,320,text_486,text_1},{0,90,92,320,text_1127,text_1},{0,61,197,320,text_3477,text_1},{0,78,249,320,text_1691,text_1},{0,38,246,320,text_3478,text_1},{0,55,228,320,text_3479,text_1},{0,63,215,320,text_2513,text_1},{0,37,248,320,text_3480,text_1},{0,41,251,320,text_3481,text_1},{0,61,214,320,text_587,text_1},{0,79,246,320,text_3482,text_1},{0,85,174,320,text_3483,text_1},{0,33,251,320,text_3484,text_1},{0,183,123,320,text_3485,text_1},{0,75,246,320,text_3482,text_1},{0,54,211,320,text_3286,text_1},{0,51,226,320,text_3486,text_1},{0,14,291,320,text_406,text_1},{0,46,195,320,text_331,text_1},{0,92,226,320,text_3445,text_1},{0,47,211,320,text_3286,text_1},{0,31,281,320,text_2244,text_1},{0,46,229,320,text_3448,text_1},{0,35,251,320,text_3487,text_1},{0,67,245,320,text_3488,text_1},{0,52,248,320,text_317,text_1},{0,25,294,320,text_3489,text_1},{0,35,271,320,text_1000,text_1},{0,43,234,320,text_3490,text_1},{0,152,112,281,text_3491,text_3492},{0,127,154,320,text_3493,text_1},{0,40,255,320,text_3494,text_1},{0,191,94,288,text_3495,text_3496},{0,23,280,320,text_3497,text_1},{0,59,220,320,text_1790,text_1},{0,30,291,320,text_500,text_1},{0,93,163,320,text_3498,text_1},{12,68,217,320,text_3499,text_1},{37,62,300,320,text_784,text_1},{0,30,271,320,text_516,text_1},{0,37,243,320,text_3500,text_1},{5,97,203,320,text_3501,text_1},{0,65,154,320,text_3502,text_1},{0,45,240,320,text_3503,text_1},{0,16,291,320,text_560,text_1},{0,29,277,320,text_3504,text_1},{0,40,220,320,text_3505,text_1},{4,12,291,320,text_500,text_1},{1,70,154,320,text_2194,text_1},{0,52,232,320,text_1450,text_1},{0,56,223,320,text_3506,text_1},{1,21,283,320,text_3507,text_1},{0,64,200,320,text_3508,text_1},{0,76,260,320,text_3509,text_1},{0,16,291,320,text_1180,text_1},{0,35,234,320,text_980,text_1},{0,40,268,320,text_3510,text_1},{0,44,201,320,text_3511,text_1},{0,58,210,320,text_2406,text_1},{0,20,300,320,text_734,text_1},{14,36,283,320,text_583,text_1},{0,16,288,320,text_1071,text_1},{0,49,217,320,text_1357,text_1},{0,64,194,320,text_3512,text_1},{0,18,291,320,text_809,text_1},{0,57,177,320,text_3513,text_1},{0,38,251,320,text_3514,text_1},{0,65,226,320,text_3515,text_1},{0,15,288,320,text_1071,text_1},{0,28,249,320,text_3516,text_1},{0,47,240,320,text_1683,text_1},{0,66,225,320,text_3517,text_1},{0,29,291,320,text_684,text_1},{5,92,161,320,text_3518,text_1},{0,56,214,320,text_2218,text_1},{0,60,174,320,text_3519,text_1},{0,37,268,320,text_3520,text_1},{0,55,197,320,text_3521,text_1},{0,24,271,320,text_1479,text_1},{0,49,243,320,text_3522,text_1},{3,43,283,320,text_351,text_1},{6,21,291,320,text_728,text_1},{0,102,100,320,text_3523,text_1},{3,19,291,320,text_1340,text_1},{0,21,291,320,text_728,text_1},{0,13,308,320,text_3418,text_1},{0,51,209,320,text_3524,text_1},{0,46,237,320,text_3525,text_1},{3,58,268,320,text_3526,text_1},{0,48,220,320,text_3505,text_1},{0,41,255,320,text_2059,text_1},{3,56,232,320,text_1450,text_1},{0,28,271,320,text_901,text_1},{0,29,280,320,text_3527,text_1},{0,37,228,320,text_2902,text_1},{0,52,209,320,text_2317,text_1},{0,18,291,320,text_432,text_1},{0,23,260,320,text_527,text_1},{0,29,251,320,text_3528,text_1},{1,48,257,320,text_3529,text_1},{0,32,271,320,text_516,text_1},{0,69,191,320,text_3530,text_1},{5,51,240,320,text_890,text_1},{0,20,291,320,text_728,text_1},{0,69,184,320,text_3531,text_1},{0,35,243,320,text_3532,text_1},{0,119,123,320,text_3533,text_1},{13,82,277,320,text_3534,text_1},{0,28,257,320,text_2432,text_1},{0,72,246,320,text_3535,text_1},{0,54,200,320,text_3536,text_1},{0,121,117,320,text_3537,text_1},{0,115,154,320,text_3538,text_1},{0,40,254,320,text_1569,text_1},{0,75,186,320,text_3539,text_1},{0,26,263,320,text_1598,text_1},{0,69,242,320,text_3540,text_1},{0,50,188,320,text_3541,text_1},{11,76,260,320,text_3542,text_1},{0,66,181,320,text_3543,text_1},{0,40,289,320,text_3544,text_1},{0,49,220,320,text_3545,text_1},{0,23,278,320,text_635,text_1},{0,45,240,320,text_1683,text_1},{0,13,300,320,text_1344,text_1},{0,15,300,320,text_964,text_1},{0,41,291,320,text_1180,text_1},{5,34,268,320,text_3546,text_1},{0,36,277,320,text_3547,text_1},{0,61,225,320,text_3517,text_1},{0,42,226,320,text_1622,text_1},{1,69,200,320,text_3548,text_1},{0,40,271,320,text_516,text_1},{0,87,237,320,text_3549,text_1},{0,31,260,320,text_3550,text_1},{0,72,171,320,text_706,text_1},{0,53,209,320,text_3551,text_1},{0,15,291,320,text_432,text_1},{0,18,291,320,text_432,text_1},{0,46,268,320,text_3552,text_1},{0,16,291,320,text_1839,text_1},{0,36,268,320,text_551,text_1},{0,45,228,320,text_3553,text_1},{0,36,238,320,text_38,text_1},{0,21,283,320,text_583,text_1},{0,34,260,320,text_339,text_1},{0,13,298,320,text_1453,text_1},{0,57,209,320,text_2317,text_1},{4,125,145,320,text_3554,text_1},{0,139,157,320,text_3555,text_1},{0,25,258,320,text_3556,text_1},{0,31,271,320,text_516,text_1},{4,56,234,320,text_3557,text_1},{0,85,180,320,text_3558,text_1},{8,46,262,320,text_3559,text_1},{7,35,268,320,text_3560,text_1},{0,47,280,320,text_473,text_1},{0,28,273,320,text_2124,text_1},{1,96,211,320,text_3561,text_1},{0,43,243,320,text_3532,text_1},{15,43,280,320,text_473,text_1},{0,50,237,320,text_3562,text_1},{1,90,111,320,text_3563,text_1},{0,42,254,320,text_1569,text_1},{0,193,111,263,text_3564,text_3565},{0,74,220,320,text_3566,text_1},{0,70,261,320,text_3567,text_1},{0,39,217,320,text_2196,text_1},{1,27,300,320,text_11,text_1},{20,60,283,320,text_3568,text_1},{0,61,232,320,text_3569,text_1},{0,34,277,320,text_803,text_1},{0,19,277,320,text_1023,text_1},{0,29,197,320,text_3570,text_1},{0,40,243,320,text_687,text_1},{0,43,277,320,text_3571,text_1},{0,26,289,320,text_28,text_1},{10,30,300,320,text_11,text_1},{0,104,183,320,text_3572,text_1},{0,31,271,320,text_1748,text_1},{0,45,191,320,text_3573,text_1},{21,67,277,320,text_3574,text_1},{0,100,109,320,text_3575,text_1},{0,93,166,320,text_3576,text_1},{0,28,268,320,text_3577,text_1},{23,45,291,320,text_3578,text_1},{0,17,300,320,text_612,text_1},{0,13,291,320,text_809,text_1},{0,43,243,320,text_670,text_1},{0,42,235,320,text_1227,text_1},{0,47,211,320,text_3579,text_1},{1,19,283,320,text_1780,text_1},{0,38,243,320,text_2272,text_1},{0,127,102,320,text_3580,text_1},{0,42,248,320,text_3581,text_1},{4,22,291,320,text_3582,text_1},{1,54,232,320,text_3583,text_1},{0,29,269,320,text_2605,text_1},{0,33,238,320,text_38,text_1},{0,54,240,320,text_1877,text_1},{0,48,274,320,text_3584,text_1},{0,100,137,320,text_3585,text_1},{6,57,260,320,text_3586,text_1},{0,33,254,320,text_1494,text_1},{0,25,271,320,text_3587,text_1},{0,48,217,320,text_1737,text_1},{0,46,263,320,text_3588,text_1},{0,62,209,320,text_3589,text_1},{0,26,273,320,text_2124,text_1},{0,50,231,320,text_735,text_1},{0,38,212,320,text_1818,text_1},{0,112,158,320,text_3590,text_1},{0,36,271,320,text_1748,text_1},{0,49,243,320,text_3591,text_1},{0,24,300,320,text_1344,text_1},{0,14,283,320,text_737,text_1},{0,29,280,320,text_420,text_1},{0,32,281,320,text_2244,text_1},{0,40,288,320,text_1071,text_1},{0,61,291,320,text_3185,text_1},{1,75,234,320,text_3592,text_1},{1,35,280,320,text_745,text_1},{0,61,231,320,text_3593,text_1},{0,72,181,320,text_3594,text_1},{0,42,285,320,text_1247,text_1},{0,73,197,320,text_3595,text_1},{0,111,126,320,text_3596,text_1},{10,57,234,320,text_3597,text_1},{0,101,177,320,text_3598,text_1},{0,67,194,320,text_3599,text_1},{0,51,280,320,text_984,text_1},{0,42,237,320,text_1089,text_1},{43,105,241,320,text_3600,text_1},{0,30,231,320,text_3601,text_1},{0,37,280,320,text_984,text_1},{0,65,243,320,text_3602,text_1},{0,34,260,320,text_708,text_1},{0,53,231,320,text_3603,text_1},{46,90,283,320,text_2301,text_1},{0,44,260,320,text_921,text_1},{0,31,278,320,text_1668,text_1},{0,34,280,320,text_1056,text_1},{0,27,297,320,text_1268,text_1},{0,38,237,320,text_3604,text_1},{0,42,243,320,text_3605,text_1},{0,86,191,320,text_2646,text_1},{6,22,283,320,text_1228,text_1},{0,59,163,320,text_2477,text_1},{0,43,214,320,text_3606,text_1},{0,49,171,320,text_3607,text_1},{0,50,191,320,text_3608,text_1},{0,30,266,320,text_1010,text_1},{0,52,217,320,text_3609,text_1},{0,50,240,320,text_1877,text_1},{0,46,268,320,text_3610,text_1},{0,36,234,320,text_3611,text_1},{0,22,291,320,text_326,text_1},{0,249,95,221,text_3612,text_3613},{0,96,109,320,text_427,text_1},{0,60,194,320,text_3215,text_1},{0,81,225,320,text_3614,text_1},{0,96,109,320,text_427,text_1},{0,38,263,320,text_1351,text_1},{35,70,265,320,text_3615,text_1},{2,29,298,320,text_3616,text_1},{0,43,211,320,text_1797,text_1},{1,82,217,320,text_3617,text_1},{0,55,226,320,text_2126,text_1},{0,41,241,320,text_3618,text_1},{0,118,112,320,text_3619,text_1},{11,71,291,320,text_1383,text_1},{0,49,231,320,text_3620,text_1},{4,40,254,320,text_3621,text_1},{2,57,225,320,text_3622,text_1},{0,19,288,320,text_1157,text_1},{8,53,257,320,text_2480,text_1},{0,58,231,320,text_3623,text_1},{0,75,203,320,text_3624,text_1},{0,148,96,263,text_3625,text_3626},{5,16,291,320,text_1180,text_1},{0,28,268,320,text_1079,text_1},{0,24,283,320,text_2301,text_1},{0,58,201,320,text_1403,text_1},{4,26,283,320,text_535,text_1},{0,74,227,320,text_3627,text_1},{0,112,177,320,text_3628,text_1},{0,28,263,320,text_3629,text_1},{0,33,251,320,text_935,text_1},{0,30,238,320,text_1188,text_1},{4,58,240,320,text_2517,text_1},{20,40,277,320,text_2410,text_1},{0,54,203,320,text_1930,text_1},{0,29,263,320,text_797,text_1},{0,53,234,320,text_1051,text_1},{0,26,249,320,text_1493,text_1},{0,40,274,320,text_1226,text_1},{0,41,241,320,text_1374,text_1},{0,43,260,320,text_3630,text_1},{1,56,223,320,text_3631,text_1},{0,36,271,320,text_895,text_1},{1,93,166,320,text_3632,text_1},{3,46,260,320,text_1017,text_1},{0,47,268,320,text_524,text_1},{0,32,252,320,text_1195,text_1},{7,28,285,320,text_464,text_1},{0,31,280,320,text_3633,text_1},{2,141,146,320,text_3634,text_1},{0,26,258,320,text_1895,text_1},{0,37,232,320,text_3635,text_1},{5,76,274,320,text_3636,text_1},{0,56,194,320,text_1439,text_1},{0,47,246,320,text_606,text_1},{0,47,225,320,text_3637,text_1},{0,82,194,320,text_3638,text_1},{0,30,269,320,text_3639,text_1},{0,51,260,320,text_3640,text_1},{0,70,186,320,text_3641,text_1},{0,242,97,209,text_3642,text_3643},{0,76,192,320,text_3644,text_1},{0,50,209,320,text_3645,text_1},{0,195,114,226,text_3646,text_3647},{0,55,224,320,text_2653,text_1},{0,15,291,320,text_326,text_1},{0,53,243,320,text_3648,text_1},{0,22,291,320,text_1383,text_1},{0,33,268,320,text_3649,text_1},{0,90,183,320,text_3191,text_1},{1,41,240,320,text_3650,text_1},{0,32,263,320,text_1149,text_1},{2,30,280,320,text_515,text_1},{0,14,263,320,text_3651,text_1},{0,161,112,231,text_3652,text_3653},{0,28,263,320,text_1149,text_1},{0,22,271,320,text_3654,text_1},{0,46,220,320,text_914,text_1},{0,73,203,320,text_2984,text_1},{0,51,237,320,text_3655,text_1},{0,59,237,320,text_3656,text_1},{0,39,269,320,text_471,text_1},{0,14,291,320,text_1180,text_1},{0,30,268,320,text_1079,text_1},{0,35,260,320,text_3657,text_1},{0,33,238,320,text_1188,text_1},{0,70,192,320,text_3658,text_1},{0,47,209,320,text_3659,text_1},{0,56,234,320,text_3660,text_1},{1,46,246,320,text_3661,text_1},{0,47,209,320,text_1614,text_1},{0,44,214,320,text_3662,text_1},{0,35,254,320,text_3663,text_1},{0,54,228,320,text_3664,text_1},{0,47,265,320,text_2512,text_1},{0,101,197,320,text_3665,text_1},{0,27,263,320,text_2186,text_1},{0,49,212,320,text_790,text_1},{0,42,268,320,text_524,text_1},{0,31,240,320,text_2788,text_1},{0,37,268,320,text_524,text_1},{0,77,231,320,text_3666,text_1},{0,112,114,298,text_1580,text_1581},{0,33,260,320,text_3667,text_1},{0,48,217,320,text_2041,text_1},{0,90,158,320,text_3668,text_1},{0,23,251,320,text_3669,text_1},{0,39,263,320,text_1392,text_1},{0,55,158,320,text_3670,text_1},{0,23,283,320,text_351,text_1},{0,34,268,320,text_549,text_1},{0,33,265,320,text_1124,text_1},{21,42,300,320,text_3671,text_1},{12,66,300,320,text_865,text_1},{0,28,286,320,text_3672,text_1},{0,51,223,320,text_3673,text_1},{0,66,220,320,text_2420,text_1},{0,71,177,320,text_3674,text_1},{11,78,190,320,text_3675,text_1},{0,24,283,320,text_2180,text_1},{0,51,206,320,text_3676,text_1},{9,49,198,320,text_2105,text_1},{0,136,147,320,text_3677,text_1},{15,43,291,320,text_1180,text_1},{0,33,306,320,text_876,text_1},{3,30,300,320,text_2681,text_1},{0,33,254,320,text_645,text_1},{0,14,300,320,text_686,text_1},{0,50,214,320,text_3678,text_1},{0,65,191,320,text_2228,text_1},{0,31,274,320,text_3679,text_1},{0,34,260,320,text_3680,text_1},{0,52,206,320,text_3681,text_1},{2,58,251,320,text_3682,text_1},{0,109,112,320,text_3683,text_1},{2,50,220,320,text_3684,text_1},{0,61,226,320,text_1600,text_1},{0,49,237,320,text_3655,text_1},{0,86,151,320,text_3685,text_1},{0,30,261,320,text_2509,text_1},{0,99,260,320,text_3686,text_1},{0,154,111,320,text_3687,text_1},{0,54,214,320,text_3688,text_1},{0,15,300,320,text_510,text_1},{0,56,231,320,text_3689,text_1},{0,58,194,320,text_3690,text_1},{0,58,257,320,text_3691,text_1},{4,47,203,320,text_1930,text_1},{0,23,285,320,text_464,text_1},{0,73,205,320,text_3692,text_1},{3,37,260,320,text_3693,text_1},{0,50,223,320,text_3694,text_1},{0,38,248,320,text_2621,text_1},{0,25,298,320,text_3616,text_1},{0,59,206,320,text_3695,text_1},{0,53,214,320,text_3696,text_1},{0,29,268,320,text_1749,text_1},{0,75,181,320,text_3697,text_1},{0,65,177,320,text_1007,text_1},{0,39,271,320,text_3698,text_1},{0,65,223,320,text_785,text_1},{0,58,194,320,text_2842,text_1},{0,41,257,320,text_3699,text_1},{0,78,180,320,text_3700,text_1},{0,39,217,320,text_3701,text_1},{0,34,260,320,text_3702,text_1},{0,45,232,320,text_3703,text_1},{0,21,280,320,text_946,text_1},{26,69,223,320,text_3704,text_1},{0,45,198,320,text_2105,text_1},{0,24,269,320,text_1438,text_1},{8,33,295,320,text_3705,text_1},{0,45,231,320,text_3706,text_1},{0,61,206,320,text_3707,text_1},{0,15,271,320,text_1256,text_1},{0,50,243,320,text_3708,text_1},{2,16,300,320,text_3709,text_1},{1,40,214,320,text_3710,text_1},{0,59,180,320,text_3711,text_1},{0,121,123,320,text_3712,text_1},{0,69,262,320,text_3713,text_1},{0,51,211,320,text_2271,text_1},{0,12,283,320,text_3714,text_1},{0,52,300,320,text_2053,text_1},{0,46,211,320,text_1807,text_1},{0,38,252,320,text_3715,text_1},{0,40,226,320,text_3716,text_1},{0,169,109,283,text_3717,text_3718},{0,17,280,320,text_3719,text_1},{0,44,257,320,text_2783,text_1},{0,78,180,320,text_3720,text_1},{0,65,220,320,text_1530,text_1},{0,28,280,320,text_3497,text_1},{7,119,197,320,text_3721,text_1},{0,69,257,320,text_1129,text_1},{10,74,200,320,text_3441,text_1},{3,45,283,320,text_505,text_1},{2,87,204,320,text_3722,text_1},{0,69,208,320,text_3723,text_1},{0,51,226,320,text_3724,text_1},{0,34,268,320,text_551,text_1},{0,49,214,320,text_873,text_1},{0,18,288,320,text_736,text_1},{8,33,260,320,text_3725,text_1},{0,33,260,320,text_339,text_1},{0,101,185,320,text_3726,text_1},{0,71,183,320,text_3727,text_1},{0,37,243,320,text_3728,text_1},{0,19,271,320,text_418,text_1},{0,42,240,320,text_3729,text_1},{6,39,254,320,text_3730,text_1},{0,102,201,320,text_3731,text_1},{0,151,117,291,text_3732,text_3733},{0,75,171,320,text_3734,text_1},{0,64,206,320,text_1085,text_1},{0,102,218,320,text_3735,text_1},{0,101,192,320,text_1330,text_1},{0,165,117,274,text_3736,text_3737},{0,31,274,320,text_3738,text_1},{21,48,277,320,text_3739,text_1},{0,59,194,320,text_2904,text_1},{0,19,291,320,text_1456,text_1},{0,34,254,320,text_355,text_1},{0,12,300,320,text_510,text_1},{0,43,248,320,text_2103,text_1},{6,67,245,320,text_3740,text_1},{0,70,254,320,text_3741,text_1},{0,93,114,320,text_2893,text_1},{0,101,137,320,text_3742,text_1},{0,25,271,320,text_901,text_1},{0,65,238,320,text_38,text_1},{16,35,308,320,text_577,text_1},{4,28,288,320,text_2007,text_1},{0,23,280,320,text_473,text_1},{0,87,100,320,text_3743,text_1},{9,71,262,320,text_3744,text_1},{2,39,258,320,text_3745,text_1},{0,63,160,320,text_3746,text_1},{0,80,154,320,text_2148,text_1},{0,79,225,320,text_3209,text_1},{0,71,143,320,text_3747,text_1},{0,45,223,320,text_3748,text_1},{0,53,246,320,text_3482,text_1},{3,34,263,320,text_2762,text_1},{0,38,268,320,text_549,text_1},{0,24,265,320,text_1124,text_1},{2,49,211,320,text_1807,text_1},{0,62,225,320,text_3749,text_1},{0,42,251,320,text_649,text_1},{1,91,203,320,text_3750,text_1},{0,42,281,320,text_2244,text_1},{0,14,277,320,text_888,text_1},{1,20,291,320,text_417,text_1},{11,142,248,320,text_3751,text_1},{0,116,109,298,text_3752,text_3753},{0,14,291,320,text_326,text_1},{0,58,221,320,text_864,text_1},{2,24,263,320,text_770,text_1},{0,56,221,320,text_372,text_1},{0,21,300,320,text_612,text_1},{0,53,191,320,text_3754,text_1},{0,22,291,320,text_1068,text_1},{0,84,154,320,text_3755,text_1},{0,92,148,320,text_3756,text_1},{0,92,180,320,text_3757,text_1},{0,31,288,320,text_632,text_1},{0,18,286,320,text_707,text_1},{0,114,223,320,text_3758,text_1},{0,15,291,320,text_1180,text_1},{0,46,248,320,text_3759,text_1},{0,16,291,320,text_1839,text_1},{0,68,220,320,text_685,text_1},{3,107,137,320,text_3760,text_1},{4,78,220,320,text_685,text_1},{0,35,260,320,text_3761,text_1},{0,41,237,320,text_1089,text_1},{0,54,217,320,text_3762,text_1},{45,70,289,320,text_28,text_1},{0,101,257,320,text_3763,text_1},{0,28,280,320,text_438,text_1},{0,52,214,320,text_1429,text_1},{0,30,291,320,text_3764,text_1},{0,39,243,320,text_642,text_1},{0,26,278,320,text_635,text_1},{0,44,260,320,text_741,text_1},{0,19,271,320,text_1256,text_1},{0,40,277,320,text_2756,text_1},{0,88,160,320,text_3765,text_1},{0,71,160,320,text_3766,text_1},{0,44,246,320,text_3339,text_1},{6,22,280,320,text_947,text_1},{0,32,251,320,text_1006,text_1},{0,52,243,320,text_3767,text_1},{19,58,198,320,text_3768,text_1},{2,39,223,320,text_1876,text_1},{0,60,233,320,text_3769,text_1},{0,120,146,320,text_3770,text_1},{0,54,206,320,text_3681,text_1},{0,55,194,320,text_3080,text_1},{1,39,263,320,text_3771,text_1},{44,100,231,320,text_3772,text_1},{3,51,231,320,text_3772,text_1},{0,41,308,320,text_1189,text_1},{0,93,228,320,text_3773,text_1},{0,31,291,320,text_1293,text_1},{0,38,240,320,text_3774,text_1},{0,39,214,320,text_3775,text_1},{0,21,294,320,text_323,text_1},{0,11,291,320,text_3776,text_1},{0,39,271,320,text_3777,text_1},{1,68,223,320,text_785,text_1},{0,67,186,320,text_3778,text_1},{0,46,231,320,text_953,text_1},{0,72,126,320,text_3779,text_1},{0,45,252,320,text_3780,text_1},{0,50,238,320,text_38,text_1},{0,56,225,320,text_3781,text_1},{0,30,268,320,text_551,text_1},{0,37,277,320,text_3782,text_1},{0,82,186,320,text_3539,text_1},{0,65,260,320,text_1017,text_1},{0,40,211,320,text_3783,text_1},{0,44,260,320,text_823,text_1},{0,64,226,320,text_2227,text_1},{2,24,300,320,text_11,text_1},{0,83,197,320,text_3784,text_1},{0,100,146,320,text_3785,text_1},{0,172,106,269,text_3786,text_3787},{0,85,237,320,text_3788,text_1},{0,48,212,320,text_672,text_1},{0,86,137,320,text_3760,text_1},{0,65,237,320,text_3789,text_1},{2,33,258,320,text_1054,text_1},{0,14,291,320,text_1180,text_1},{0,34,260,320,text_1533,text_1},{0,23,291,320,text_684,text_1},{0,27,268,320,text_3790,text_1},{0,28,280,320,text_771,text_1},{2,20,291,320,text_560,text_1},{0,77,217,320,text_1036,text_1},{0,65,204,320,text_3791,text_1},{4,20,291,320,text_728,text_1},{0,37,255,320,text_3792,text_1},{2,60,214,320,text_3793,text_1},{0,70,211,320,text_851,text_1},{0,25,263,320,text_388,text_1},{0,43,231,320,text_3794,text_1},{0,32,268,320,text_3795,text_1},{7,53,268,320,text_3796,text_1},{0,71,214,320,text_3278,text_1},{0,72,177,320,text_1007,text_1},{0,58,220,320,text_3797,text_1},{0,28,260,320,text_3702,text_1},{0,32,228,320,text_350,text_1},{0,48,245,320,text_3798,text_1},{0,36,228,320,text_350,text_1},{0,45,240,320,text_656,text_1},{0,37,222,320,text_3799,text_1},{2,305,95,175,text_3800,text_3801},{2,45,285,320,text_3802,text_1},{0,137,141,320,text_3803,text_1},{0,43,228,320,text_3804,text_1},{0,53,217,320,text_3805,text_1},{0,31,251,320,text_366,text_1},{10,47,300,320,text_3806,text_1},{0,87,174,320,text_3807,text_1},{0,25,278,320,text_635,text_1},{4,39,252,320,text_3808,text_1},{1,82,239,320,text_3809,text_1},{0,60,226,320,text_3810,text_1},{0,39,283,320,text_3225,text_1},{0,39,254,320,text_2690,text_1},{0,75,186,320,text_338,text_1},{0,73,220,320,text_3811,text_1},{0,67,183,320,text_3812,text_1},{0,32,221,320,text_340,text_1},{0,52,208,320,text_3813,text_1},{0,33,263,320,text_900,text_1},{0,63,186,320,text_3814,text_1},{0,24,260,320,text_1769,text_1},{0,40,243,320,text_3815,text_1},{0,48,232,320,text_3569,text_1},{1,32,263,320,text_1598,text_1},{1,84,174,320,text_3816,text_1},{0,36,300,320,text_361,text_1},{0,28,291,320,text_712,text_1},{0,48,244,320,text_3817,text_1},{0,59,209,320,text_3818,text_1},{0,61,217,320,text_3819,text_1},{4,158,92,274,text_3820,text_3821},{0,18,291,320,text_1642,text_1},{0,178,112,271,text_3822,text_3823},{0,84,158,320,text_3824,text_1},{0,144,106,274,text_3825,text_3826}};
static const Clip clips[]={{0x0000c4d2,297,1,212,1},{0x0019c29f,298,1,62,1},{0x002f7858,299,1,46,1},{0x003ce007,300,1,62,1},{0x0049f3de,301,1,72,1},{0x004b9ec1,302,1,99,1},{0x004e6f70,303,1,81,1},{0x004e8a53,304,1,69,1},{0x00508198,305,1,107,1},{0x00607191,306,1,36,1},{0x00649cc7,307,1,73,1},{0x007f1f2e,308,1,45,1},{0x007fc767,309,1,62,1},{0x0082c6c3,310,1,79,1},{0x00943329,311,1,71,1},{0x00947b7f,312,1,68,1},{0x009f9ef2,313,1,46,1},{0x00a0502c,314,1,75,1},{0x00a2122b,315,1,43,1},{0x00a28265,316,1,47,1},{0x00a56051,317,1,121,1},{0x00b15535,318,1,73,1},{0x00c322b6,319,1,60,1},{0x00c9d9c2,320,1,42,1},{0x00d92c9c,321,1,73,1},{0x00de3903,322,1,37,1},{0x00f262b7,323,1,174,1},{0x00fa48e7,324,1,40,1},{0x0108b354,325,1,49,1},{0x01192ceb,326,1,43,1},{0x01242a4e,327,1,56,1},{0x01306238,328,1,91,1},{0x014c1d28,329,1,102,1},{0x01584064,330,1,61,1},{0x015edb74,331,1,66,1},{0x0173c8e2,332,1,69,1},{0x018f2fec,333,1,67,1},{0x0190b2fd,334,1,92,1},{0x01a1b48c,335,1,51,1},{0x01a458fd,336,1,38,1},{0x01c60c6e,337,1,79,1},{0x01d620a8,338,1,106,1},{0x01d7ed1c,339,1,50,1},{0x01d87d74,340,1,59,1},{0x02006d84,341,1,56,1},{0x02128605,342,1,57,1},{0x0213a097,343,1,56,1},{0x021d544a,344,1,68,1},{0x02359e31,345,1,51,1},{0x024c6d9c,346,1,75,1},{0x0250c4bb,347,1,47,1},{0x025ce327,348,1,148,1},{0x026274af,349,1,31,1},{0x0276189e,350,1,43,1},{0x027ffd50,351,1,181,1},{0x0283bd1d,352,1,63,1},{0x02867d33,353,1,68,1},{0x0298bc5d,354,1,74,1},{0x029b9ce5,355,1,57,1},{0x02a395e8,356,1,59,1},{0x02b947ad,357,1,43,1},{0x02cf4fea,358,1,116,1},{0x02d992ce,359,1,43,1},{0x02def87f,360,1,55,1},{0x02f17bfd,361,1,69,1},{0x030185a8,362,1,96,1},{0x03136e84,363,1,62,1},{0x031443f4,364,1,50,1},{0x031e0b9a,365,1,70,1},{0x032bb7a5,366,1,100,1},{0x032bedb0,367,1,46,1},{0x032ea8a9,368,1,58,1},{0x03353662,369,1,55,1},{0x03393851,370,1,99,1},{0x034099be,371,1,101,1},{0x0344986c,372,1,67,1},{0x03461b7d,373,1,60,1},{0x03660e74,374,1,62,1},{0x03665268,375,1,39,1},{0x036be830,376,1,55,1},{0x037bc30b,377,1,44,1},{0x037c232d,378,1,87,1},{0x03809f22,379,1,65,1},{0x03816c9b,380,1,46,1},{0x03ac1eca,381,1,77,1},{0x03b2e226,382,1,41,1},{0x03c90917,383,1,68,1},{0x03cb29e0,384,1,57,1},{0x03d08cee,385,1,148,1},{0x03d33a92,386,1,61,1},{0x03d4c1b2,387,1,45,1},{0x03db4ca8,388,1,64,1},{0x03e1d5fa,389,1,137,1},{0x03e69f6f,390,1,55,1},{0x03e6f438,391,1,64,1},{0x03e83f82,392,1,89,1},{0x040ec78a,393,1,55,1},{0x0411b936,394,1,92,1},{0x0412c6bc,395,1,48,1},{0x042453c0,396,1,51,1},{0x042e0fea,397,1,33,1},{0x043a0979,398,1,68,1},{0x04482cc7,399,1,83,1},{0x04487208,400,1,83,1},{0x04592402,401,1,78,1},{0x045b12b9,402,1,159,1},{0x045e70f1,403,1,70,1},{0x046b02b2,404,1,41,1},{0x046f2de8,405,1,64,1},{0x047b6b25,406,1,55,1},{0x048ac6d2,407,1,46,1},{0x048b6f25,408,1,36,1},{0x04aca34c,409,1,54,1},{0x04ae7db6,410,1,107,1},{0x04bbe9f7,411,1,64,1},{0x04ca78db,412,1,247,1},{0x04caf127,413,1,65,1},{0x04ce0278,414,1,44,1},{0x04d3e019,415,1,80,1},{0x04d46ae3,416,1,46,1},{0x04f50cfb,417,1,62,1},{0x04f51d36,418,1,38,1},{0x04f87fc7,419,1,133,1},{0x04fd4ec7,420,1,87,1},{0x0504427f,421,1,74,1},{0x0504da08,422,1,34,1},{0x052a6dfe,423,1,67,1},{0x0541e4ab,424,1,49,1},{0x054ac557,425,1,123,1},{0x054fdf77,426,1,67,1},{0x0553fd2c,427,1,58,1},{0x055ae4c7,428,1,69,1},{0x0565a8b4,429,1,65,1},{0x0579d1fe,430,1,42,1},{0x058f9de0,431,1,63,1},{0x0595c43d,432,1,73,1},{0x05a22d47,433,1,63,1},{0x05a73175,434,1,75,1},{0x05ac0d31,435,1,79,1},{0x05d01583,436,1,50,1},{0x05de60e4,437,1,56,1},{0x05dfa80c,438,1,65,1},{0x05e3ac97,439,1,55,1},{0x05e52702,440,1,68,1},{0x05ea0c92,441,1,48,1},{0x05f1c08d,442,1,72,1},{0x061d4dbb,443,1,149,1},{0x06255404,444,1,33,1},{0x063a48a6,445,1,57,1},{0x06402f52,446,1,129,1},{0x065ff68c,447,1,83,1},{0x06637977,448,1,60,1},{0x066cf630,449,1,96,1},{0x0676f587,450,1,114,1},{0x067be59d,451,1,113,1},{0x068e4e3e,452,1,45,1},{0x06988c12,453,1,150,1},{0x06a34d7e,454,1,51,1},{0x06a62e06,455,1,53,1},{0x06c3d8ce,456,1,51,1},{0x06d361c8,457,1,179,1},{0x06e423ef,458,1,95,1},{0x06f54e0c,459,1,56,1},{0x06f6f05d,460,1,73,1},{0x06fb8d1a,461,1,46,1},{0x070c16c9,462,1,71,1},{0x07187739,463,1,49,1},{0x071ed515,464,1,93,1},{0x0726cd5d,465,1,65,1},{0x072f3a7e,466,1,95,1},{0x07367ed1,467,1,44,1},{0x073939ca,468,1,61,1},{0x073e60f1,469,1,83,1},{0x073fc561,470,1,61,1},{0x0740bca5,471,1,98,1},{0x074227c7,472,1,73,1},{0x074e5e99,473,1,47,1},{0x07600127,474,1,101,1},{0x07698ec3,475,1,113,1},{0x078088b8,476,1,83,1},{0x0786b44e,477,1,89,1},{0x07931732,478,1,53,1},{0x079c6a07,479,1,92,1},{0x079dbe57,480,1,43,1},{0x07a78efc,481,1,56,1},{0x07a832e7,482,1,101,1},{0x07bd7347,483,1,46,1},{0x07db1e0f,484,1,83,1},{0x07ddcbb3,485,1,77,1},{0x07e16d37,486,1,87,1},{0x07eb1d9e,487,1,140,1},{0x07f06cbf,488,1,59,1},{0x07f5165d,489,1,54,1},{0x0804fca7,490,1,84,1},{0x0813bd1f,491,1,60,1},{0x082ee4e1,492,1,60,1},{0x0850f7e6,493,1,94,1},{0x0851d605,494,1,56,1},{0x0862cc08,495,1,66,1},{0x0865a3da,496,1,141,1},{0x0867d1b1,497,1,48,1},{0x086d29e1,498,1,91,1},{0x086eb93e,499,1,89,1},{0x087593d3,500,1,77,1},{0x08830dc1,501,1,119,1},{0x0885fc46,502,1,35,1},{0x08b07e7d,503,1,60,1},{0x08b1ce8b,504,1,60,1},{0x08b7346d,505,1,48,1},{0x08c67b18,506,1,49,1},{0x08c90b10,507,1,43,1},{0x08ccf8fc,508,1,63,1},{0x08d89399,509,1,46,1},{0x08defc04,510,1,53,1},{0x08e4deec,511,1,70,1},{0x08e963c0,512,1,62,1},{0x08eabf85,513,1,41,1},{0x08ec82b9,514,1,99,1},{0x08edb4b3,515,1,127,1},{0x08fe2576,516,1,179,1},{0x090310e8,517,1,63,1},{0x0919016f,518,1,53,1},{0x091a582d,519,1,83,1},{0x0922aeed,520,1,74,1},{0x09394c90,521,1,53,1},{0x09489ade,522,1,124,1},{0x09595d8b,523,1,88,1},{0x09613f6a,524,1,62,1},{0x096575e8,525,1,55,1},{0x096b44a7,526,1,74,1},{0x096ca322,527,1,79,1},{0x096d62a6,528,1,86,1},{0x0973fdb6,529,1,93,1},{0x09749f56,530,1,43,1},{0x09797785,531,1,99,1},{0x097bd2ec,532,1,61,1},{0x097eabef,533,1,55,1},{0x09882f40,534,1,70,1},{0x09945242,535,1,69,1},{0x0995e546,536,1,104,1},{0x099c2e97,537,1,50,1},{0x09a36a95,538,1,75,1},{0x09a4522e,539,1,68,1},{0x09a778e0,540,1,97,1},{0x09ae4dc8,541,1,54,1},{0x09db2eb0,542,1,53,1},{0x09dd097c,543,1,85,1},{0x09ea392d,544,1,84,1},{0x09ec87b3,545,1,64,1},{0x09fc51ae,546,1,70,1},{0x0a080100,547,1,55,1},{0x0a28c2d9,548,1,51,1},{0x0a30bbe6,549,1,86,1},{0x0a32f454,550,1,85,1},{0x0a340885,551,1,68,1},{0x0a3bb80b,552,1,91,1},{0x0a461325,553,1,57,1},{0x0a4695cd,554,1,71,1},{0x0a4e1460,555,1,72,1},{0x0a50ec5a,556,1,74,1},{0x0a5a60f3,557,1,62,1},{0x0a91a427,558,1,33,1},{0x0a98df5f,559,1,64,1},{0x0aa31d33,560,1,104,1},{0x0aadde9f,561,1,75,1},{0x0ace69ef,562,1,49,1},{0x0adb24e7,563,1,56,1},{0x0adc3e0f,564,1,148,1},{0x0ae0b7f6,565,1,63,1},{0x0ae0bc69,566,1,71,1},{0x0b040239,567,1,72,1},{0x0b069e3f,568,1,59,1},{0x0b16a7ea,569,1,67,1},{0x0b1a9ae9,570,1,55,1},{0x0b1c3751,571,1,51,1},{0x0b2a4486,572,1,68,1},{0x0b3050a2,573,1,37,1},{0x0b30bf83,574,1,67,1},{0x0b410ff2,575,1,63,1},{0x0b4a58a4,576,1,41,1},{0x0b4b4dc6,577,1,100,1},{0x0b527b13,578,1,35,1},{0x0b59baae,579,1,72,1},{0x0b730323,580,1,85,1},{0x0b7c9f7a,581,1,48,1},{0x0b876ebe,582,1,106,1},{0x0b8b19d9,583,1,52,1},{0x0b9795d9,584,1,61,1},{0x0b9e9f54,585,1,37,1},{0x0ba06028,586,1,71,1},{0x0ba3666b,587,1,98,1},{0x0ba3c9e2,588,1,54,1},{0x0ba8c4a1,589,1,89,1},{0x0bc01095,590,1,61,1},{0x0be15d47,591,1,50,1},{0x0be3fb46,592,1,71,1},{0x0be5af30,593,1,71,1},{0x0be85cd4,594,1,85,1},{0x0bf1d27c,595,1,87,1},{0x0c02ae45,596,1,106,1},{0x0c0dd8ec,597,1,179,1},{0x0c1859b7,598,1,95,1},{0x0c32321d,599,1,159,1},{0x0c397602,600,1,66,1},{0x0c4c55aa,601,1,145,1},{0x0c4f694e,602,1,54,1},{0x0c6c4560,603,1,52,1},{0x0c6cfe50,604,1,193,1},{0x0c6e22d3,605,1,60,1},{0x0c7034fb,606,1,181,1},{0x0c70cd2b,607,1,103,1},{0x0c77b34f,608,1,49,1},{0x0c8e1e83,609,1,126,1},{0x0c908d67,610,1,45,1},{0x0cafbe1a,611,1,64,1},{0x0cba61c5,612,1,92,1},{0x0cc1c58e,613,1,41,1},{0x0cc235c8,614,1,69,1},{0x0cc364d5,615,1,69,1},{0x0cc39ff8,616,1,82,1},{0x0cc8858c,617,1,38,1},{0x0ce98d25,618,1,48,1},{0x0cecae33,619,1,82,1},{0x0cefc69f,620,1,279,1},{0x0d03f055,621,1,74,1},{0x0d08abd8,622,1,110,1},{0x0d16927f,623,1,55,1},{0x0d44c6f9,624,1,58,1},{0x0d5c26cf,625,1,71,1},{0x0d700709,626,1,61,1},{0x0d7f6d27,627,1,97,1},{0x0d835571,0,9,1535,2},{0x0d835572,9,6,1521,2},{0x0d8ef440,628,1,47,1},{0x0d996f25,629,1,72,1},{0x0dab3962,630,1,72,1},{0x0dbff153,631,1,70,1},{0x0dc8c4b4,632,1,39,1},{0x0dda9631,633,1,75,1},{0x0de5bfd1,634,1,54,1},{0x0dfded42,635,1,78,1},{0x0e1d50d6,636,1,84,1},{0x0e2cc5fa,637,1,56,1},{0x0e362934,638,1,38,1},{0x0e371396,639,1,57,1},{0x0e3ad71d,640,1,97,1},{0x0e3ad7d1,641,1,78,1},{0x0e3e99a6,642,1,78,1},{0x0e44a5c2,643,1,41,1},{0x0e594e00,644,1,55,1},{0x0e5ffc66,645,1,71,1},{0x0e6e1585,646,1,136,1},{0x0e70781e,647,1,62,1},{0x0e757793,648,1,53,1},{0x0e816ea1,649,1,116,1},{0x0e85c068,650,1,61,1},{0x0e98e6b2,651,1,171,1},{0x0e9c3548,652,1,44,1},{0x0ea1f6fc,653,1,67,1},{0x0eadae54,654,1,232,1},{0x0eb86fc0,655,1,38,1},{0x0ebb5048,656,1,50,1},{0x0ebf7771,657,1,60,1},{0x0ec678ba,658,1,63,1},{0x0ec679ff,659,1,66,1},{0x0ecdb933,660,1,44,1},{0x0ecec6a5,661,1,56,1},{0x0ed58f9f,662,1,62,1},{0x0ede59c7,663,1,56,1},{0x0ef2e9bb,664,1,83,1},{0x0f0e5d6e,665,1,60,1},{0x0f112f60,666,1,54,1},{0x0f1d7bdf,667,1,93,1},{0x0f21390b,668,1,61,1},{0x0f33f757,669,1,63,1},{0x0f34d5a7,670,1,84,1},{0x0f3ae1c3,671,1,52,1},{0x0f445cc0,672,1,60,1},{0x0f499077,673,1,59,1},{0x0f4ba113,674,1,125,1},{0x0f4d6e75,675,1,90,1},{0x0f55dee7,676,1,103,1},{0x0f584fdb,677,1,48,1},{0x0f5beb03,678,1,114,1},{0x0f6380db,679,1,77,1},{0x0f6518e5,680,1,150,1},{0x0f6e7650,681,1,72,1},{0x0f744fc2,682,1,48,1},{0x0f78bb31,683,1,43,1},{0x0f881c6d,684,1,163,1},{0x0f95aafa,685,1,71,1},{0x0f9bd690,686,1,87,1},{0x0fae5b03,687,1,68,1},{0x0fb1e890,688,1,38,1},{0x0fb27d16,689,1,55,1},{0x0fb355c2,690,1,63,1},{0x0fd29589,691,1,55,1},{0x0fd3b1ec,692,1,89,1},{0x0ff04051,693,1,102,1},{0x0ff217b1,694,1,78,1},{0x0ff2edf5,695,1,61,1},{0x0ff59f08,696,1,79,1},{0x100609e7,697,1,56,1},{0x100dd198,698,1,52,1},{0x10114798,699,1,69,1},{0x1020a9b1,700,1,43,1},{0x103b8076,701,1,66,1},{0x10440723,702,1,80,1},{0x104b07f8,703,1,46,1},{0x105cb0be,704,1,119,1},{0x1063ff27,705,1,81,1},{0x1065ebbd,706,1,48,1},{0x106a341b,707,1,126,1},{0x107ac61c,708,1,148,1},{0x1092ae16,709,1,72,1},{0x109910d5,710,1,55,1},{0x109b1e88,711,1,50,1},{0x10b1f61e,712,1,82,1},{0x10b6df45,713,1,91,1},{0x10c7b683,714,1,99,1},{0x10cc56af,715,1,44,1},{0x10cf78a3,716,1,43,1},{0x10d2b1b3,717,1,65,1},{0x10d316ad,718,1,81,1},{0x10e7c75d,719,1,48,1},{0x10f916a3,720,1,44,1},{0x110ae4bc,721,1,65,1},{0x110c3bd3,722,1,97,1},{0x1116ef6f,723,1,90,1},{0x111c5aa1,724,1,47,1},{0x111cdbde,725,1,67,1},{0x1120f9ed,726,1,44,1},{0x113adea9,727,1,39,1},{0x1142b05d,728,1,82,1},{0x1144c6fe,729,1,142,1},{0x115b987e,730,1,47,1},{0x1166b7f0,731,1,107,1},{0x11762ce0,732,1,194,1},{0x117661ac,733,1,69,1},{0x117e8e23,734,1,56,1},{0x11855c17,735,1,44,1},{0x11891ff8,736,1,82,1},{0x119d1289,737,1,39,1},{0x11aeb88e,738,1,30,1},{0x11b099e8,739,1,124,1},{0x11b79559,740,1,76,1},{0x11b96597,741,1,143,1},{0x11f050f2,742,1,54,1},{0x11f22bbe,743,1,80,1},{0x11f9472a,744,1,127,1},{0x120006b1,745,1,69,1},{0x120cef13,746,1,58,1},{0x12286f25,747,1,47,1},{0x1237571b,748,1,92,1},{0x1238c880,749,1,94,1},{0x1239f33a,750,1,42,1},{0x12492ac7,751,1,41,1},{0x124ee605,752,1,69,1},{0x124f36e3,753,1,86,1},{0x1255a90f,754,1,38,1},{0x1260fe86,755,1,70,1},{0x12619d69,756,1,157,1},{0x1263df21,757,1,95,1},{0x1276128d,758,1,49,1},{0x1276430c,759,1,41,1},{0x12765744,760,1,67,1},{0x12822f69,761,1,31,1},{0x128c3159,762,1,68,1},{0x129ca66f,763,1,50,1},{0x12a6c669,764,1,34,1},{0x12b83f75,765,1,119,1},{0x12bd6fb3,766,1,122,1},{0x12c300e1,767,1,39,1},{0x12c5e169,768,1,61,1},{0x12e38c31,769,1,42,1},{0x12ebe63b,770,1,63,1},{0x12f16fb3,771,1,49,1},{0x131f74d4,772,1,42,1},{0x132500d6,773,1,82,1},{0x132bca2c,774,1,40,1},{0x132fbd2b,775,1,54,1},{0x133f66c8,776,1,58,1},{0x13563234,777,1,60,1},{0x1363a18d,778,1,62,1},{0x13667c24,779,1,58,1},{0x136e11fc,780,1,114,1},{0x13730a4c,781,1,57,1},{0x1378bb74,782,1,95,1},{0x137ee637,783,1,66,1},{0x13997391,784,1,88,1},{0x13ad3f5a,785,1,144,1},{0x13bbe091,786,1,116,1},{0x13bc79b1,787,1,49,1},{0x13bde6e3,788,1,74,1},{0x13df26e9,789,1,80,1},{0x13f622d5,790,1,62,1},{0x13fad172,791,1,113,1},{0x13fd7f16,792,1,106,1},{0x141deab9,793,1,76,1},{0x143570c6,794,1,57,1},{0x14461197,795,1,57,1},{0x14488a76,796,1,77,1},{0x145da704,797,1,55,1},{0x14603d4a,798,1,171,1},{0x146217b4,799,1,84,1},{0x1465df11,800,1,59,1},{0x147564a5,801,1,94,1},{0x1481fffd,802,1,38,1},{0x1485573d,803,1,162,1},{0x148673a0,804,1,61,1},{0x1491a5a8,805,1,103,1},{0x149a9193,806,1,120,1},{0x149e5368,807,1,43,1},{0x14a3a1f6,808,1,91,1},{0x14a5afa9,809,1,50,1},{0x14bcfef8,810,1,95,1},{0x14c2def9,811,1,58,1},{0x14c62574,812,1,42,1},{0x14d031e0,813,1,103,1},{0x14d6e7d0,814,1,53,1},{0x14d8c23a,815,1,69,1},{0x14e74d99,816,1,68,1},{0x1503eaad,817,1,60,1},{0x15088b46,818,1,56,1},{0x150d6816,819,1,146,1},{0x15218090,820,1,94,1},{0x1528a0af,821,1,55,1},{0x1528d0df,822,1,140,1},{0x152d39dc,823,1,76,1},{0x1538b4d2,824,1,43,1},{0x153ba8c4,825,1,90,1},{0x153f525d,826,1,82,1},{0x154f6ba5,827,1,42,1},{0x15714911,828,1,54,1},{0x158f433d,829,1,39,1},{0x158fd8b4,830,1,82,1},{0x1595981f,831,1,33,1},{0x159c8f81,832,1,56,1},{0x159fac2c,833,1,59,1},{0x15a41682,834,1,43,1},{0x15b8099d,835,1,62,1},{0x15bbe1fa,836,1,54,1},{0x15c008c1,837,1,76,1},{0x15c9b852,838,1,63,1},{0x15d77a4a,839,1,71,1},{0x15e3ba8f,840,1,55,1},{0x15fae213,841,1,67,1},{0x161053cb,842,1,38,1},{0x16178034,843,1,52,1},{0x16311604,844,1,93,1},{0x16336bae,845,1,43,1},{0x1633d00b,846,1,59,1},{0x1641e83c,847,1,68,1},{0x1644845b,848,1,42,1},{0x164c2b7b,849,1,65,1},{0x1652a7b7,850,1,50,1},{0x1653bbe8,851,1,39,1},{0x1653e485,852,1,125,1},{0x1655d374,853,1,48,1},{0x1659c804,854,1,41,1},{0x166b01ac,855,1,63,1},{0x166e7042,856,1,79,1},{0x167b8858,857,1,66,1},{0x1680e865,858,1,72,1},{0x169bb23a,859,1,36,1},{0x16b1578a,860,1,61,1},{0x16b892c2,861,1,59,1},{0x16b9f047,862,1,67,1},{0x16bed89f,863,1,53,1},{0x16c2cdaf,864,1,71,1},{0x16c2d096,865,1,273,1},{0x16cd9202,866,1,47,1},{0x16df9a49,867,1,50,1},{0x16ee1d52,868,1,83,1},{0x16fad84a,869,1,83,1},{0x16fb9a66,870,1,117,1},{0x170f2c68,871,1,123,1},{0x172df97f,872,1,77,1},{0x17365b4d,873,1,104,1},{0x1749f7e9,874,1,58,1},{0x174e9cbe,875,1,91,1},{0x17500405,876,1,64,1},{0x1752a27e,877,1,145,1},{0x1760c355,878,1,64,1},{0x176532c3,879,1,129,1},{0x17710d45,880,1,130,1},{0x177dc950,881,1,55,1},{0x17814815,882,1,59,1},{0x178bb52f,15,3,731,2},{0x178bb530,18,7,970,2},{0x1790d165,883,1,77,1},{0x179165b1,884,1,56,1},{0x17acdf2b,885,1,126,1},{0x17b70877,886,1,168,1},{0x17c87804,887,1,56,1},{0x17d5924c,888,1,91,1},{0x17e20b3f,889,1,62,1},{0x17e796c0,890,1,72,1},{0x17e7b7cb,891,1,51,1},{0x17f3c57c,892,1,48,1},{0x17f56bb3,893,1,133,1},{0x17f93d05,894,1,54,1},{0x17fd4234,895,1,69,1},{0x18042c97,896,1,53,1},{0x18056293,897,1,80,1},{0x180657e6,898,1,97,1},{0x18081037,899,1,49,1},{0x180d7712,900,1,56,1},{0x1820633d,901,1,46,1},{0x1822515b,902,1,106,1},{0x183f28f5,903,1,43,1},{0x184e52a2,904,1,89,1},{0x186ace6b,905,1,68,1},{0x18716a17,906,1,62,1},{0x187979d3,907,1,46,1},{0x1881d553,908,1,48,1},{0x1886d751,909,1,40,1},{0x188fe85e,910,1,74,1},{0x18a0ec97,911,1,141,1},{0x18a2c506,912,1,88,1},{0x18b040ca,913,1,50,1},{0x18d4ec55,914,1,69,1},{0x18d61106,915,1,67,1},{0x18e17c84,916,1,106,1},{0x18e5b612,917,1,65,1},{0x18eadb73,918,1,68,1},{0x19024ac8,919,1,61,1},{0x19078b82,920,1,70,1},{0x191851c5,921,1,74,1},{0x1919a403,922,1,54,1},{0x192c11b1,923,1,94,1},{0x193331d0,924,1,56,1},{0x193bb33b,925,1,117,1},{0x194639e5,926,1,133,1},{0x194b57b7,927,1,72,1},{0x1957c8e0,928,1,79,1},{0x195d7038,929,1,76,1},{0x19622461,930,1,76,1},{0x19753255,931,1,98,1},{0x197bda32,932,1,79,1},{0x1982dfdb,933,1,32,1},{0x19833e5b,934,1,60,1},{0x198b83ee,935,1,96,1},{0x19974c93,936,1,29,1},{0x199ce299,937,1,70,1},{0x199f208a,938,1,63,1},{0x19c97ea0,939,1,37,1},{0x19d8ddac,940,1,99,1},{0x19f807b1,941,1,179,1},{0x1a074e00,942,1,97,1},{0x1a19427c,943,1,160,1},{0x1a1da0a5,944,1,57,1},{0x1a221155,945,1,82,1},{0x1a23b632,946,1,150,1},{0x1a2b4753,947,1,49,1},{0x1a36bd7a,948,1,37,1},{0x1a3a84a2,949,1,40,1},{0x1a415789,950,1,74,1},{0x1a4c795d,951,1,55,1},{0x1a55dc97,952,1,49,1},{0x1a56b731,953,1,132,1},{0x1a5a8b34,954,1,71,1},{0x1a5e4d09,955,1,61,1},{0x1a645925,956,1,54,1},{0x1a6c3d7d,957,1,64,1},{0x1a7ea4f4,958,1,52,1},{0x1a841d45,959,1,37,1},{0x1a8b7986,960,1,56,1},{0x1a95f026,961,1,37,1},{0x1aa03b48,962,1,95,1},{0x1abbe8ab,963,1,44,1},{0x1ac323e3,964,1,46,1},{0x1ad5ee56,965,1,174,1},{0x1ad82323,966,1,47,1},{0x1adb03ab,967,1,48,1},{0x1adbdfb0,968,1,41,1},{0x1ae62d62,969,1,48,1},{0x1ae9881c,970,1,78,1},{0x1af898d7,971,1,49,1},{0x1af8ae73,972,1,46,1},{0x1afe0d2a,973,1,26,1},{0x1b04a5f2,974,1,75,1},{0x1b1a24c0,975,1,42,1},{0x1b2e42fe,976,1,71,1},{0x1b3ac307,977,1,58,1},{0x1b40ec6e,978,1,49,1},{0x1b44df6d,979,1,62,1},{0x1b47a439,980,1,49,1},{0x1b54890a,981,1,34,1},{0x1b6b5476,982,1,106,1},{0x1b6d21d8,983,1,128,1},{0x1b78033e,984,1,64,1},{0x1b7b9e66,985,1,64,1},{0x1b8550c8,986,1,82,1},{0x1b986e94,987,1,75,1},{0x1b9bf6d2,988,1,74,1},{0x1ba2d3e4,989,1,53,1},{0x1bb7a595,990,1,38,1},{0x1bc1a6f1,991,1,64,1},{0x1bc84e1a,992,1,121,1},{0x1bd102d3,993,1,71,1},{0x1bd30925,994,1,58,1},{0x1bf3654f,995,1,41,1},{0x1bfe569d,996,1,81,1},{0x1bff9dc5,997,1,106,1},{0x1c0bcf1a,998,1,70,1},{0x1c0f72d9,999,1,101,1},{0x1c0ff3b4,1000,1,84,1},{0x1c12a158,1001,1,66,1},{0x1c3985c5,1002,1,37,1},{0x1c3a2ace,1003,1,71,1},{0x1c3bb6f3,1004,1,70,1},{0x1c3bd56c,1005,1,53,1},{0x1c43f2dc,1006,1,52,1},{0x1c4e4541,1007,1,78,1},{0x1c54ca9c,1008,1,68,1},{0x1c57a091,1009,1,55,1},{0x1c5c76a1,1010,1,187,1},{0x1c5da433,1011,1,103,1},{0x1c5f770c,1012,1,50,1},{0x1c6202c5,1013,1,53,1},{0x1c6abb5b,1014,1,69,1},{0x1c7739f6,1015,1,83,1},{0x1c916872,1016,1,78,1},{0x1c917dd4,1017,1,117,1},{0x1ca63c0f,1018,1,53,1},{0x1cabdfd2,1019,1,107,1},{0x1caff888,1020,1,86,1},{0x1cb26179,1021,1,61,1},{0x1cbad1eb,1022,1,68,1},{0x1cc1e8e5,1023,1,51,1},{0x1ce59fc9,1024,1,76,1},{0x1ced409f,1025,1,112,1},{0x1cede47c,1026,1,42,1},{0x1cef2c06,1027,1,46,1},{0x1d0a44a8,1028,1,47,1},{0x1d2fad8e,1029,1,41,1},{0x1d341c2b,1030,1,71,1},{0x1d3dc2f1,1031,1,71,1},{0x1d46cf40,1032,1,39,1},{0x1d5378aa,1033,1,62,1},{0x1d5a920c,1034,1,39,1},{0x1d648de7,1035,1,39,1},{0x1d6842b2,1036,1,42,1},{0x1d7481ea,1037,1,77,1},{0x1d866b53,1038,1,79,1},{0x1d8dd05c,1039,1,67,1},{0x1da28f10,1040,1,83,1},{0x1dc6069b,1041,1,73,1},{0x1dcff496,1042,1,87,1},{0x1dd26443,1043,1,76,1},{0x1de5f384,1044,1,51,1},{0x1e1cb27d,1045,1,58,1},{0x1e1cf806,1046,1,197,1},{0x1e246f38,1047,1,84,1},{0x1e281169,1048,1,80,1},{0x1e2ca276,1049,1,123,1},{0x1e302c7a,1050,1,51,1},{0x1e493134,1051,1,36,1},{0x1e593e74,1052,1,120,1},{0x1e614852,1053,1,69,1},{0x1e68de2a,1054,1,59,1},{0x1e775165,1055,1,56,1},{0x1e960aa7,1056,1,39,1},{0x1e9f361f,1057,1,43,1},{0x1ea41ee6,1058,1,79,1},{0x1eb17549,1059,1,112,1},{0x1ed93395,1060,1,72,1},{0x1ee2b444,1061,1,63,1},{0x1f01f4f8,1062,1,55,1},{0x1f033f94,1063,1,37,1},{0x1f20f11e,1064,1,94,1},{0x1f24b5e1,1065,1,99,1},{0x1f269594,1066,1,153,1},{0x1f2b6323,1067,1,46,1},{0x1f4885ef,1068,1,74,1},{0x1f4f708e,1069,1,68,1},{0x1f5f1a2b,1070,1,72,1},{0x1f7b4153,1071,1,50,1},{0x1f926c51,1072,1,65,1},{0x1f92eb92,1073,1,63,1},{0x1f9fbdc8,1074,1,66,1},{0x1fa687f3,1075,1,86,1},{0x1fb0bcb0,1076,1,39,1},{0x1fcd35f7,1077,1,71,1},{0x1fd0290e,1078,1,68,1},{0x1fd5c201,1079,1,56,1},{0x1fd75666,1080,1,57,1},{0x1fdd9a46,1081,1,63,1},{0x1ff616b1,1082,1,54,1},{0x1ffeda4c,1083,1,40,1},{0x200a2ee6,1084,1,75,1},{0x200b5c71,1085,1,60,1},{0x2011d407,1086,1,75,1},{0x2015d638,1087,1,42,1},{0x201d3279,1088,1,57,1},{0x2023544f,1089,1,34,1},{0x203192c0,1090,1,62,1},{0x2038bb77,1091,1,64,1},{0x203b1c25,1092,1,53,1},{0x204416e6,1093,1,78,1},{0x204f02a1,1094,1,39,1},{0x204fee02,1095,1,104,1},{0x20591c1a,1096,1,75,1},{0x20641827,1097,1,121,1},{0x206707c2,1098,1,133,1},{0x206c93e6,1099,1,72,1},{0x207d5a67,1100,1,64,1},{0x2098c4f1,1101,1,53,1},{0x20a1114b,1102,1,96,1},{0x20a62703,1103,1,53,1},{0x20ba44f6,1104,1,87,1},{0x20ba89a9,1105,1,129,1},{0x20be06cb,1106,1,55,1},{0x20c5630c,1107,1,56,1},{0x20d4a06c,1108,1,86,1},{0x20d9afad,1109,1,63,1},{0x20eb3348,1110,1,44,1},{0x20f1572b,1111,1,82,1},{0x20f81e95,1112,1,64,1},{0x21036fac,1113,1,84,1},{0x210d4f07,1114,1,87,1},{0x211ba26d,1115,1,35,1},{0x2123d3a4,1116,1,151,1},{0x214133f3,1117,1,54,1},{0x21485412,1118,1,44,1},{0x214941de,1119,1,96,1},{0x21506634,1120,1,43,1},{0x21586835,1121,1,47,1},{0x215c4623,1122,1,49,1},{0x215e09cb,1123,1,56,1},{0x2160c01f,1124,1,58,1},{0x216f1f08,1125,1,89,1},{0x216f7627,1126,1,92,1},{0x2176984b,1127,1,57,1},{0x218e25dc,1128,1,105,1},{0x21c59236,1129,1,58,1},{0x21e4f1f7,1130,1,139,1},{0x21f084a5,1131,1,62,1},{0x21f45453,1132,1,31,1},{0x21fbb094,1133,1,93,1},{0x21fdac41,1134,1,67,1},{0x2205fdae,1135,1,37,1},{0x221f36fe,1136,1,62,1},{0x2227439e,1137,1,127,1},{0x2230c9a1,1138,1,68,1},{0x22373397,1139,1,73,1},{0x22387d8d,1140,1,50,1},{0x225f8337,1141,1,68,1},{0x22619b9f,1142,1,66,1},{0x226bd973,1143,1,110,1},{0x2270a8bf,1144,1,91,1},{0x22725b1a,1145,1,52,1},{0x22736f4b,1146,1,48,1},{0x2273f9a6,1147,1,44,1},{0x2279a020,1148,1,170,1},{0x22815fbf,1149,1,53,1},{0x22886dc1,1150,1,69,1},{0x22893f68,1151,1,62,1},{0x228bb3dd,1152,1,69,1},{0x228efcce,1153,1,43,1},{0x22993f87,1154,1,69,1},{0x22a09bc8,1155,1,53,1},{0x22a9a68b,1156,1,65,1},{0x22bcf66b,1157,1,48,1},{0x22db6b2a,1158,1,194,1},{0x22e3c4b6,1159,1,66,1},{0x22e7be5a,1160,1,61,1},{0x22e87b45,1161,1,42,1},{0x22ede9c3,1162,1,65,1},{0x230548c1,1163,1,110,1},{0x2306c5ff,1164,1,94,1},{0x230b9994,1165,1,65,1},{0x2315c06e,1166,1,55,1},{0x231a4823,1167,1,93,1},{0x231a8bad,1168,1,81,1},{0x2321a2a7,1169,1,54,1},{0x232d4c70,1170,1,71,1},{0x232f4702,1171,1,75,1},{0x23321b62,1172,1,69,1},{0x233fb4fc,1173,1,90,1},{0x2340fede,1174,1,50,1},{0x235a01af,1175,1,67,1},{0x23651f5b,1176,1,33,1},{0x23656495,1177,1,110,1},{0x2369ab4c,1178,1,79,1},{0x238388ff,1179,1,41,1},{0x2383cf65,1180,1,61,1},{0x238bf198,1181,1,120,1},{0x2390c0a8,1182,1,130,1},{0x2391dd0b,1183,1,81,1},{0x2392a9f2,1184,1,63,1},{0x239be062,1185,1,119,1},{0x239c6445,1186,1,57,1},{0x23b11914,1187,1,55,1},{0x23b3326c,1188,1,71,1},{0x23b68bc6,1189,1,73,1},{0x23bbb54a,1190,1,46,1},{0x23d9adfc,1191,1,93,1},{0x23e1e787,1192,1,56,1},{0x23e82b67,1193,1,72,1},{0x23ea6dd1,1194,1,96,1},{0x23f39cc0,1195,1,78,1},{0x240d7d90,1196,1,70,1},{0x2427848d,1197,1,122,1},{0x2427c39a,1198,1,53,1},{0x2430537d,1199,1,77,1},{0x24355613,1200,1,101,1},{0x245a7f23,1201,1,84,1},{0x245b67b6,1202,1,60,1},{0x247198e3,1203,1,210,1},{0x24772507,1204,1,49,1},{0x247c6c3f,1205,1,121,1},{0x2482a068,1206,1,114,1},{0x248c5c38,1207,1,81,1},{0x2499478e,1208,1,43,1},{0x24bb7c02,1209,1,41,1},{0x24bf9ad0,1210,1,34,1},{0x24c51aca,1211,1,98,1},{0x24caa6ec,1212,1,44,1},{0x24cb9419,1213,1,84,1},{0x24cff42d,1214,1,45,1},{0x24d391e9,1215,1,62,1},{0x24e4fcce,1216,1,38,1},{0x2502afb6,1217,1,57,1},{0x251a8f7e,1218,1,101,1},{0x2525c243,1219,1,143,1},{0x25287c5b,1220,1,47,1},{0x2552e533,1221,1,65,1},{0x2563f59d,1222,1,114,1},{0x2566d744,1223,1,59,1},{0x25689aec,1224,1,47,1},{0x2579b029,1225,1,57,1},{0x257c570e,1226,1,73,1},{0x25a2db2a,1227,1,37,1},{0x25a3cf91,1228,1,74,1},{0x25b6cf54,1229,1,50,1},{0x25e6267e,1230,1,68,1},{0x25f13a2d,1231,1,65,1},{0x25f81e59,1232,1,43,1},{0x25fb15c6,1233,1,48,1},{0x26134c72,1234,1,69,1},{0x2619f6f7,1235,1,38,1},{0x261f7471,1236,1,32,1},{0x2621e0bc,1237,1,70,1},{0x26274e7b,1238,1,67,1},{0x2631d4bf,1239,1,60,1},{0x26340d6d,1240,1,54,1},{0x263afe55,1241,1,94,1},{0x263d1d9b,1242,1,47,1},{0x263d5408,1243,1,66,1},{0x2641c4b8,1244,1,37,1},{0x26610aec,1245,1,69,1},{0x266c2cc0,1246,1,85,1},{0x26706424,1247,1,118,1},{0x26711017,1248,1,87,1},{0x26731261,1249,1,65,1},{0x26758ffa,1250,1,35,1},{0x26766a94,1251,1,97,1},{0x267bd63c,1252,1,67,1},{0x267e006c,1253,1,42,1},{0x26836552,1254,1,56,1},{0x26840c88,1255,1,31,1},{0x26873205,1256,1,113,1},{0x268e7ab7,1257,1,41,1},{0x26ab2ce9,1258,1,37,1},{0x26afa7c4,1259,1,95,1},{0x26b45861,1260,1,45,1},{0x26b9068e,1261,1,53,1},{0x26c08e9b,1262,1,89,1},{0x26c1774e,1263,1,73,1},{0x26c2bac1,1264,1,84,1},{0x26d122ee,1265,1,45,1},{0x26d94af3,1266,1,58,1},{0x26db9c0e,1267,1,34,1},{0x26ee55d7,1268,1,78,1},{0x26f30c66,1269,1,75,1},{0x26f79030,1270,1,64,1},{0x2705e0c5,1271,1,73,1},{0x2716a72b,1272,1,82,1},{0x271dc08d,1273,1,39,1},{0x27210c1b,1274,1,46,1},{0x27218d92,1275,1,56,1},{0x272adced,1276,1,68,1},{0x273428c5,1277,1,64,1},{0x2749ef2e,1278,1,44,1},{0x274b8fff,1279,1,36,1},{0x2757d857,1280,1,65,1},{0x2758a37f,1281,1,73,1},{0x2766dd12,1282,1,40,1},{0x27748b15,1283,1,131,1},{0x27884ddb,1284,1,161,1},{0x2790c195,1285,1,56,1},{0x279b51c9,1286,1,59,1},{0x27a27734,1287,1,49,1},{0x27a80dd4,1288,1,68,1},{0x27bbaa35,1289,1,57,1},{0x27c9f2b0,1290,1,125,1},{0x27d2b38d,1291,1,47,1},{0x27dadff5,1292,1,119,1},{0x27ddad0c,1293,1,106,1},{0x27e83a71,1294,1,105,1},{0x27e91810,1295,1,61,1},{0x27f0f032,1296,1,70,1},{0x27f2bc88,1297,1,70,1},{0x2807c09f,1298,1,62,1},{0x2834393a,1299,1,128,1},{0x28503e67,1300,1,45,1},{0x28516993,1301,1,186,1},{0x285321b8,1302,1,73,1},{0x285b6a56,1303,1,58,1},{0x28772c97,1304,1,81,1},{0x287cf00c,1305,1,49,1},{0x288a6ebe,1306,1,56,1},{0x289798b6,1307,1,66,1},{0x28a3d8af,1308,1,46,1},{0x28ab1176,1309,1,56,1},{0x28abc365,1310,1,121,1},{0x28cb9335,1311,1,108,1},{0x28cf3e78,1312,1,116,1},{0x28d214dc,1313,1,67,1},{0x28d47d03,1314,1,37,1},{0x28d88df3,1315,1,45,1},{0x28e6cbce,1316,1,57,1},{0x28fa33a6,1317,1,56,1},{0x2900558a,1318,1,36,1},{0x2907e745,1319,1,78,1},{0x290d40d7,1320,1,45,1},{0x290d96c4,1321,1,43,1},{0x290edf69,1322,1,61,1},{0x29192dab,1323,1,91,1},{0x2930c4af,1324,1,33,1},{0x2941ea37,1325,1,51,1},{0x294398d0,1326,1,40,1},{0x29468bdc,1327,1,80,1},{0x294ca7bd,1328,1,77,1},{0x295cd01a,1329,1,60,1},{0x295d7654,1330,1,57,1},{0x295e3f76,1331,1,164,1},{0x297a456f,1332,1,42,1},{0x2982a1c4,1333,1,47,1},{0x2984414a,1334,1,57,1},{0x29923da2,1335,1,51,1},{0x29924743,1336,1,46,1},{0x2994354d,1337,1,100,1},{0x29abc800,1338,1,82,1},{0x29b4e0a1,1339,1,98,1},{0x29c185e9,1340,1,53,1},{0x29dd7018,1341,1,56,1},{0x29e060fa,1342,1,55,1},{0x29ea4ae3,1343,1,41,1},{0x29ec370c,1344,1,79,1},{0x29f196cd,1345,1,72,1},{0x2a02af7a,1346,1,46,1},{0x2a05a6e7,1347,1,42,1},{0x2a0f7602,1348,1,73,1},{0x2a12bc6a,1349,1,222,1},{0x2a1b1ff0,1350,1,41,1},{0x2a2c71dd,1351,1,47,1},{0x2a2dccc0,1352,1,54,1},{0x2a323719,1353,1,53,1},{0x2a390d75,1354,1,39,1},{0x2a3a6e35,1355,1,60,1},{0x2a3c65e0,1356,1,121,1},{0x2a3d8c01,1357,1,79,1},{0x2a3ed873,1358,1,35,1},{0x2a4c55d9,1359,1,59,1},{0x2a504986,1360,1,58,1},{0x2a5b6b4f,1361,1,81,1},{0x2a80fbb5,1362,1,181,1},{0x2a8405d7,1363,1,44,1},{0x2a88918d,1364,1,45,1},{0x2a8df673,1365,1,46,1},{0x2a8e9da9,1366,1,57,1},{0x2a950fd5,1367,1,56,1},{0x2a968201,1368,1,63,1},{0x2a9847c6,1369,1,42,1},{0x2a9c08e6,1370,1,58,1},{0x2aa0ae89,1371,1,89,1},{0x2aa2dba7,1372,1,72,1},{0x2aae61c9,1373,1,47,1},{0x2aaf087a,1374,1,55,1},{0x2ab1de50,1375,1,87,1},{0x2ab5be0a,1376,1,38,1},{0x2abee982,1377,1,49,1},{0x2ac397af,1378,1,45,1},{0x2ac8e908,1379,1,35,1},{0x2ad218ad,1380,1,46,1},{0x2ae62d2f,1381,1,35,1},{0x2af90150,1382,1,51,1},{0x2b0d5490,1383,1,112,1},{0x2b21384c,1384,1,92,1},{0x2b23a608,1385,1,35,1},{0x2b2f119a,1386,1,69,1},{0x2b4d2f95,1387,1,57,1},{0x2b562120,1388,1,50,1},{0x2b5b135e,1389,1,107,1},{0x2b645895,1390,1,126,1},{0x2b73e24f,1391,1,62,1},{0x2b79d804,1392,1,44,1},{0x2b7bdbff,1393,1,64,1},{0x2b7ed306,1394,1,148,1},{0x2b820dd9,1395,1,72,1},{0x2b8c0704,1396,1,75,1},{0x2b9bec8a,1397,1,47,1},{0x2ba5e2ea,1398,1,105,1},{0x2baabff4,1399,1,51,1},{0x2bab6163,1400,1,47,1},{0x2badd8d2,25,14,2034,2},{0x2bc63b56,1401,1,107,1},{0x2bc7bcd2,1402,1,87,1},{0x2bdd33db,1403,1,33,1},{0x2bdfa2e1,1404,1,81,1},{0x2be95dee,1405,1,96,1},{0x2c022778,1406,1,132,1},{0x2c04b64a,1407,1,48,1},{0x2c08f649,1408,1,131,1},{0x2c0aef9c,1409,1,40,1},{0x2c220897,1410,1,33,1},{0x2c4bb7de,1411,1,103,1},{0x2c63ca49,1412,1,42,1},{0x2c6fa165,1413,1,115,1},{0x2c87812d,1414,1,59,1},{0x2c87b69b,1415,1,107,1},{0x2c918e81,1416,1,117,1},{0x2c926ff0,1417,1,81,1},{0x2c9d0dca,1418,1,67,1},{0x2ca17e7a,1419,1,71,1},{0x2cae69d0,1420,1,43,1},{0x2cb4934b,1421,1,101,1},{0x2cb716c3,1422,1,37,1},{0x2cc0c4ae,1423,1,47,1},{0x2cc4fab3,1424,1,124,1},{0x2cc5da66,1425,1,61,1},{0x2ccc90dc,1426,1,69,1},{0x2cddba2e,1427,1,40,1},{0x2cf15cef,1428,1,65,1},{0x2cf9de5a,1429,1,111,1},{0x2d17d1f8,1430,1,45,1},{0x2d1f6c4e,1431,1,111,1},{0x2d24447e,1432,1,75,1},{0x2d2fb1c0,1433,1,49,1},{0x2d3b850e,1434,1,70,1},{0x2d4748ca,1435,1,38,1},{0x2d486750,1436,1,91,1},{0x2d4c7b58,1437,1,55,1},{0x2d609524,1438,1,68,1},{0x2d680775,1439,1,76,1},{0x2d68f541,1440,1,47,1},{0x2d7aab9b,1441,1,69,1},{0x2d7dbd2e,1442,1,60,1},{0x2d86e8a6,1443,1,76,1},{0x2d8ed26b,1444,1,59,1},{0x2d964eca,1445,1,43,1},{0x2d9ec66e,1446,1,133,1},{0x2db84cf8,1447,1,47,1},{0x2dbe0b8f,1448,1,39,1},{0x2ddd83c1,1449,1,67,1},{0x2dde3205,1450,1,93,1},{0x2dea1f8c,1451,1,45,1},{0x2ded9921,1452,1,82,1},{0x2df0a383,1453,1,184,1},{0x2df30602,1454,1,73,1},{0x2df77063,1455,1,56,1},{0x2dfe3ef3,1456,1,34,1},{0x2dff82a8,1457,1,64,1},{0x2e103808,1458,1,44,1},{0x2e1407b6,1459,1,48,1},{0x2e1a0723,1460,1,67,1},{0x2e3702fe,1461,1,47,1},{0x2e4e69ac,1462,1,56,1},{0x2e509fbf,1463,1,59,1},{0x2e56e6fa,1464,1,105,1},{0x2e814f02,1465,1,62,1},{0x2e824326,1466,1,68,1},{0x2e8b8cd6,1467,1,107,1},{0x2e90efab,1468,1,97,1},{0x2e9322ae,1469,1,55,1},{0x2e988794,1470,1,46,1},{0x2e992eca,1471,1,77,1},{0x2ec04f2b,1472,1,54,1},{0x2ec4ca06,1473,1,112,1},{0x2ec8f65b,1474,1,96,1},{0x2ec97aa3,1475,1,79,1},{0x2ee10ed9,1476,1,218,1},{0x2eea7154,1477,1,65,1},{0x2f039271,1478,1,43,1},{0x2f145e34,1479,1,32,1},{0x2f27813b,1480,1,63,1},{0x2f2b4cf7,1481,1,174,1},{0x2f2c395e,1482,1,60,1},{0x2f468590,1483,1,57,1},{0x2f523743,1484,1,44,1},{0x2f58638e,1485,1,50,1},{0x2f59ed68,1486,1,42,1},{0x2f5ca1cc,1487,1,115,1},{0x2f650cee,1488,1,34,1},{0x2f6946a3,1489,1,95,1},{0x2f6b4d70,1490,1,77,1},{0x2f6cfa99,1491,1,56,1},{0x2f846925,1492,1,52,1},{0x2f84d2be,1493,1,52,1},{0x2f85aca4,1494,1,57,1},{0x2f96ff50,1495,1,54,1},{0x2f9f5ec8,1496,1,80,1},{0x2fa30087,1497,1,36,1},{0x2fa9b51f,1498,1,75,1},{0x2faedf0b,1499,1,87,1},{0x2fb1906e,1500,1,69,1},{0x2fbcee56,39,6,1200,2},{0x2fbcee58,45,5,1049,2},{0x2fbd3016,1501,1,71,1},{0x2fbdd853,1502,1,92,1},{0x2fd0cc77,1503,1,52,1},{0x2fd6a98e,1504,1,95,1},{0x2ffa67d6,1505,1,57,1},{0x30036fe3,1506,1,134,1},{0x300d3d81,1507,1,35,1},{0x300dfc15,1508,1,51,1},{0x300ea980,1509,1,78,1},{0x30104fa0,1510,1,51,1},{0x3020c201,1511,1,52,1},{0x302c99b8,1512,1,52,1},{0x303fbe0d,1513,1,46,1},{0x30439d1f,1514,1,47,1},{0x304f9391,1515,1,94,1},{0x305275b5,1516,1,69,1},{0x30550976,1517,1,38,1},{0x30648e36,1518,1,75,1},{0x306560a9,1519,1,48,1},{0x306e295b,1520,1,45,1},{0x306e5b6a,1521,1,38,1},{0x30709b11,1522,1,59,1},{0x307a3286,1523,1,84,1},{0x307fb799,1524,1,89,1},{0x308d4784,1525,1,56,1},{0x3092124e,1526,1,51,1},{0x3092e61e,1527,1,61,1},{0x309453d2,1528,1,67,1},{0x309e6a91,1529,1,47,1},{0x30a3cae8,1530,1,91,1},{0x30b44e8b,1531,1,117,1},{0x30b4dc47,1532,1,48,1},{0x30b8faf1,1533,1,53,1},{0x30bf2184,1534,1,47,1},{0x30dc85f1,1535,1,72,1},{0x30edb035,1536,1,50,1},{0x30f1f579,1537,1,43,1},{0x30fbee10,1538,1,74,1},{0x3111a3c9,1539,1,78,1},{0x31143c78,1540,1,42,1},{0x311577cc,1541,1,54,1},{0x311aaad5,1542,1,115,1},{0x311fc24b,1543,1,130,1},{0x31226319,1544,1,60,1},{0x3122b906,1545,1,95,1},{0x3129ad20,1546,1,124,1},{0x312a7a99,1547,1,81,1},{0x312aa94a,1548,1,64,1},{0x312b158e,1549,1,44,1},{0x3132ad09,1550,1,106,1},{0x313a42e1,1551,1,50,1},{0x313ae6ca,1552,1,59,1},{0x3148d7f9,1553,1,126,1},{0x314c76d5,1554,1,59,1},{0x314cff4b,1555,1,73,1},{0x3157fa28,1556,1,74,1},{0x3158bb12,1557,1,38,1},{0x31729896,1558,1,77,1},{0x317324c8,1559,1,40,1},{0x317b3df0,1560,1,74,1},{0x317bd736,1561,1,75,1},{0x3199638c,1562,1,52,1},{0x31a3604e,1563,1,68,1},{0x31a9578f,1564,1,86,1},{0x31aa142c,1565,1,64,1},{0x31b8458a,1566,1,111,1},{0x31bd277a,1567,1,52,1},{0x31e6eacc,1568,1,188,1},{0x320f606c,50,13,1725,2},{0x321235d1,1569,1,66,1},{0x321a7451,1570,1,77,1},{0x321ac929,1571,1,64,1},{0x322142be,1572,1,77,1},{0x32304232,1573,1,43,1},{0x3239aa5a,1574,1,71,1},{0x32486066,1575,1,89,1},{0x324cd1e2,1576,1,57,1},{0x32518822,1577,1,170,1},{0x325b9c58,1578,1,106,1},{0x3269920c,1579,1,31,1},{0x327497de,1580,1,50,1},{0x327dc7f2,1581,1,52,1},{0x32961df7,1582,1,306,1},{0x32a318b5,1583,1,77,1},{0x32a6f12f,1584,1,66,1},{0x32aba443,1585,1,48,1},{0x32c3840b,1586,1,43,1},{0x32cae04c,1587,1,52,1},{0x32e73aef,1588,1,47,1},{0x330041ae,1589,1,93,1},{0x3304d77a,1590,1,79,1},{0x330888fe,1591,1,34,1},{0x331e301f,1592,1,90,1},{0x33259428,1593,1,44,1},{0x3326a112,1594,1,94,1},{0x332bc832,1595,1,106,1},{0x33365a8e,1596,1,74,1},{0x333d73f0,1597,1,42,1},{0x333fb946,1598,1,146,1},{0x3340bf7e,1599,1,72,1},{0x334be2ac,1600,1,94,1},{0x3366cc6a,1601,1,50,1},{0x33818194,1602,1,144,1},{0x33830bf1,1603,1,128,1},{0x338df343,1604,1,51,1},{0x338efa46,1605,1,65,1},{0x338f63df,1606,1,35,1},{0x338f6b82,1607,1,57,1},{0x339318d9,1608,1,80,1},{0x33aed627,1609,1,134,1},{0x33c66b23,1610,1,62,1},{0x33d40157,1611,1,35,1},{0x33d61f70,1612,1,52,1},{0x33db5d98,1613,1,95,1},{0x33fe8030,1614,1,89,1},{0x3402317b,1615,1,112,1},{0x340e1921,1616,1,86,1},{0x341565f4,1617,1,65,1},{0x342300fe,1618,1,45,1},{0x3425f8e9,1619,1,48,1},{0x343693ea,1620,1,76,1},{0x34372ad9,1621,1,37,1},{0x345a24b2,1622,1,83,1},{0x345a5883,1623,1,73,1},{0x345f3c6a,1624,1,90,1},{0x3478ec8b,1625,1,65,1},{0x347b1db9,1626,1,56,1},{0x347d61c3,1627,1,60,1},{0x3484c3a7,1628,1,107,1},{0x348b8a60,1629,1,63,1},{0x34917218,1630,1,57,1},{0x34a12970,1631,1,80,1},{0x34a6b0c3,1632,1,135,1},{0x34a73df1,1633,1,67,1},{0x34c38c12,1634,1,47,1},{0x34c7108c,1635,1,75,1},{0x34eb4698,1636,1,232,1},{0x34f6142d,1637,1,55,1},{0x3519e709,1638,1,34,1},{0x351c34ea,1639,1,63,1},{0x351e3cfc,1640,1,56,1},{0x352ac78d,1641,1,129,1},{0x352ad6eb,1642,1,112,1},{0x352b86df,1643,1,71,1},{0x352cf43a,1644,1,108,1},{0x352d4a27,1645,1,70,1},{0x352dc25a,1646,1,62,1},{0x35379709,1647,1,69,1},{0x3546bf13,1648,1,55,1},{0x354b3963,1649,1,130,1},{0x3551b248,1650,1,42,1},{0x35628b49,1651,1,67,1},{0x35634c33,1652,1,45,1},{0x356c1247,1653,1,56,1},{0x356ec796,1654,1,75,1},{0x357d29b7,1655,1,73,1},{0x35814b2e,1656,1,67,1},{0x358969d7,1657,1,49,1},{0x35921fb6,1658,1,138,1},{0x359b47e1,1659,1,34,1},{0x35a3f4ad,1660,1,38,1},{0x35b3e8b0,1661,1,131,1},{0x35c9da45,1662,1,87,1},{0x35cc0108,1663,1,92,1},{0x35cd3722,1664,1,65,1},{0x35e7f006,1665,1,35,1},{0x3606cb2e,1666,1,70,1},{0x36107e0f,1667,1,92,1},{0x36114a30,1668,1,57,1},{0x361de056,1669,1,42,1},{0x36255a4a,1670,1,58,1},{0x362bd3df,1671,1,75,1},{0x362ca9be,1672,1,86,1},{0x363e7c2c,1673,1,106,1},{0x364c2540,1674,1,71,1},{0x365a2198,1675,1,77,1},{0x365c1943,1676,1,55,1},{0x367b218a,1677,1,71,1},{0x36943e16,1678,1,62,1},{0x36a21e45,1679,1,54,1},{0x36a33b01,1680,1,125,1},{0x36a7de15,1681,1,44,1},{0x36a8252c,1682,1,76,1},{0x36b21b2d,1683,1,43,1},{0x36bb91fa,1684,1,90,1},{0x36d43619,1685,1,53,1},{0x36d5dd95,1686,1,62,1},{0x36d9ec48,1687,1,101,1},{0x36de9ce5,1688,1,37,1},{0x36e046dd,1689,1,159,1},{0x36e10ec7,1690,1,87,1},{0x370384aa,1691,1,56,1},{0x37114ce4,1692,1,91,1},{0x371746c6,1693,1,43,1},{0x3718b4b3,1694,1,47,1},{0x3722b3e5,1695,1,76,1},{0x373a44bc,1696,1,46,1},{0x3740ebaf,1697,1,83,1},{0x37432d43,1698,1,63,1},{0x375086de,1699,1,60,1},{0x37590772,1700,1,57,1},{0x375ef29e,1701,1,73,1},{0x376ad780,1702,1,149,1},{0x37821cdb,1703,1,99,1},{0x3792f27f,1704,1,63,1},{0x37998b67,1705,1,42,1},{0x3799f500,1706,1,55,1},{0x37b6dfaa,1707,1,76,1},{0x37d25258,1708,1,68,1},{0x37e5eeb9,1709,1,75,1},{0x37e8ab6d,1710,1,44,1},{0x37f48beb,1711,1,91,1},{0x37f5bd46,1712,1,55,1},{0x3801d1d2,1713,1,37,1},{0x3818aa42,1714,1,100,1},{0x381f7437,1715,1,60,1},{0x38308a0a,1716,1,95,1},{0x3841bbfa,1717,1,63,1},{0x385e1805,1718,1,79,1},{0x3862f9a5,1719,1,67,1},{0x387a82eb,1720,1,58,1},{0x387af75f,1721,1,38,1},{0x387d1688,1722,1,79,1},{0x388d4f59,1723,1,151,1},{0x389f6251,1724,1,111,1},{0x38ac9fb4,1725,1,87,1},{0x38b06f41,1726,1,102,1},{0x38b56a9a,1727,1,141,1},{0x38bedd55,1728,1,38,1},{0x38d82841,1729,1,108,1},{0x38e07811,1730,1,36,1},{0x38e3f2e3,1731,1,49,1},{0x39111052,1732,1,66,1},{0x39234dab,1733,1,81,1},{0x3926c60b,1734,1,48,1},{0x392f3fea,1735,1,144,1},{0x392ff183,1736,1,81,1},{0x39307cbc,1737,1,118,1},{0x3937855b,1738,1,61,1},{0x3937db48,1739,1,49,1},{0x39434c98,1740,1,62,1},{0x39442ed5,1741,1,89,1},{0x3947cf4b,1742,1,53,1},{0x39498deb,1743,1,41,1},{0x394f6523,1744,1,42,1},{0x395790e1,1745,1,57,1},{0x395ae67e,1746,1,53,1},{0x39768ea0,1747,1,103,1},{0x3988a8a4,1748,1,34,1},{0x398be2d0,1749,1,134,1},{0x39a07940,1750,1,62,1},{0x39a2c081,1751,1,87,1},{0x39a8edc0,1752,1,44,1},{0x39abed8e,1753,1,45,1},{0x39be79d1,1754,1,129,1},{0x39d3d451,1755,1,72,1},{0x39d471c1,1756,1,55,1},{0x39e699b1,1757,1,66,1},{0x39f6476b,1758,1,80,1},{0x3a068ebd,1759,1,49,1},{0x3a1c838c,1760,1,49,1},{0x3a213eec,1761,1,36,1},{0x3a28dadf,1762,1,83,1},{0x3a33bb19,1763,1,48,1},{0x3a366500,1764,1,109,1},{0x3a372fd2,1765,1,128,1},{0x3a3b175a,1766,1,70,1},{0x3a419071,1767,1,117,1},{0x3a456474,1768,1,50,1},{0x3a5c6b09,1769,1,54,1},{0x3a66aa64,1770,1,108,1},{0x3a6dd2e3,1771,1,100,1},{0x3a753c5a,1772,1,42,1},{0x3a8034ea,1773,1,37,1},{0x3a8c6278,1774,1,75,1},{0x3a9ca54a,1775,1,55,1},{0x3aa190b0,1776,1,71,1},{0x3ab76080,1777,1,49,1},{0x3ac0c685,1778,1,43,1},{0x3acc6a6a,1779,1,94,1},{0x3ad246cc,1780,1,48,1},{0x3ad35604,1781,1,47,1},{0x3afc5d31,1782,1,46,1},{0x3afcacf1,1783,1,150,1},{0x3b037c38,1784,1,85,1},{0x3b30becc,1785,1,64,1},{0x3b4b7cd0,1786,1,50,1},{0x3b71eaa6,1787,1,72,1},{0x3b763db8,1788,1,63,1},{0x3b788c06,1789,1,84,1},{0x3b79a0cb,1790,1,78,1},{0x3b7beeac,1791,1,35,1},{0x3b802ed7,1792,1,57,1},{0x3b948da5,1793,1,60,1},{0x3b9a50f3,1794,1,100,1},{0x3ba41c88,1795,1,56,1},{0x3ba48621,1796,1,45,1},{0x3ba48dc4,1797,1,50,1},{0x3bb2f759,1798,1,89,1},{0x3bce8223,1799,1,46,1},{0x3bd143d1,1800,1,81,1},{0x3be3e51b,1801,1,29,1},{0x3be80051,1802,1,45,1},{0x3c11618c,1803,1,38,1},{0x3c13a272,1804,1,121,1},{0x3c1a1b39,1805,1,64,1},{0x3c1e36c9,1806,1,56,1},{0x3c233b63,1807,1,65,1},{0x3c2f9c93,1808,1,76,1},{0x3c3b1b2b,1809,1,49,1},{0x3c41b514,1810,1,73,1},{0x3c4c4d1b,1811,1,34,1},{0x3c4d5d24,1812,1,27,1},{0x3c7c1c70,1813,1,127,1},{0x3c83b890,1814,1,52,1},{0x3c8fc736,1815,1,45,1},{0x3c96b912,1816,1,180,1},{0x3c972743,1817,1,81,1},{0x3c99e5e9,1818,1,73,1},{0x3c9ac10d,1819,1,43,1},{0x3cb1c5b1,1820,1,65,1},{0x3cbbd305,1821,1,96,1},{0x3cce0815,1822,1,49,1},{0x3cd4c78d,1823,1,36,1},{0x3cd8ae54,1824,1,46,1},{0x3cdc3d30,1825,1,134,1},{0x3cde7f1d,1826,1,51,1},{0x3d0bb718,1827,1,54,1},{0x3d1ba173,1828,1,77,1},{0x3d30f042,1829,1,101,1},{0x3d31572c,1830,1,107,1},{0x3d33efdb,1831,1,105,1},{0x3d37fd1c,1832,1,37,1},{0x3d3a82a4,1833,1,72,1},{0x3d3bcfe9,1834,1,43,1},{0x3d41f47b,1835,1,78,1},{0x3d42167c,1836,1,47,1},{0x3d426c69,1837,1,140,1},{0x3d5068c1,1838,1,52,1},{0x3d52606c,1839,1,96,1},{0x3d59f644,1840,1,60,1},{0x3d67340a,1841,1,84,1},{0x3d710d9d,1842,1,49,1},{0x3d768050,1843,1,54,1},{0x3d823770,1844,1,74,1},{0x3d85e76d,1845,1,77,1},{0x3da4ad7a,1846,1,44,1},{0x3daa6694,1847,1,56,1},{0x3dbf5025,1848,1,62,1},{0x3dc0248c,1849,1,35,1},{0x3dc90af2,1850,1,105,1},{0x3dcce16c,1851,1,56,1},{0x3dd75e1f,1852,1,79,1},{0x3de9c02f,1853,1,67,1},{0x3dfc15de,1854,1,88,1},{0x3e0f852b,1855,1,59,1},{0x3e1fac59,1856,1,128,1},{0x3e227c66,1857,1,112,1},{0x3e40e6dc,1858,1,101,1},{0x3e442fb4,1859,1,51,1},{0x3e4c2192,1860,1,64,1},{0x3e4da1ea,1861,1,69,1},{0x3e595469,1862,1,53,1},{0x3e713b85,1863,1,75,1},{0x3e86226c,1864,1,110,1},{0x3e8ac60b,1865,1,64,1},{0x3e8c230e,1866,1,57,1},{0x3e9d0bbd,1867,1,93,1},{0x3eb43040,1868,1,83,1},{0x3ec33bfe,1869,1,39,1},{0x3ee403c6,1870,1,69,1},{0x3eea3961,1871,1,209,1},{0x3f123cd2,1872,1,50,1},{0x3f203ed6,1873,1,56,1},{0x3f2d6705,1874,1,99,1},{0x3f2dd6f5,1875,1,47,1},{0x3f33a7be,1876,1,51,1},{0x3f380323,1877,1,34,1},{0x3f3b4fed,1878,1,132,1},{0x3f560df1,1879,1,77,1},{0x3f56ad82,1880,1,49,1},{0x3f6072e1,1881,1,37,1},{0x3f650a95,1882,1,139,1},{0x3f70ca14,1883,1,72,1},{0x3f80ced9,1884,1,60,1},{0x3f973f1d,1885,1,50,1},{0x3f9dce00,1886,1,54,1},{0x3fa2977d,1887,1,45,1},{0x3fa2a94f,1888,1,59,1},{0x3fa77d3e,1889,1,73,1},{0x3fa7890d,1890,1,101,1},{0x3faeada9,1891,1,43,1},{0x3faf1742,1892,1,46,1},{0x3fce2501,1893,1,128,1},{0x3fcefa0b,1894,1,63,1},{0x3fe03708,1895,1,49,1},{0x402dcc84,1896,1,69,1},{0x4045ac4c,1897,1,60,1},{0x40468ab9,1898,1,47,1},{0x404ba422,1899,1,65,1},{0x405cc019,1900,1,45,1},{0x4067ad23,1901,1,52,1},{0x407ab743,1902,1,47,1},{0x407e3f90,1903,1,56,1},{0x407e8c01,1904,1,121,1},{0x407eefcd,1905,1,51,1},{0x408344c7,1906,1,37,1},{0x4089bfc2,1907,1,42,1},{0x40a1b864,1908,1,79,1},{0x40a4770a,1909,1,74,1},{0x40b746ac,1910,1,60,1},{0x40b90ef2,1911,1,52,1},{0x40b99604,1912,1,63,1},{0x40bc56d2,1913,1,96,1},{0x40c35c11,1914,1,40,1},{0x40d5a756,1915,1,86,1},{0x40e33f75,1916,1,42,1},{0x40e36645,1917,1,76,1},{0x40f0db40,1918,1,101,1},{0x40f19457,1919,1,188,1},{0x40f5c562,1920,1,162,1},{0x410573e9,1921,1,37,1},{0x410a0b6d,1922,1,35,1},{0x41263294,1923,1,82,1},{0x412e1fcb,1924,1,35,1},{0x41399a6c,1925,1,78,1},{0x4144b9f2,1926,1,40,1},{0x414750fc,1927,1,98,1},{0x414ca79d,1928,1,67,1},{0x41648765,1929,1,75,1},{0x41731ecf,1930,1,87,1},{0x41739468,1931,1,109,1},{0x418c3fd1,1932,1,84,1},{0x41b13121,1933,1,89,1},{0x41c9e146,1934,1,77,1},{0x41cab5ad,1935,1,47,1},{0x41d37df2,1936,1,75,1},{0x41d5f77a,1937,1,76,1},{0x41e1c8b0,1938,1,93,1},{0x41ecea85,1939,1,36,1},{0x41f19874,1940,1,30,1},{0x42006be0,1941,1,63,1},{0x420c1d06,1942,1,51,1},{0x421917c1,1943,1,65,1},{0x423e5508,1944,1,40,1},{0x425a66b1,1945,1,66,1},{0x42677be5,1946,1,80,1},{0x4282f525,1947,1,93,1},{0x4295572c,1948,1,59,1},{0x42e8c395,1949,1,94,1},{0x42f99fab,1950,1,66,1},{0x4309cb3a,1951,1,54,1},{0x430b2281,1952,1,149,1},{0x43106262,1953,1,71,1},{0x43117f73,1954,1,88,1},{0x4323380d,1955,1,38,1},{0x4328d75e,1956,1,76,1},{0x432e1796,1957,1,75,1},{0x4334814f,1958,1,59,1},{0x43386816,1959,1,47,1},{0x4340793e,1960,1,59,1},{0x43429444,1961,1,49,1},{0x4345e10e,1962,1,115,1},{0x43462f0b,1963,1,63,1},{0x4356cffc,63,14,1602,2},{0x4356cffd,77,7,1160,2},{0x4357b573,1964,1,103,1},{0x4359c81a,1965,1,46,1},{0x43609f12,1966,1,66,1},{0x436e0f0a,1967,1,71,1},{0x43724fdd,1968,1,93,1},{0x438b5ffa,1969,1,80,1},{0x43a512ba,1970,1,135,1},{0x43b36f4b,1971,1,96,1},{0x43b9a863,1972,1,48,1},{0x43b9b006,1973,1,86,1},{0x43c374c3,1974,1,66,1},{0x43c374e9,1975,1,157,1},{0x43dc4d6d,1976,1,139,1},{0x43eac829,1977,1,44,1},{0x43ef5623,1978,1,94,1},{0x440068c6,1979,1,64,1},{0x4440d192,1980,1,77,1},{0x4444c038,1981,1,63,1},{0x44503d6d,1982,1,48,1},{0x44616f5d,1983,1,45,1},{0x44655810,1984,1,136,1},{0x446d83fb,1985,1,45,1},{0x449d7fc2,1986,1,58,1},{0x44b224a9,1987,1,95,1},{0x44be5665,1988,1,27,1},{0x44d28342,1989,1,61,1},{0x44e89212,1990,1,41,1},{0x44f87e0f,1991,1,75,1},{0x45001b61,1992,1,60,1},{0x4500fb51,1993,1,138,1},{0x450da0b3,1994,1,51,1},{0x4515d58b,1995,1,36,1},{0x451afd07,1996,1,44,1},{0x4527d354,1997,1,68,1},{0x4530c3b5,1998,1,69,1},{0x4532ffb7,1999,1,56,1},{0x45350a3f,2000,1,184,1},{0x454f897c,2001,1,155,1},{0x456782ae,2002,1,117,1},{0x4570ed92,2003,1,133,1},{0x457a99e1,2004,1,55,1},{0x458a8399,2005,1,84,1},{0x458d90b7,2006,1,38,1},{0x459862ec,2007,1,56,1},{0x459b09af,2008,1,113,1},{0x45b1366b,2009,1,55,1},{0x45bf88d6,2010,1,36,1},{0x45c02ca3,2011,1,57,1},{0x45d47267,2012,1,54,1},{0x45e0889b,2013,1,137,1},{0x45e86adb,2014,1,145,1},{0x45e91270,2015,1,133,1},{0x460728d6,2016,1,71,1},{0x460afd01,2017,1,80,1},{0x463076ff,2018,1,43,1},{0x46726b6e,2019,1,60,1},{0x4673ee4f,2020,1,51,1},{0x4698b46c,2021,1,65,1},{0x469fe84d,2022,1,50,1},{0x46a38ff7,2023,1,52,1},{0x46d2fddb,2024,1,61,1},{0x46d47090,2025,1,47,1},{0x46e26624,2026,1,53,1},{0x46eae051,2027,1,123,1},{0x46f72d37,2028,1,68,1},{0x46ff2992,2029,1,126,1},{0x4701744c,2030,1,68,1},{0x4712a25a,2031,1,108,1},{0x4715c77e,2032,1,60,1},{0x471a5f39,2033,1,63,1},{0x4727dfff,2034,1,59,1},{0x47356118,2035,1,70,1},{0x474d2565,2036,1,35,1},{0x474ec1cd,2037,1,66,1},{0x475872d4,2038,1,35,1},{0x475993b3,2039,1,73,1},{0x475a0afb,2040,1,76,1},{0x475adc83,2041,1,57,1},{0x476bac34,2042,1,69,1},{0x4784df68,2043,1,85,1},{0x4785ec56,2044,1,61,1},{0x478815d4,2045,1,72,1},{0x4795f11b,2046,1,71,1},{0x47a56857,2047,1,84,1},{0x47a5888f,2048,1,53,1},{0x47ad13f4,2049,1,88,1},{0x47bcab4f,2050,1,98,1},{0x47c3cfeb,2051,1,41,1},{0x47d2bca5,2052,1,55,1},{0x47d2eaa4,2053,1,138,1},{0x47d65f1c,2054,1,45,1},{0x47e18b25,2055,1,50,1},{0x47f5594a,2056,1,39,1},{0x481af5d7,2057,1,77,1},{0x4839ce9c,2058,1,72,1},{0x484204c8,2059,1,53,1},{0x4842eec6,2060,1,87,1},{0x48523e54,2061,1,36,1},{0x48541d49,2062,1,51,1},{0x486c007e,2063,1,63,1},{0x48741125,2064,1,155,1},{0x4874ae8e,2065,1,176,1},{0x488ec6c6,2066,1,125,1},{0x48934a62,2067,1,72,1},{0x4893a597,2068,1,54,1},{0x4899c4b9,2069,1,86,1},{0x489afd31,2070,1,53,1},{0x48d750fc,2071,1,46,1},{0x48dc439f,2072,1,43,1},{0x48e331ae,2073,1,73,1},{0x48eac998,2074,1,94,1},{0x48f47af0,2075,1,53,1},{0x491f3b6d,2076,1,113,1},{0x49225205,2077,1,60,1},{0x49245f8b,2078,1,77,1},{0x4925e7dc,2079,1,106,1},{0x492860bc,2080,1,54,1},{0x493b54d6,2081,1,95,1},{0x49467282,2082,1,61,1},{0x49469a5c,2083,1,89,1},{0x494dbafd,2084,1,112,1},{0x4950e3cf,2085,1,85,1},{0x495c62c9,2086,1,102,1},{0x49701c24,2087,1,55,1},{0x497213cf,2088,1,191,1},{0x49783fc4,2089,1,51,1},{0x4987a66f,2090,1,33,1},{0x498e19b9,2091,1,53,1},{0x49a7e26c,2092,1,44,1},{0x49ab8989,2093,1,62,1},{0x49c140a8,2094,1,72,1},{0x49c7302a,2095,1,130,1},{0x49df0388,2096,1,73,1},{0x49eb19bc,2097,1,83,1},{0x49f1785a,2098,1,98,1},{0x4a158e22,2099,1,56,1},{0x4a1ba3a2,2100,1,182,1},{0x4a1f342e,2101,1,82,1},{0x4a22da2e,2102,1,47,1},{0x4a2f109c,2103,1,53,1},{0x4a421964,2104,1,51,1},{0x4a42f6b7,2105,1,33,1},{0x4a503f48,2106,1,49,1},{0x4a6c5fba,2107,1,78,1},{0x4a7a708b,2108,1,72,1},{0x4a981767,2109,1,54,1},{0x4aaa796e,2110,1,51,1},{0x4ab15e89,2111,1,128,1},{0x4ab46a92,2112,1,93,1},{0x4ad7e266,2113,1,44,1},{0x4ad828d6,2114,1,64,1},{0x4aeaaae6,2115,1,72,1},{0x4af5d0c2,2116,1,168,1},{0x4afb16fa,2117,1,83,1},{0x4afdaf75,2118,1,102,1},{0x4afff53b,2119,1,42,1},{0x4b1a73e6,2120,1,81,1},{0x4b3b5710,2121,1,127,1},{0x4b3caf49,2122,1,45,1},{0x4b475525,2123,1,38,1},{0x4b55daff,2124,1,57,1},{0x4b5b0350,2125,1,137,1},{0x4b66b4cc,2126,1,68,1},{0x4b76177e,2127,1,70,1},{0x4b7660e5,2128,1,43,1},{0x4b76957d,2129,1,56,1},{0x4b76d710,2130,1,112,1},{0x4b835ed1,2131,1,113,1},{0x4b85087d,2132,1,62,1},{0x4ba0823c,2133,1,112,1},{0x4bb3def7,2134,1,62,1},{0x4bb50984,2135,1,47,1},{0x4bb7014b,2136,1,120,1},{0x4bbd35ce,2137,1,55,1},{0x4bc22d63,2138,1,52,1},{0x4bc63e43,2139,1,66,1},{0x4bce610c,2140,1,64,1},{0x4bf3ac69,2141,1,106,1},{0x4c0aa806,2142,1,54,1},{0x4c0b35d5,2143,1,65,1},{0x4c14f235,2144,1,82,1},{0x4c1e85cf,2145,1,33,1},{0x4c2124c4,2146,1,71,1},{0x4c45f1d6,2147,1,69,1},{0x4c4d7fe7,2148,1,70,1},{0x4c4ddd11,2149,1,77,1},{0x4c655faf,2150,1,44,1},{0x4c76919f,2151,1,52,1},{0x4c871130,2152,1,64,1},{0x4c90d011,2153,1,58,1},{0x4c9ea330,2154,1,48,1},{0x4cab02f6,2155,1,57,1},{0x4cabf730,2156,1,56,1},{0x4cd6fa0f,2157,1,66,1},{0x4ce65687,2158,1,46,1},{0x4ce6f6cb,2159,1,58,1},{0x4d12a063,2160,1,73,1},{0x4d2ce326,2161,1,77,1},{0x4d32f1dd,2162,1,63,1},{0x4d398a99,2163,1,76,1},{0x4d47a6ef,2164,1,47,1},{0x4d6e8950,2165,1,66,1},{0x4d7333e4,2166,1,65,1},{0x4d7ca4f0,2167,1,115,1},{0x4d933299,2168,1,75,1},{0x4d95ba36,2169,1,171,1},{0x4d999966,2170,1,39,1},{0x4da0aa2c,2171,1,64,1},{0x4daf224b,84,1,745,2},{0x4daf224c,85,5,955,2},{0x4daf224d,90,10,1282,2},{0x4db02bf1,2172,1,92,1},{0x4dd4ab18,2173,1,44,1},{0x4de994a9,2174,1,50,1},{0x4df3c678,2175,1,64,1},{0x4df5aadd,2176,1,89,1},{0x4e200010,2177,1,89,1},{0x4e201f43,2178,1,76,1},{0x4e2158ff,2179,1,127,1},{0x4e5ad069,2180,1,47,1},{0x4e7721bd,2181,1,54,1},{0x4e7d9752,2182,1,33,1},{0x4e814bcc,2183,1,99,1},{0x4e980a6a,2184,1,57,1},{0x4ea0f904,2185,1,52,1},{0x4ea74591,2186,1,70,1},{0x4eb50a8f,2187,1,53,1},{0x4ebf1a84,2188,1,96,1},{0x4ec87cc2,2189,1,41,1},{0x4eddadd1,2190,1,72,1},{0x4edf2157,2191,1,56,1},{0x4ee27387,2192,1,50,1},{0x4eeee9eb,2193,1,53,1},{0x4f0592e2,2194,1,68,1},{0x4f1b0d45,2195,1,34,1},{0x4f1ec292,2196,1,89,1},{0x4f3015c5,2197,1,62,1},{0x4f34b01d,2198,1,60,1},{0x4f427ce3,2199,1,52,1},{0x4f4fe991,2200,1,44,1},{0x4f5434b2,2201,1,60,1},{0x4f5e2554,2202,1,88,1},{0x4f6247a7,2203,1,36,1},{0x4f6420c5,2204,1,65,1},{0x4f659471,2205,1,81,1},{0x4f6de6b1,2206,1,36,1},{0x4f7600ea,2207,1,50,1},{0x4f77928b,2208,1,49,1},{0x4f7cd99b,2209,1,51,1},{0x4f80f206,2210,1,59,1},{0x4f820bc7,2211,1,60,1},{0x4fa73b18,2212,1,42,1},{0x4fa8fc75,2213,1,65,1},{0x4fb6970b,2214,1,91,1},{0x4fc2b3c2,2215,1,68,1},{0x4fce306e,2216,1,97,1},{0x4fea32a5,2217,1,39,1},{0x4ff1cd89,2218,1,44,1},{0x50060a72,2219,1,78,1},{0x500d1529,2220,1,70,1},{0x501b5f78,2221,1,40,1},{0x50201c29,2222,1,60,1},{0x50220070,2223,1,91,1},{0x50247c83,2224,1,86,1},{0x503080db,2225,1,87,1},{0x50573384,2226,1,102,1},{0x506eb322,2227,1,60,1},{0x506ff0d0,2228,1,65,1},{0x5072e202,2229,1,116,1},{0x509858ac,2230,1,87,1},{0x50a124a7,2231,1,34,1},{0x50ffebda,2232,1,51,1},{0x510756af,2233,1,42,1},{0x511f17ad,2234,1,53,1},{0x513d82fe,2235,1,52,1},{0x515b2b2b,2236,1,95,1},{0x5161ecc3,2237,1,63,1},{0x517686bd,2238,1,31,1},{0x51873611,2239,1,104,1},{0x519a4d44,2240,1,52,1},{0x51a4bc0f,2241,1,72,1},{0x51c30f52,2242,1,39,1},{0x51fc2271,2243,1,172,1},{0x51fc42ce,2244,1,72,1},{0x51fc63b9,2245,1,42,1},{0x52003bfe,2246,1,93,1},{0x52035bbe,2247,1,34,1},{0x520ec04c,2248,1,88,1},{0x5210dc0f,2249,1,35,1},{0x52122ef1,2250,1,48,1},{0x522ab064,2251,1,37,1},{0x523c4a5e,2252,1,37,1},{0x5242de47,2253,1,49,1},{0x524538a8,2254,1,43,1},{0x524f924c,2255,1,99,1},{0x5269269b,2256,1,80,1},{0x526a8469,2257,1,43,1},{0x528454f8,2258,1,107,1},{0x52955bbe,2259,1,47,1},{0x529bd44e,2260,1,132,1},{0x52a0b31b,2261,1,52,1},{0x52b0014f,2262,1,52,1},{0x52c7542f,2263,1,85,1},{0x52ec410f,2264,1,49,1},{0x52ed04a8,2265,1,46,1},{0x52f2e3c4,2266,1,203,1},{0x53026884,2267,1,59,1},{0x530bd231,2268,1,66,1},{0x5331d23b,2269,1,61,1},{0x5336ba91,2270,1,44,1},{0x5348d312,2271,1,46,1},{0x5365808d,2272,1,48,1},{0x536cd8c8,2273,1,51,1},{0x53702592,2274,1,133,1},{0x53717e1a,2275,1,57,1},{0x538d252a,2276,1,42,1},{0x53b1cc39,2277,1,47,1},{0x53b5a47e,2278,1,62,1},{0x540da48e,2279,1,75,1},{0x541e089c,2280,1,74,1},{0x5438e262,2281,1,46,1},{0x54518c5a,2282,1,34,1},{0x5458845f,2283,1,36,1},{0x5462a229,2284,1,64,1},{0x5463a321,2285,1,109,1},{0x54675792,2286,1,51,1},{0x54785f85,2287,1,68,1},{0x547a81f1,2288,1,79,1},{0x548a929e,2289,1,62,1},{0x549172ff,2290,1,38,1},{0x54a8e02c,2291,1,90,1},{0x54c9016f,2292,1,109,1},{0x54dbc6ac,2293,1,44,1},{0x54dbe6aa,2294,1,96,1},{0x5502e511,2295,1,46,1},{0x55333f09,2296,1,46,1},{0x5539b501,2297,1,47,1},{0x553f391d,2298,1,83,1},{0x554767aa,2299,1,35,1},{0x55564eb7,2300,1,83,1},{0x555a855e,2301,1,72,1},{0x5565bc4c,2302,1,58,1},{0x557480a7,2303,1,66,1},{0x55874b37,2304,1,43,1},{0x559694ab,2305,1,63,1},{0x55b503cc,2306,1,55,1},{0x55b5c8d7,2307,1,54,1},{0x55c0b6bf,2308,1,80,1},{0x55c22c5b,2309,1,179,1},{0x55c54e33,2310,1,124,1},{0x55dcf366,2311,1,36,1},{0x55e015ca,2312,1,41,1},{0x55e22a95,2313,1,67,1},{0x55eab109,2314,1,108,1},{0x55f619cb,2315,1,55,1},{0x55f7429b,2316,1,50,1},{0x560acd1f,2317,1,67,1},{0x560decdf,2318,1,52,1},{0x56161ef3,2319,1,132,1},{0x5618994b,2320,1,70,1},{0x561bd9b8,2321,1,48,1},{0x5625dad7,2322,1,107,1},{0x5630e6b8,2323,1,90,1},{0x56354185,2324,1,64,1},{0x565d345f,2325,1,79,1},{0x5693e140,2326,1,79,1},{0x569c9b91,2327,1,86,1},{0x56a9b57b,2328,1,40,1},{0x56c41288,2329,1,35,1},{0x56cfaa92,2330,1,98,1},{0x56e8a789,2331,1,57,1},{0x56f22b90,2332,1,39,1},{0x56f3b909,2333,1,61,1},{0x56f795c9,2334,1,46,1},{0x56fa98df,2335,1,73,1},{0x57040c2d,2336,1,94,1},{0x570745da,2337,1,51,1},{0x57246c47,2338,1,57,1},{0x5743359c,2339,1,75,1},{0x574e0bce,2340,1,41,1},{0x57549db4,2341,1,64,1},{0x57646d78,2342,1,48,1},{0x577769e9,2343,1,37,1},{0x577ab6b3,2344,1,159,1},{0x578308f3,2345,1,41,1},{0x5784e750,2346,1,68,1},{0x578b1150,2347,1,39,1},{0x578d0dd8,2348,1,63,1},{0x5790ddc0,2349,1,72,1},{0x57961448,2350,1,50,1},{0x579c9fbc,2351,1,49,1},{0x579cd58c,2352,1,80,1},{0x57b46b08,2353,1,40,1},{0x57b73c73,2354,1,64,1},{0x57bae4ed,2355,1,61,1},{0x57c0359f,2356,1,51,1},{0x57cd87b4,2357,1,68,1},{0x57cd9f2d,2358,1,75,1},{0x57d7a0bd,2359,1,106,1},{0x57f5ffac,2360,1,61,1},{0x5804cd2d,2361,1,56,1},{0x580d69a5,2362,1,86,1},{0x582c4cad,2363,1,61,1},{0x582d1c61,2364,1,56,1},{0x5831f838,2365,1,42,1},{0x5838e7ac,2366,1,67,1},{0x58591517,2367,1,43,1},{0x585c1d7b,2368,1,42,1},{0x586dc1ec,2369,1,69,1},{0x5878f6c1,2370,1,85,1},{0x587ff17d,2371,1,43,1},{0x58b54591,2372,1,71,1},{0x58bd1b0a,2373,1,51,1},{0x58c541b5,2374,1,60,1},{0x58cd5643,2375,1,76,1},{0x58e0e40e,2376,1,67,1},{0x58e11d11,2377,1,64,1},{0x58eb9e11,2378,1,72,1},{0x58f6ad72,2379,1,97,1},{0x592275e6,2380,1,43,1},{0x5947491f,2381,1,48,1},{0x595ab37f,2382,1,55,1},{0x595abd76,2383,1,43,1},{0x59704d6d,2384,1,40,1},{0x5970b706,2385,1,62,1},{0x5999876d,100,16,2043,2},{0x5999876e,116,8,1126,2},{0x59a17fd7,2386,1,164,1},{0x59bf94ed,2387,1,49,1},{0x59c36895,2388,1,65,1},{0x59d82d14,2389,1,36,1},{0x59d83194,2390,1,42,1},{0x59d9c686,2391,1,46,1},{0x59dd3fb5,2392,1,54,1},{0x5a0dc832,2393,1,41,1},{0x5a155e40,2394,1,73,1},{0x5a187e00,2395,1,36,1},{0x5a3b77d9,2396,1,87,1},{0x5a3ba47c,2397,1,69,1},{0x5a3be16c,2398,1,50,1},{0x5a3fd2a6,2399,1,77,1},{0x5a5749ee,2400,1,80,1},{0x5a67c580,2401,1,64,1},{0x5a7b40d2,2402,1,62,1},{0x5a7fa6ab,2403,1,32,1},{0x5a922192,2404,1,68,1},{0x5a97dc39,2405,1,36,1},{0x5aa89231,2406,1,70,1},{0x5acc087f,2407,1,63,1},{0x5acf4259,2408,1,67,1},{0x5ad0137e,2409,1,145,1},{0x5af338aa,2410,1,38,1},{0x5af836c9,2411,1,43,1},{0x5b0226ea,2412,1,72,1},{0x5b02d363,2413,1,49,1},{0x5b0e9d4e,2414,1,77,1},{0x5b11c2f6,2415,1,172,1},{0x5b14e02c,2416,1,133,1},{0x5b2d1c5c,2417,1,67,1},{0x5b2e416d,2418,1,49,1},{0x5b2efd68,2419,1,44,1},{0x5b390705,2420,1,158,1},{0x5b4fc928,2421,1,79,1},{0x5b701412,2422,1,46,1},{0x5b755749,2423,1,79,1},{0x5b81fb0a,2424,1,53,1},{0x5b9b6ee1,2425,1,43,1},{0x5ba0a569,2426,1,65,1},{0x5ba8d375,2427,1,290,1},{0x5bb040a1,2428,1,90,1},{0x5bda1d4f,2429,1,115,1},{0x5bdbe0ee,2430,1,61,1},{0x5bdf3ee8,2431,1,108,1},{0x5bf9c9bb,2432,1,68,1},{0x5c1415ea,2433,1,88,1},{0x5c2e3dc3,2434,1,103,1},{0x5c326856,2435,1,59,1},{0x5c3fcf8c,2436,1,56,1},{0x5c54caf8,2437,1,71,1},{0x5c6c0dca,2438,1,70,1},{0x5c6da6a1,2439,1,38,1},{0x5c720609,2440,1,123,1},{0x5c73ebdc,2441,1,68,1},{0x5c8ada55,2442,1,43,1},{0x5c90a07a,2443,1,97,1},{0x5c91ab32,2444,1,57,1},{0x5c962bfb,2445,1,65,1},{0x5ca74dfe,2446,1,72,1},{0x5cb840b6,2447,1,97,1},{0x5cc772ac,2448,1,103,1},{0x5cc85f0b,2449,1,39,1},{0x5cedf01b,2450,1,65,1},{0x5d1b97e3,2451,1,34,1},{0x5d1be3f8,2452,1,52,1},{0x5d35bd37,2453,1,59,1},{0x5d3f7597,2454,1,67,1},{0x5d403a39,2455,1,90,1},{0x5d4f2f04,2456,1,77,1},{0x5d556d09,2457,1,55,1},{0x5d63c5ef,2458,1,68,1},{0x5d725c27,2459,1,70,1},{0x5d79896c,2460,1,53,1},{0x5d7ade8e,2461,1,38,1},{0x5d7b4827,2462,1,43,1},{0x5d8c39de,2463,1,47,1},{0x5dab0938,2464,1,145,1},{0x5db3a2df,2465,1,72,1},{0x5dda7075,2466,1,79,1},{0x5de7d0d6,2467,1,76,1},{0x5ded3bbb,2468,1,50,1},{0x5e0c4b1a,2469,1,155,1},{0x5e4a63c7,2470,1,67,1},{0x5e5a3c44,2471,1,48,1},{0x5e5eea93,2472,1,47,1},{0x5e60b1b1,2473,1,45,1},{0x5e61fa81,2474,1,74,1},{0x5e6b226f,2475,1,57,1},{0x5e7256a1,2476,1,71,1},{0x5e72ca32,2477,1,55,1},{0x5e8593ef,2478,1,40,1},{0x5e892cf5,2479,1,87,1},{0x5e926aad,2480,1,130,1},{0x5ea26d5a,2481,1,34,1},{0x5ea8d605,2482,1,71,1},{0x5ecafc35,2483,1,59,1},{0x5ed9a42b,2484,1,65,1},{0x5ee2b800,2485,1,85,1},{0x5ef5bcd3,2486,1,82,1},{0x5f0cb80b,2487,1,46,1},{0x5f0d6484,2488,1,44,1},{0x5f15d49d,2489,1,91,1},{0x5f192e6f,2490,1,49,1},{0x5f1c9b4d,2491,1,132,1},{0x5f2d991e,2492,1,39,1},{0x5f398e89,2493,1,43,1},{0x5f4922c6,2494,1,78,1},{0x5f4b398c,2495,1,103,1},{0x5f5b3b47,2496,1,70,1},{0x5f705119,2497,1,80,1},{0x5f7e4179,2498,1,75,1},{0x5f8221a3,2499,1,59,1},{0x5f83ad3a,2500,1,48,1},{0x5f8c8c2b,2501,1,61,1},{0x5f982b35,2502,1,40,1},{0x5fa10bf8,2503,1,65,1},{0x5fbc8448,2504,1,222,1},{0x5fd0072f,2505,1,35,1},{0x5fd070c8,2506,1,40,1},{0x5fd16f9a,2507,1,81,1},{0x5fe5e06d,2508,1,40,1},{0x602f7eba,2509,1,71,1},{0x603bf44c,2510,1,112,1},{0x603ed8ab,2511,1,58,1},{0x6063f864,2512,1,96,1},{0x606472ec,2513,1,200,1},{0x606727e8,2514,1,96,1},{0x606b418f,2515,1,60,1},{0x606dac1e,2516,1,47,1},{0x6079f06f,2517,1,63,1},{0x6089c46f,2518,1,53,1},{0x608facaa,2519,1,54,1},{0x60965de8,2520,1,40,1},{0x60998e8f,2521,1,44,1},{0x609aabf9,2522,1,48,1},{0x609c7df5,2523,1,65,1},{0x60bb3cb8,2524,1,42,1},{0x60d41e6e,2525,1,112,1},{0x60e33c3c,2526,1,88,1},{0x60ee067e,2527,1,61,1},{0x61154f1a,2528,1,156,1},{0x611acc19,2529,1,59,1},{0x61262904,2530,1,34,1},{0x612e4763,2531,1,46,1},{0x61344965,2532,1,81,1},{0x61378c7e,2533,1,43,1},{0x613d71df,2534,1,51,1},{0x61404e58,2535,1,43,1},{0x6152f26c,2536,1,54,1},{0x617d7d0a,2537,1,49,1},{0x61856faf,2538,1,55,1},{0x6185d948,2539,1,74,1},{0x619290ae,2540,1,34,1},{0x61b1b0b7,2541,1,114,1},{0x61b6add5,2542,1,49,1},{0x61b99ff7,2543,1,72,1},{0x61bc7af9,2544,1,50,1},{0x61c2436e,2545,1,71,1},{0x61d4b72f,2546,1,39,1},{0x61ea6fe1,2547,1,92,1},{0x61ed53d6,2548,1,51,1},{0x620e273d,2549,1,59,1},{0x6210ec87,2550,1,50,1},{0x6227769d,2551,1,70,1},{0x622da042,2552,1,39,1},{0x62313cfa,2553,1,131,1},{0x62354da3,2554,1,75,1},{0x62384cae,2555,1,68,1},{0x62398f1e,2556,1,38,1},{0x623c7375,2557,1,75,1},{0x625c4f9b,2558,1,93,1},{0x626462bf,2559,1,57,1},{0x62668ee2,2560,1,40,1},{0x626b42d2,2561,1,54,1},{0x626dd2ca,2562,1,89,1},{0x62769c2f,2563,1,45,1},{0x627ce7c2,2564,1,127,1},{0x627d5b53,2565,1,60,1},{0x62922218,2566,1,63,1},{0x6294c8ed,2567,1,41,1},{0x62acfe7b,2568,1,33,1},{0x62b523a9,2569,1,83,1},{0x62be1b7b,2570,1,115,1},{0x62be1f49,2571,1,133,1},{0x62be496e,2572,1,98,1},{0x62f03ce6,2573,1,45,1},{0x63085aec,2574,1,49,1},{0x6317492c,2575,1,54,1},{0x631cd199,2576,1,125,1},{0x6323bf90,2577,1,176,1},{0x63441faa,2578,1,55,1},{0x634da913,2579,1,84,1},{0x6354fb0f,2580,1,112,1},{0x63597293,2581,1,48,1},{0x635c9a41,2582,1,106,1},{0x6374b3e4,2583,1,136,1},{0x63762769,2584,1,90,1},{0x63a2bc56,2585,1,41,1},{0x63b12f72,2586,1,89,1},{0x63d9b565,2587,1,45,1},{0x63e09991,2588,1,89,1},{0x63e5392b,2589,1,33,1},{0x63f313e5,2590,1,58,1},{0x63f3b3ef,2591,1,76,1},{0x63f73aac,2592,1,82,1},{0x63fee164,124,10,1070,2},{0x640e2615,2593,1,63,1},{0x64190d7b,2594,1,82,1},{0x64215d6e,2595,1,74,1},{0x643a0fdb,2596,1,46,1},{0x644c645e,2597,1,42,1},{0x6454125f,2598,1,89,1},{0x64655b8b,2599,1,127,1},{0x646948ba,2600,1,58,1},{0x6482c8e3,2601,1,34,1},{0x6483f40f,2602,1,107,1},{0x648d754f,2603,1,64,1},{0x64919c16,2604,1,67,1},{0x64bbb783,2605,1,41,1},{0x64c732b4,2606,1,117,1},{0x64ca8f88,2607,1,64,1},{0x64ce7919,2608,1,56,1},{0x64dbab91,2609,1,50,1},{0x64eb7f35,2610,1,69,1},{0x64f4ce66,2611,1,50,1},{0x651642e4,2612,1,72,1},{0x6519564a,2613,1,43,1},{0x65288044,2614,1,51,1},{0x6530ba25,2615,1,37,1},{0x656f1d73,2616,1,71,1},{0x6578e831,2617,1,117,1},{0x658a19c5,2618,1,42,1},{0x659000d0,2619,1,47,1},{0x65906a69,2620,1,39,1},{0x6592d98c,2621,1,70,1},{0x65a87c65,2622,1,40,1},{0x65bc5042,2623,1,68,1},{0x65be8f6a,2624,1,112,1},{0x65c38e95,2625,1,46,1},{0x65cb75fd,2626,1,93,1},{0x65d7f0e0,2627,1,101,1},{0x65f7e4f7,2628,1,38,1},{0x65fc8789,2629,1,41,1},{0x66027520,2630,1,50,1},{0x6603b342,2631,1,95,1},{0x661a9c8a,2632,1,113,1},{0x6628af88,2633,1,60,1},{0x6633c8a1,2634,1,75,1},{0x66383163,2635,1,56,1},{0x663bce1b,2636,1,84,1},{0x663dd672,2637,1,107,1},{0x663f3bc5,2638,1,39,1},{0x6658b114,2639,1,49,1},{0x665bc56e,2640,1,56,1},{0x668778e3,2641,1,94,1},{0x6688519b,2642,1,74,1},{0x66918954,2643,1,41,1},{0x669be636,2644,1,61,1},{0x669f5a0e,2645,1,39,1},{0x66a3a1d5,2646,1,33,1},{0x66b78f9c,2647,1,45,1},{0x66bf42dd,2648,1,83,1},{0x66c093a3,2649,1,80,1},{0x66c2638d,2650,1,32,1},{0x66c8b06a,2651,1,68,1},{0x66c8da8f,2652,1,43,1},{0x66dc262b,2653,1,96,1},{0x66df5d9f,2654,1,41,1},{0x66fceb41,2655,1,83,1},{0x6712e882,2656,1,73,1},{0x671c4e38,2657,1,134,1},{0x6721da4d,2658,1,144,1},{0x6721fdaf,2659,1,74,1},{0x67379ed9,2660,1,79,1},{0x674c6d5f,2661,1,45,1},{0x674eb0cb,2662,1,55,1},{0x67689ab0,2663,1,79,1},{0x676d5798,2664,1,94,1},{0x6785e2c6,2665,1,57,1},{0x67ad4d77,2666,1,62,1},{0x67b437db,2667,1,47,1},{0x67e1bf07,2668,1,83,1},{0x67e52971,2669,1,41,1},{0x67e5930a,2670,1,41,1},{0x67ebd798,2671,1,70,1},{0x67f9c4bd,2672,1,98,1},{0x6818b736,2673,1,72,1},{0x68204430,2674,1,92,1},{0x683d7a18,2675,1,49,1},{0x6844a0fc,2676,1,77,1},{0x686b4198,2677,1,250,1},{0x68775b46,2678,1,88,1},{0x687b5627,2679,1,270,1},{0x687db621,2680,1,123,1},{0x687ef237,2681,1,78,1},{0x688fd7e4,2682,1,53,1},{0x688fd7e6,2683,1,42,1},{0x688fd7e9,2684,1,83,1},{0x688fd7eb,2685,1,71,1},{0x688fd7ec,2686,1,55,1},{0x68a73074,2687,1,85,1},{0x68ab3f00,2688,1,50,1},{0x68b744c9,2689,1,71,1},{0x68d13550,2690,1,50,1},{0x68dbfb12,2691,1,100,1},{0x68e7260f,2692,1,71,1},{0x68febb88,2693,1,122,1},{0x69061961,2694,1,73,1},{0x6909c5b2,2695,1,38,1},{0x690f09a0,2696,1,86,1},{0x6923e76b,2697,1,53,1},{0x6943fecc,2698,1,75,1},{0x6951cda3,2699,1,61,1},{0x6956b04a,2700,1,45,1},{0x69721568,2701,1,67,1},{0x69732eeb,2702,1,73,1},{0x6979d346,2703,1,61,1},{0x697d4592,2704,1,60,1},{0x699a91f1,2705,1,57,1},{0x699afb8a,2706,1,83,1},{0x699c79bc,2707,1,46,1},{0x69a6ea9b,2708,1,81,1},{0x69ba56f8,2709,1,209,1},{0x69c230c7,2710,1,42,1},{0x69fd67a2,2711,1,69,1},{0x69feefff,2712,1,55,1},{0x6a010d1e,2713,1,65,1},{0x6a027618,2714,1,59,1},{0x6a0d0641,2715,1,42,1},{0x6a0fe244,2716,1,134,1},{0x6a1741d1,2717,1,75,1},{0x6a2bea45,2718,1,31,1},{0x6a3340a9,2719,1,36,1},{0x6a3dd88f,2720,1,65,1},{0x6a42c284,2721,1,40,1},{0x6a4c8af2,2722,1,76,1},{0x6a4ff110,2723,1,64,1},{0x6a5b56fc,2724,1,62,1},{0x6a9f4aef,2725,1,67,1},{0x6aa9639f,2726,1,49,1},{0x6aa9eb2f,2727,1,29,1},{0x6ab4cda2,2728,1,64,1},{0x6ad33963,2729,1,55,1},{0x6ad36bb0,2730,1,71,1},{0x6ae3ffad,2731,1,190,1},{0x6ae9eec0,2732,1,82,1},{0x6aef6c89,2733,1,71,1},{0x6af8630d,2734,1,101,1},{0x6b0969af,2735,1,62,1},{0x6b116bac,2736,1,55,1},{0x6b1d7d2e,2737,1,38,1},{0x6b21e527,2738,1,88,1},{0x6b3c4eb0,2739,1,63,1},{0x6b4b38f7,2740,1,66,1},{0x6b619ab6,2741,1,76,1},{0x6b7f0af9,2742,1,78,1},{0x6bb59826,2743,1,123,1},{0x6bd14475,2744,1,79,1},{0x6bda75cb,2745,1,186,1},{0x6beb75e1,2746,1,128,1},{0x6bec5028,2747,1,85,1},{0x6bfbc06c,2748,1,157,1},{0x6c083627,2749,1,68,1},{0x6c18545f,2750,1,84,1},{0x6c36e78c,2751,1,80,1},{0x6c47f3bc,2752,1,52,1},{0x6c4d65f8,2753,1,67,1},{0x6c4d65f9,2754,1,67,1},{0x6c4d65fa,2755,1,53,1},{0x6c4d65fb,2756,1,53,1},{0x6c4d65fc,2757,1,53,1},{0x6c524d80,2758,1,79,1},{0x6c78cbce,2759,1,98,1},{0x6c97eb25,2760,1,43,1},{0x6cbc4a13,2761,1,151,1},{0x6cc6de4e,2762,1,62,1},{0x6cc772b8,2763,1,72,1},{0x6ce24d26,2764,1,64,1},{0x6d02f213,2765,1,77,1},{0x6d0e17c1,2766,1,53,1},{0x6d1a6355,2767,1,59,1},{0x6d273b93,2768,1,53,1},{0x6d289451,2769,1,116,1},{0x6d2e788c,2770,1,39,1},{0x6d4df774,2771,1,90,1},{0x6d6a69da,2772,1,96,1},{0x6d76c234,2773,1,171,1},{0x6d7dc00c,2774,1,67,1},{0x6d8a84a4,2775,1,56,1},{0x6d9cbb1d,2776,1,63,1},{0x6da52312,2777,1,79,1},{0x6db0d379,2778,1,90,1},{0x6dc68c49,2779,1,84,1},{0x6dd17284,2780,1,77,1},{0x6dd809a2,2781,1,56,1},{0x6de7283d,2782,1,49,1},{0x6e08317d,2783,1,59,1},{0x6e0be33d,2784,1,55,1},{0x6e107eca,2785,1,165,1},{0x6e179762,2786,1,36,1},{0x6e21bef8,2787,1,55,1},{0x6e2d23eb,2788,1,67,1},{0x6e309fea,2789,1,75,1},{0x6e3dd1ca,2790,1,43,1},{0x6e3ffb57,2791,1,66,1},{0x6e4178c9,2792,1,65,1},{0x6e4d53a5,2793,1,60,1},{0x6e681e4e,2794,1,259,1},{0x6e68abad,2795,1,78,1},{0x6e6f539f,2796,1,41,1},{0x6e6fc237,2797,1,53,1},{0x6e758edf,2798,1,58,1},{0x6e97fbbe,2799,1,114,1},{0x6eac7e67,2800,1,60,1},{0x6eb47c50,2801,1,35,1},{0x6eccb1de,2802,1,58,1},{0x6ed14d4c,2803,1,34,1},{0x6ed2c926,2804,1,105,1},{0x6ed368f5,2805,1,64,1},{0x6eddfcd1,2806,1,81,1},{0x6ef78332,2807,1,37,1},{0x6efb3e21,2808,1,50,1},{0x6f0ff049,2809,1,52,1},{0x6f1f8471,2810,1,70,1},{0x6f30ef12,2811,1,60,1},{0x6f39632f,2812,1,124,1},{0x6f3d4ba3,2813,1,84,1},{0x6f58fb43,2814,1,91,1},{0x6f6339fa,2815,1,50,1},{0x6f650043,2816,1,42,1},{0x6f752c01,2817,1,83,1},{0x6f9d620d,2818,1,59,1},{0x6fa26ed9,2819,1,35,1},{0x6fa7cff4,2820,1,164,1},{0x6fac9587,2821,1,69,1},{0x6fc43908,2822,1,83,1},{0x6fd1107c,2823,1,99,1},{0x6ff6e149,2824,1,39,1},{0x6ffa4bb3,2825,1,76,1},{0x700102c0,2826,1,60,1},{0x7015882b,2827,1,59,1},{0x701af30c,2828,1,130,1},{0x701d1a5d,2829,1,47,1},{0x701dd0a7,2830,1,65,1},{0x702dd978,2831,1,78,1},{0x7031926f,2832,1,47,1},{0x70356672,2833,1,33,1},{0x70432094,2834,1,69,1},{0x704a9e29,2835,1,68,1},{0x70547ea7,2836,1,55,1},{0x70584f9b,2837,1,84,1},{0x7061e6e7,2838,1,68,1},{0x707dce41,2839,1,88,1},{0x70865936,2840,1,84,1},{0x70991258,2841,1,116,1},{0x70b2b610,2842,1,40,1},{0x70b5f20b,2843,1,64,1},{0x70b9358d,2844,1,275,1},{0x70cce547,2845,1,66,1},{0x70e39d95,2846,1,53,1},{0x70f4a5e2,2847,1,46,1},{0x710b3298,2848,1,62,1},{0x711ca76d,2849,1,59,1},{0x71308746,2850,1,75,1},{0x71380dec,2851,1,116,1},{0x713c0a07,2852,1,61,1},{0x7141a23b,2853,1,72,1},{0x714b68d3,2854,1,78,1},{0x7154a286,2855,1,60,1},{0x717bd186,2856,1,157,1},{0x719515c5,2857,1,53,1},{0x7198e002,2858,1,97,1},{0x719b63aa,2859,1,43,1},{0x71b9a48d,2860,1,56,1},{0x71bb649a,2861,1,49,1},{0x71cfdbb0,2862,1,87,1},{0x71d05916,2863,1,100,1},{0x71d92be0,2864,1,59,1},{0x71dc03a5,2865,1,57,1},{0x71e0d517,2866,1,39,1},{0x71e341f8,2867,1,53,1},{0x71eabd5e,2868,1,78,1},{0x71eff956,2869,1,217,1},{0x7211c1bd,2870,1,56,1},{0x7212c29e,2871,1,62,1},{0x72260709,2872,1,95,1},{0x7247b420,2873,1,110,1},{0x724862eb,2874,1,67,1},{0x7253c7f7,2875,1,71,1},{0x7257e4c6,2876,1,51,1},{0x72629132,2877,1,46,1},{0x7266b7f9,2878,1,70,1},{0x728152eb,2879,1,46,1},{0x728acc70,2880,1,58,1},{0x728d2d0b,2881,1,63,1},{0x72a28cdf,2882,1,68,1},{0x72b1316d,2883,1,91,1},{0x72ba8a50,2884,1,103,1},{0x72d742ff,2885,1,48,1},{0x72e01d80,2886,1,81,1},{0x72e216f0,2887,1,45,1},{0x72e434ba,2888,1,121,1},{0x72e88df2,2889,1,45,1},{0x73159cea,2890,1,62,1},{0x731fd4e5,2891,1,36,1},{0x73333ed9,2892,1,134,1},{0x7336c1c6,2893,1,39,1},{0x733a5e9d,2894,1,45,1},{0x733b46c6,2895,1,37,1},{0x73523b7f,2896,1,83,1},{0x736e642e,2897,1,56,1},{0x7375b7bf,2898,1,56,1},{0x73877269,2899,1,55,1},{0x73884e13,2900,1,59,1},{0x738f5cfe,2901,1,81,1},{0x738fc8dd,2902,1,113,1},{0x73b59ce7,2903,1,114,1},{0x73db526c,2904,1,83,1},{0x73e74583,2905,1,54,1},{0x73f82cc9,2906,1,46,1},{0x73ff6983,2907,1,80,1},{0x7401726a,2908,1,102,1},{0x740c02e2,2909,1,55,1},{0x740f0b23,2910,1,116,1},{0x741d5869,2911,1,66,1},{0x74386860,2912,1,70,1},{0x743c2390,2913,1,55,1},{0x744c88f9,2914,1,72,1},{0x744df0b7,2915,1,54,1},{0x745434eb,2916,1,77,1},{0x7456eaf4,2917,1,64,1},{0x74590197,2918,1,100,1},{0x745d15fe,2919,1,63,1},{0x745f2f8b,2920,1,106,1},{0x74668b82,2921,1,47,1},{0x7480a76a,2922,1,58,1},{0x748261cb,2923,1,69,1},{0x74958421,2924,1,70,1},{0x749e4939,2925,1,103,1},{0x74a98858,2926,1,44,1},{0x74b7b9d3,2927,1,44,1},{0x74b85a81,2928,1,35,1},{0x74bbe09a,2929,1,65,1},{0x74bd901c,2930,1,55,1},{0x74c3c6ae,2931,1,126,1},{0x74d8a7f1,2932,1,48,1},{0x74db608f,2933,1,54,1},{0x7506d972,2934,1,67,1},{0x750e69b9,2935,1,95,1},{0x75147641,2936,1,45,1},{0x75306328,2937,1,61,1},{0x75314cf0,2938,1,52,1},{0x75348a8c,2939,1,170,1},{0x75439ace,2940,1,40,1},{0x754c335c,2941,1,62,1},{0x7558b571,2942,1,78,1},{0x755c9ef9,2943,1,171,1},{0x75600200,2944,1,91,1},{0x758e95ca,2945,1,64,1},{0x759a07d6,2946,1,87,1},{0x75b59711,2947,1,74,1},{0x75b7be15,2948,1,67,1},{0x75d2c0e9,2949,1,67,1},{0x75e694c6,2950,1,58,1},{0x761d53bf,2951,1,72,1},{0x76200163,2952,1,45,1},{0x762cb9a4,2953,1,43,1},{0x762ebbcf,2954,1,69,1},{0x763b2a9e,2955,1,82,1},{0x7645bbff,2956,1,127,1},{0x764a137e,2957,1,49,1},{0x76510649,2958,1,84,1},{0x7652f40c,2959,1,49,1},{0x76569b0b,2960,1,70,1},{0x76661c9c,2961,1,53,1},{0x76680897,2962,1,61,1},{0x76788416,2963,1,143,1},{0x767e3774,2964,1,198,1},{0x768ab121,2965,1,62,1},{0x76be34c3,2966,1,89,1},{0x76c1a0a9,2967,1,53,1},{0x76c4bf67,2968,1,137,1},{0x76c831f6,2969,1,59,1},{0x76ca4494,2970,1,54,1},{0x76dda411,2971,1,67,1},{0x76e1d420,2972,1,59,1},{0x76f31f13,2973,1,87,1},{0x7711a9a3,2974,1,54,1},{0x77473842,2975,1,153,1},{0x774f7cfd,2976,1,79,1},{0x775c0213,2977,1,66,1},{0x7760e78a,2978,1,73,1},{0x77655716,2979,1,145,1},{0x776954dc,2980,1,108,1},{0x7778f54f,2981,1,86,1},{0x77813d54,2982,1,46,1},{0x77833578,2983,1,76,1},{0x7791e21c,2984,1,47,1},{0x77b4f85c,2985,1,131,1},{0x77ce7234,2986,1,164,1},{0x77d21670,2987,1,89,1},{0x77d3e1a1,2988,1,65,1},{0x77e072be,2989,1,59,1},{0x77ead5d4,2990,1,327,1},{0x77ff24aa,2991,1,69,1},{0x78023024,2992,1,46,1},{0x780a719c,2993,1,69,1},{0x780c038b,2994,1,68,1},{0x780fd8cf,2995,1,49,1},{0x781a8acd,2996,1,64,1},{0x7823ecba,2997,1,48,1},{0x78282a1f,2998,1,43,1},{0x784bd790,2999,1,81,1},{0x785132b3,3000,1,51,1},{0x785ec60c,3001,1,93,1},{0x7867a71f,3002,1,77,1},{0x786d1fdd,3003,1,53,1},{0x788f7fe9,3004,1,60,1},{0x7892680d,3005,1,90,1},{0x78987f31,3006,1,91,1},{0x78ce57cf,3007,1,106,1},{0x78e481f0,3008,1,64,1},{0x78f8bfd7,3009,1,44,1},{0x79108136,3010,1,34,1},{0x79385af8,3011,1,58,1},{0x793e4194,3012,1,54,1},{0x793e4324,3013,1,79,1},{0x794844e4,3014,1,46,1},{0x794847b4,3015,1,74,1},{0x794e2bef,3016,1,56,1},{0x796551b3,3017,1,117,1},{0x797260d0,3018,1,89,1},{0x7974f0c8,3019,1,143,1},{0x797b3241,3020,1,92,1},{0x79847951,3021,1,70,1},{0x798d8376,3022,1,104,1},{0x79925932,3023,1,59,1},{0x7992bde9,3024,1,87,1},{0x799d736f,3025,1,87,1},{0x799f736c,3026,1,140,1},{0x79b553ce,3027,1,81,1},{0x79bb2447,3028,1,35,1},{0x79be55ac,3029,1,60,1},{0x79c53d47,3030,1,66,1},{0x79d72d3a,3031,1,63,1},{0x79d8f8de,3032,1,121,1},{0x79ded51b,3033,1,48,1},{0x79ec5b72,3034,1,62,1},{0x79ed106e,3035,1,103,1},{0x79f125e7,3036,1,57,1},{0x7a27e4e0,3037,1,57,1},{0x7a2a9284,3038,1,45,1},{0x7a333188,3039,1,44,1},{0x7a483d4c,3040,1,69,1},{0x7a500533,134,2,1003,2},{0x7a500537,136,1,1073,2},{0x7a59c20a,3041,1,61,1},{0x7a5a3ec3,3042,1,73,1},{0x7a5c190d,3043,1,82,1},{0x7a5d852d,3044,1,78,1},{0x7a619f41,3045,1,40,1},{0x7a6cea66,3046,1,85,1},{0x7a7c24b4,3047,1,71,1},{0x7a811dcc,3048,1,110,1},{0x7a969cc8,3049,1,66,1},{0x7a9b4f18,3050,1,186,1},{0x7aba6d42,3051,1,73,1},{0x7ad2c317,3052,1,42,1},{0x7adfcae0,3053,1,79,1},{0x7aeb2be9,3054,1,115,1},{0x7af190be,3055,1,52,1},{0x7afda726,3056,1,65,1},{0x7afdb034,3057,1,45,1},{0x7afed4a9,3058,1,69,1},{0x7b030e4c,3059,1,83,1},{0x7b090b8e,3060,1,52,1},{0x7b226dfd,3061,1,78,1},{0x7b2fa3ac,3062,1,50,1},{0x7b412dd9,3063,1,56,1},{0x7b6490b2,3064,1,60,1},{0x7b7aa895,3065,1,83,1},{0x7b7cdca5,3066,1,93,1},{0x7b8bce75,3067,1,49,1},{0x7b94ecc3,3068,1,64,1},{0x7ba35490,3069,1,56,1},{0x7bb210c9,3070,1,48,1},{0x7bbc8d5a,3071,1,41,1},{0x7bc0befb,3072,1,51,1},{0x7bd0878a,3073,1,70,1},{0x7bd0bfee,3074,1,146,1},{0x7bd89ec3,3075,1,54,1},{0x7be595ff,3076,1,81,1},{0x7bfccb07,3077,1,42,1},{0x7c018487,3078,1,64,1},{0x7c1694ac,3079,1,112,1},{0x7c2e54de,3080,1,62,1},{0x7c2e7ddb,3081,1,52,1},{0x7c304925,3082,1,51,1},{0x7c327aab,3083,1,66,1},{0x7c3e8786,3084,1,64,1},{0x7c4d8cdb,3085,1,54,1},{0x7c4f353b,3086,1,47,1},{0x7c5be010,3087,1,40,1},{0x7c5f0802,3088,1,45,1},{0x7c67b745,3089,1,52,1},{0x7c68ef8e,3090,1,54,1},{0x7c69572d,3091,1,126,1},{0x7c723840,3092,1,80,1},{0x7c763635,3093,1,68,1},{0x7cad41bf,3094,1,49,1},{0x7cadfab8,3095,1,64,1},{0x7ccfd0c7,3096,1,91,1},{0x7cd8e8f0,3097,1,50,1},{0x7ced4101,3098,1,119,1},{0x7cefe404,3099,1,45,1},{0x7cf15c3d,3100,1,40,1},{0x7cf73187,3101,1,37,1},{0x7cfe0567,3102,1,32,1},{0x7d0350f8,3103,1,73,1},{0x7d05bf6e,3104,1,37,1},{0x7d0d8ecc,3105,1,95,1},{0x7d15f0ca,3106,1,123,1},{0x7d1b1257,3107,1,77,1},{0x7d37fe65,3108,1,64,1},{0x7d43c102,3109,1,66,1},{0x7d455726,3110,1,68,1},{0x7d457c11,3111,1,53,1},{0x7d4aae4e,3112,1,80,1},{0x7d58bd10,3113,1,45,1},{0x7d5af243,3114,1,46,1},{0x7d5b0808,3115,1,78,1},{0x7d6db226,3116,1,50,1},{0x7d8e9093,3117,1,63,1},{0x7d981497,3118,1,84,1},{0x7d98a752,3119,1,45,1},{0x7daabfd3,3120,1,46,1},{0x7dcfce68,3121,1,72,1},{0x7dd1c7ed,3122,1,88,1},{0x7dd7cfb4,3123,1,73,1},{0x7de2ef3a,3124,1,48,1},{0x7de7e32b,3125,1,67,1},{0x7de9663c,3126,1,78,1},{0x7deeaa7b,3127,1,95,1},{0x7e00f5a5,3128,1,63,1},{0x7e0a55f4,3129,1,71,1},{0x7e0fe84c,3130,1,86,1},{0x7e20e476,3131,1,72,1},{0x7e2338c0,3132,1,69,1},{0x7e29d592,3133,1,33,1},{0x7e327601,3134,1,60,1},{0x7e3523a5,3135,1,96,1},{0x7e3ebcd7,3136,1,62,1},{0x7e52ce6d,3137,1,46,1},{0x7e5d0794,3138,1,70,1},{0x7e61e9e6,3139,1,47,1},{0x7e66aa2e,3140,1,100,1},{0x7e6bbd4d,3141,1,86,1},{0x7e93b027,3142,1,82,1},{0x7eb5e5b2,3143,1,77,1},{0x7ec17064,3144,1,50,1},{0x7ed4aa79,3145,1,59,1},{0x7effd0e3,3146,1,58,1},{0x7f084155,3147,1,101,1},{0x7f1caa51,3148,1,51,1},{0x7f26cbe5,3149,1,57,1},{0x7f4b63a7,3150,1,64,1},{0x7f4bbefa,3151,1,71,1},{0x7f63d7f1,3152,1,59,1},{0x7f7fb858,3153,1,82,1},{0x7f9089dc,3154,1,126,1},{0x7f90bb98,3155,1,76,1},{0x7f97b8c9,3156,1,30,1},{0x7fa80176,3157,1,35,1},{0x7fa949ea,3158,1,58,1},{0x7fa9dba3,3159,1,59,1},{0x7fb277e5,3160,1,38,1},{0x7fcb501c,3161,1,51,1},{0x7fd79bb3,3162,1,74,1},{0x7fe04f5c,3163,1,70,1},{0x7fe32fe4,3164,1,56,1},{0x7ff36247,3165,1,129,1},{0x7ff50713,3166,1,77,1},{0x8000daac,3167,1,75,1},{0x800f9710,3168,1,52,1},{0x8011f60d,3169,1,61,1},{0x802125cd,3170,1,81,1},{0x80390efc,3171,1,49,1},{0x803a6eef,3172,1,50,1},{0x803e8edd,3173,1,72,1},{0x804918a7,3174,1,109,1},{0x804e6147,3175,1,74,1},{0x805dce48,3176,1,88,1},{0x8060f9d2,3177,1,79,1},{0x807380af,3178,1,41,1},{0x807726a0,3179,1,53,1},{0x8079ba22,3180,1,77,1},{0x807cc961,3181,1,82,1},{0x80892268,137,2,773,2},{0x808b6e46,3182,1,75,1},{0x80a0f9c3,3183,1,42,1},{0x80a7f70e,3184,1,48,1},{0x80cb5fc3,3185,1,49,1},{0x80e37a11,3186,1,44,1},{0x80f6f9ae,3187,1,65,1},{0x80fa7525,3188,1,48,1},{0x810083ba,3189,1,88,1},{0x8107a836,3190,1,169,1},{0x810de219,3191,1,47,1},{0x8110508f,3192,1,47,1},{0x81181fed,3193,1,105,1},{0x81226de5,3194,1,108,1},{0x8125a378,3195,1,57,1},{0x81268cd5,3196,1,84,1},{0x812985cd,3197,1,44,1},{0x8144f68d,3198,1,52,1},{0x81570f0e,3199,1,52,1},{0x81634e31,3200,1,54,1},{0x8168740c,3201,1,76,1},{0x8181ab57,3202,1,136,1},{0x8197f470,3203,1,59,1},{0x819859f9,3204,1,34,1},{0x819c35ea,3205,1,59,1},{0x81ca0e5c,3206,1,49,1},{0x81daba3a,3207,1,124,1},{0x81dcd173,3208,1,57,1},{0x81e3c0e7,3209,1,60,1},{0x81f3f75d,3210,1,59,1},{0x81f610b5,3211,1,70,1},{0x81fb11aa,3212,1,84,1},{0x81ff0444,3213,1,98,1},{0x82064829,3214,1,75,1},{0x82377992,3215,1,262,1},{0x8239b352,3216,1,62,1},{0x823d0722,3217,1,63,1},{0x824ad7ec,3218,1,115,1},{0x824bcdec,3219,1,71,1},{0x825aee52,3220,1,70,1},{0x825d5f8e,3221,1,70,1},{0x82693131,3222,1,66,1},{0x8272a76f,3223,1,79,1},{0x8277786f,3224,1,65,1},{0x827d6fb8,3225,1,56,1},{0x82aa3531,3226,1,89,1},{0x82d08aa4,3227,1,55,1},{0x82dd573c,3228,1,71,1},{0x82e7e559,3229,1,55,1},{0x82f19fb9,3230,1,85,1},{0x82ff41a6,3231,1,88,1},{0x8312d276,3232,1,57,1},{0x8328d850,3233,1,37,1},{0x832e1819,3234,1,61,1},{0x832f0cdb,3235,1,50,1},{0x83352203,3236,1,55,1},{0x8337c44a,3237,1,48,1},{0x83452cd6,3238,1,65,1},{0x8356501b,3239,1,86,1},{0x835a7f2c,3240,1,48,1},{0x83657930,3241,1,46,1},{0x836d488e,3242,1,108,1},{0x8378432d,3243,1,82,1},{0x83792b3f,3244,1,89,1},{0x837bb576,3245,1,75,1},{0x8388b5f3,3246,1,35,1},{0x83a2e8db,3247,1,37,1},{0x83a6bbc0,3248,1,65,1},{0x83b876d2,3249,1,61,1},{0x83ba99e2,3250,1,73,1},{0x83cc9b6a,3251,1,68,1},{0x83d5e13d,3252,1,57,1},{0x83eae07d,3253,1,67,1},{0x83edc105,3254,1,66,1},{0x83f93a99,3255,1,74,1},{0x840b6bcd,3256,1,61,1},{0x841de97a,3257,1,95,1},{0x8421e387,3258,1,41,1},{0x842bb6ee,3259,1,114,1},{0x842e5991,3260,1,33,1},{0x84463df9,3261,1,67,1},{0x8446c6a4,3262,1,110,1},{0x84479ced,3263,1,91,1},{0x8453a9c8,3264,1,62,1},{0x84579cc7,3265,1,80,1},{0x845b0973,3266,1,71,1},{0x8462af1d,3267,1,80,1},{0x8465aa6d,3268,1,38,1},{0x847c98f2,3269,1,76,1},{0x847d467d,3270,1,51,1},{0x847e11d0,3271,1,58,1},{0x8480640d,3272,1,111,1},{0x84837d21,3273,1,42,1},{0x8486298a,3274,1,136,1},{0x84862e8c,3275,1,92,1},{0x8495f198,3276,1,39,1},{0x84aa4b35,3277,1,132,1},{0x84ab2bee,3278,1,66,1},{0x84b7f177,3279,1,77,1},{0x84bfca84,3280,1,45,1},{0x84c7aeff,3281,1,61,1},{0x84e98a80,3282,1,125,1},{0x84ee0b32,3283,1,57,1},{0x84ffc843,3284,1,42,1},{0x8502c354,3285,1,76,1},{0x85050646,3286,1,35,1},{0x851581d6,3287,1,42,1},{0x85179909,3288,1,43,1},{0x851ae1b0,3289,1,32,1},{0x8522b10e,3290,1,72,1},{0x85255eb2,3291,1,79,1},{0x852ab962,3292,1,42,1},{0x85303499,3293,1,45,1},{0x853e63b1,3294,1,60,1},{0x8567fb17,3295,1,61,1},{0x856ddf52,3296,1,50,1},{0x857d5ec3,3297,1,38,1},{0x859f19bc,3298,1,86,1},{0x85c07929,3299,1,89,1},{0x85c1c82a,3300,1,62,1},{0x85cd8f45,3301,1,41,1},{0x85d9ecc0,3302,1,69,1},{0x85ee9885,3303,1,100,1},{0x85fd056d,3304,1,87,1},{0x85fe887e,3305,1,79,1},{0x8603b298,3306,1,76,1},{0x8606d0a1,3307,1,50,1},{0x86177a1e,3308,1,79,1},{0x861939ff,3309,1,89,1},{0x862ab97d,3310,1,65,1},{0x86479843,3311,1,57,1},{0x864a45e7,3312,1,44,1},{0x86629d2f,3313,1,106,1},{0x8667f0af,3314,1,87,1},{0x867d3890,3315,1,72,1},{0x8680df8f,3316,1,59,1},{0x86859277,3317,1,44,1},{0x869d6b22,3318,1,74,1},{0x869e489f,3319,1,55,1},{0x86a8d269,3320,1,66,1},{0x86c7d87b,3321,1,92,1},{0x86cb5706,3322,1,85,1},{0x86db0325,3323,1,66,1},{0x86e6c4a4,3324,1,109,1},{0x86f2767a,3325,1,50,1},{0x86f2b40d,3326,1,38,1},{0x86fec589,3327,1,61,1},{0x86fed3c6,3328,1,81,1},{0x8707b0d0,3329,1,76,1},{0x870897e5,3330,1,67,1},{0x871d3562,3331,1,37,1},{0x8722c1af,3332,1,87,1},{0x873bee27,3333,1,65,1},{0x874333d3,3334,1,55,1},{0x8776ad18,3335,1,89,1},{0x877ddd46,3336,1,66,1},{0x87817b47,3337,1,62,1},{0x87844415,3338,1,79,1},{0x879102cf,3339,1,84,1},{0x87a25e1e,3340,1,75,1},{0x87af783d,3341,1,73,1},{0x87b0fc2b,3342,1,78,1},{0x87b51fad,3343,1,77,1},{0x87b631d4,3344,1,40,1},{0x87b83344,3345,1,70,1},{0x87cf46eb,3346,1,51,1},{0x87de7784,3347,1,79,1},{0x87f5719e,3348,1,63,1},{0x87f85226,3349,1,67,1},{0x87f9ede6,3350,1,91,1},{0x8814741b,3351,1,118,1},{0x8815fcee,3352,1,56,1},{0x8818803c,3353,1,45,1},{0x8823d85d,3354,1,72,1},{0x882aa162,3355,1,77,1},{0x8839b3d2,3356,1,65,1},{0x8843c126,3357,1,101,1},{0x884e313e,3358,1,46,1},{0x8853af40,3359,1,57,1},{0x885e3ae9,3360,1,64,1},{0x885f1c34,3361,1,57,1},{0x88622de8,3362,1,84,1},{0x886f2214,3363,1,61,1},{0x88784cab,3364,1,38,1},{0x888052d2,3365,1,67,1},{0x8888a2f1,3366,1,56,1},{0x88890a90,3367,1,81,1},{0x88944be7,3368,1,64,1},{0x88a6613d,3369,1,197,1},{0x88ad7104,3370,1,43,1},{0x88aec6b6,3371,1,36,1},{0x88c28298,3372,1,60,1},{0x88cbb595,3373,1,84,1},{0x88dd1e61,139,3,917,2},{0x88e1e465,3374,1,45,1},{0x88ed3136,3375,1,132,1},{0x88eeaa9d,3376,1,56,1},{0x88f89c53,3377,1,133,1},{0x891f66ea,3378,1,51,1},{0x892012f7,3379,1,54,1},{0x8923045b,3380,1,69,1},{0x89261443,3381,1,62,1},{0x892fefd3,3382,1,56,1},{0x893ac5ba,3383,1,48,1},{0x894b04d3,3384,1,54,1},{0x894d1147,3385,1,36,1},{0x8950f913,3386,1,133,1},{0x896fe95f,3387,1,128,1},{0x8974d151,3388,1,70,1},{0x898b1a08,3389,1,53,1},{0x89a02dd6,3390,1,177,1},{0x89aaade1,3391,1,39,1},{0x89cd0250,3392,1,63,1},{0x89d82066,3393,1,56,1},{0x89de2c82,3394,1,49,1},{0x89f640cb,3395,1,86,1},{0x89f929a6,3396,1,119,1},{0x8a02a29d,3397,1,59,1},{0x8a09199f,3398,1,56,1},{0x8a166a01,3399,1,57,1},{0x8a186ba7,3400,1,63,1},{0x8a29504b,3401,1,59,1},{0x8a2b2f85,3402,1,92,1},{0x8a331b26,3403,1,94,1},{0x8a38f5b9,3404,1,71,1},{0x8a522964,3405,1,83,1},{0x8a54d708,3406,1,41,1},{0x8a5b9fb9,3407,1,138,1},{0x8a6b258f,3408,1,56,1},{0x8a7253b3,3409,1,55,1},{0x8a7281d0,3410,1,56,1},{0x8a7d8ae4,3411,1,135,1},{0x8a819d49,3412,1,84,1},{0x8a840091,3413,1,86,1},{0x8aee38a8,3414,1,35,1},{0x8afd079b,3415,1,53,1},{0x8b056361,3416,1,64,1},{0x8b0964e7,3417,1,72,1},{0x8b18233b,3418,1,33,1},{0x8b1bbc34,3419,1,83,1},{0x8b388158,3420,1,60,1},{0x8b6fa16e,3421,1,46,1},{0x8b851874,3422,1,55,1},{0x8b892eae,3423,1,77,1},{0x8b9da369,3424,1,80,1},{0x8b9e65e5,3425,1,82,1},{0x8bb41734,142,2,1266,2},{0x8bc42ada,3426,1,62,1},{0x8bc46e5f,3427,1,46,1},{0x8bcd64e2,3428,1,107,1},{0x8be3c847,3429,1,50,1},{0x8c0002bf,3430,1,44,1},{0x8c00b74b,3431,1,99,1},{0x8c02e347,3432,1,68,1},{0x8c050706,3433,1,268,1},{0x8c0a02af,3434,1,39,1},{0x8c208e0f,3435,1,56,1},{0x8c21d8e2,3436,1,76,1},{0x8c2d4907,3437,1,75,1},{0x8c4444f3,3438,1,51,1},{0x8c4ed891,3439,1,52,1},{0x8c54b6b3,3440,1,60,1},{0x8c58c25f,3441,1,55,1},{0x8c5dc492,3442,1,55,1},{0x8c5e4240,3443,1,59,1},{0x8c68cc0a,3444,1,68,1},{0x8c6cbf09,3445,1,53,1},{0x8c70367d,3446,1,55,1},{0x8c80ad35,3447,1,58,1},{0x8c90328a,3448,1,225,1},{0x8c933412,3449,1,84,1},{0x8c939bb1,3450,1,42,1},{0x8c9cd43e,3451,1,54,1},{0x8ca21809,3452,1,94,1},{0x8ca37e02,3453,1,118,1},{0x8cab13da,3454,1,47,1},{0x8cabc922,3455,1,73,1},{0x8cc7aa71,3456,1,51,1},{0x8cc8eabd,3457,1,93,1},{0x8ccb342c,3458,1,72,1},{0x8cce945d,3459,1,63,1},{0x8cdd3df9,3460,1,83,1},{0x8ce40514,3461,1,40,1},{0x8ceb74ee,3462,1,76,1},{0x8cec7586,3463,1,52,1},{0x8cf8824e,3464,1,66,1},{0x8cf9f7f3,3465,1,73,1},{0x8cfe7734,3466,1,79,1},{0x8d032d74,3467,1,50,1},{0x8d04e828,3468,1,106,1},{0x8d0a2e8e,3469,1,79,1},{0x8d1a1857,3470,1,75,1},{0x8d2d957c,3471,1,56,1},{0x8d3003f2,3472,1,50,1},{0x8d37d350,3473,1,139,1},{0x8d3a80f4,3474,1,59,1},{0x8d5b8a34,3475,1,102,1},{0x8d688491,3476,1,72,1},{0x8d6d5351,3477,1,49,1},{0x8d70e604,3478,1,71,1},{0x8d7455df,3479,1,46,1},{0x8d78134d,3480,1,53,1},{0x8d83fc83,3481,1,95,1},{0x8d8c35a7,3482,1,39,1},{0x8d9199ab,3483,1,98,1},{0x8daf2686,3484,1,42,1},{0x8dc02cb4,3485,1,50,1},{0x8dc7c8b8,3486,1,57,1},{0x8dde9a12,3487,1,64,1},{0x8de2b187,3488,1,35,1},{0x8de3fdd7,3489,1,112,1},{0x8de7c608,144,14,2034,2},{0x8de8bda3,3490,1,34,1},{0x8df6beed,3491,1,77,1},{0x8dfb4a55,3492,1,110,1},{0x8dfd3052,3493,1,61,1},{0x8dfe308d,3494,1,55,1},{0x8e03bac7,3495,1,80,1},{0x8e13aac0,3496,1,61,1},{0x8e1a273e,3497,1,52,1},{0x8e1a74fa,3498,1,59,1},{0x8e20cdb5,3499,1,137,1},{0x8e238769,3500,1,98,1},{0x8e4386da,3501,1,111,1},{0x8e464bfa,3502,1,44,1},{0x8e529d42,3503,1,36,1},{0x8e5cba85,3504,1,70,1},{0x8e5f2b50,3505,1,48,1},{0x8e5f6829,3506,1,54,1},{0x8e6131a2,3507,1,85,1},{0x8e6aa013,3508,1,142,1},{0x8e7568c3,3509,1,100,1},{0x8e7d12f1,3510,1,71,1},{0x8e818dcc,3511,1,77,1},{0x8ea0db5c,3512,1,85,1},{0x8ea37ae8,3513,1,120,1},{0x8ea70040,3514,1,73,1},{0x8ebdf4ab,3515,1,62,1},{0x8ed5d5d6,3516,1,56,1},{0x8ee0991c,3517,1,94,1},{0x8ee88d33,3518,1,74,1},{0x8ef3bd9b,3519,1,103,1},{0x8ef8e3d8,3520,1,61,1},{0x8efc538a,3521,1,107,1},{0x8efde7b3,3522,1,111,1},{0x8f0798bc,3523,1,82,1},{0x8f0bc2ab,3524,1,100,1},{0x8f0e2faa,3525,1,66,1},{0x8f124870,3526,1,136,1},{0x8f1b8ccd,3527,1,51,1},{0x8f1f83ac,3528,1,47,1},{0x8f2c615d,3529,1,121,1},{0x8f34f300,3530,1,55,1},{0x8f394dcc,3531,1,113,1},{0x8f3b9eac,3532,1,73,1},{0x8f548212,3533,1,103,1},{0x8f585615,3534,1,51,1},{0x8f7a328f,3535,1,44,1},{0x8f7eea1a,3536,1,58,1},{0x8f8cfbf1,3537,1,105,1},{0x8f925689,3538,1,65,1},{0x8f954835,3539,1,59,1},{0x8f9623af,3540,1,50,1},{0x8f96c9e2,3541,1,36,1},{0x8fa8348a,3542,1,58,1},{0x8fa8ae42,3543,1,48,1},{0x8fbb9e30,3544,1,69,1},{0x8fbfafa6,3545,1,52,1},{0x8fc29c3e,3546,1,61,1},{0x8fc4cb4f,3547,1,88,1},{0x8fcecd13,3548,1,96,1},{0x8fceff80,3549,1,83,1},{0x8fd42027,3550,1,65,1},{0x8fe25f7a,3551,1,174,1},{0x8fee5968,3552,1,40,1},{0x8fef816a,3553,1,83,1},{0x8ff2aa92,3554,1,54,1},{0x8ff549d6,3555,1,29,1},{0x900a93e0,3556,1,47,1},{0x900d7481,3557,1,113,1},{0x901493d0,3558,1,50,1},{0x904196ea,3559,1,91,1},{0x904ed614,3560,1,37,1},{0x90635380,3561,1,48,1},{0x9068fde8,3562,1,61,1},{0x906b6cde,3563,1,44,1},{0x90760e81,3564,1,110,1},{0x907c0ec6,3565,1,99,1},{0x90876dc1,3566,1,46,1},{0x908b3e56,3567,1,38,1},{0x909b749b,3568,1,70,1},{0x909dc533,3569,1,65,1},{0x909e2cd2,3570,1,47,1},{0x90aaea01,3571,1,64,1},{0x90ae0f23,3572,1,118,1},{0x90bd1d1a,3573,1,48,1},{0x90c6feae,3574,1,205,1},{0x90cc5b45,3575,1,69,1},{0x90e7cf1a,3576,1,68,1},{0x90f706a7,3577,1,67,1},{0x90f84e82,3578,1,61,1},{0x90facc4d,3579,1,106,1},{0x9102f7f7,3580,1,51,1},{0x910dbe95,3581,1,37,1},{0x9119fc2e,3582,1,32,1},{0x9124e5cd,3583,1,90,1},{0x91294a6c,3584,1,51,1},{0x9138269d,3585,1,44,1},{0x913a9513,3586,1,49,1},{0x91435c8e,3587,1,69,1},{0x91451215,3588,1,35,1},{0x91463da6,3589,1,58,1},{0x91491e57,3590,1,61,1},{0x91500665,3591,1,38,1},{0x9163370b,3592,1,67,1},{0x91661b55,3593,1,78,1},{0x9167ff48,3594,1,35,1},{0x91717c81,3595,1,40,1},{0x9189f018,3596,1,38,1},{0x91922d2a,3597,1,65,1},{0x919d2c18,3598,1,55,1},{0x919d5ac4,3599,1,115,1},{0x91a020dc,3600,1,87,1},{0x91a9aab3,3601,1,104,1},{0x91ac1e8f,3602,1,39,1},{0x91b6ad2b,3603,1,119,1},{0x91e4d236,3604,1,37,1},{0x91ecec3b,3605,1,47,1},{0x91ed42a8,3606,1,60,1},{0x91f34ec4,3607,1,42,1},{0x91f4b6d7,3608,1,74,1},{0x91f9797e,3609,1,49,1},{0x91f9cbdb,3610,1,44,1},{0x91fe0f18,3611,1,86,1},{0x91ff399e,3612,1,42,1},{0x920e4be8,3613,1,73,1},{0x92194552,3614,1,44,1},{0x921e3be1,3615,1,75,1},{0x921f9f90,3616,1,87,1},{0x92219cc3,3617,1,55,1},{0x92270c19,3618,1,75,1},{0x922cc217,3619,1,58,1},{0x924e17fb,3620,1,62,1},{0x9250dd1b,3621,1,44,1},{0x925cfedb,3622,1,69,1},{0x92615bde,3623,1,136,1},{0x926448ea,3624,1,41,1},{0x9278dd0b,3625,1,51,1},{0x928382b2,3626,1,107,1},{0x9287a412,3627,1,45,1},{0x92890a12,3628,1,66,1},{0x928d02c9,3629,1,33,1},{0x929aa0a9,3630,1,52,1},{0x92a1d962,3631,1,68,1},{0x92a3feb5,3632,1,46,1},{0x92bdfc02,3633,1,57,1},{0x92f31e54,3634,1,87,1},{0x9300d12d,3635,1,50,1},{0x93016597,3636,1,65,1},{0x930b82e4,3637,1,86,1},{0x931229dd,3638,1,63,1},{0x9317b920,3639,1,93,1},{0x93276433,3640,1,60,1},{0x93342b96,3641,1,55,1},{0x93344f80,3642,1,43,1},{0x934797b9,3643,1,172,1},{0x934c2f48,3644,1,66,1},{0x934c7e02,3645,1,100,1},{0x9353965d,3646,1,76,1},{0x935f1333,3647,1,67,1},{0x93897b3b,3648,1,41,1},{0x938fbdb4,3649,1,56,1},{0x9391db09,3650,1,60,1},{0x939d452f,3651,1,92,1},{0x93a15b03,3652,1,28,1},{0x93a3f778,3653,1,56,1},{0x93a7cd2f,3654,1,47,1},{0x93b2c5ab,3655,1,71,1},{0x93b33f63,3656,1,80,1},{0x93b950b6,3657,1,50,1},{0x93bb43f6,3658,1,76,1},{0x93c75272,3659,1,94,1},{0x93c87b64,3660,1,76,1},{0x93ce8235,3661,1,200,1},{0x93cf5c70,3662,1,58,1},{0x93d990a1,3663,1,72,1},{0x93deb148,3664,1,58,1},{0x93e984a4,3665,1,70,1},{0x93f005ac,3666,1,37,1},{0x93f8ea89,3667,1,30,1},{0x93fd9ea4,3668,1,71,1},{0x9400b38b,3669,1,74,1},{0x94196871,3670,1,59,1},{0x941cdcdb,3671,1,168,1},{0x941f24f1,3672,1,72,1},{0x942647bd,3673,1,49,1},{0x942c4653,3674,1,72,1},{0x942d9223,3675,1,64,1},{0x9435b051,3676,1,56,1},{0x943d2099,3677,1,78,1},{0x94422e99,3678,1,50,1},{0x944c9a0f,3679,1,66,1},{0x94596735,3680,1,66,1},{0x94637489,3681,1,62,1},{0x946482b4,3682,1,52,1},{0x946b7228,3683,1,61,1},{0x94869fe7,3684,1,116,1},{0x9495cf77,3685,1,79,1},{0x94965fa1,3686,1,45,1},{0x949a4061,3687,1,86,1},{0x949ba801,3688,1,104,1},{0x949fc550,3689,1,50,1},{0x94a605bc,3690,1,72,1},{0x94a85654,3691,1,54,1},{0x94a8bdf3,3692,1,65,1},{0x94b1bdcd,3693,1,81,1},{0x94b8a044,3694,1,38,1},{0x94d6ec66,3695,1,71,1},{0x94e49a07,3696,1,56,1},{0x94e75774,3697,1,145,1},{0x94ee226c,3698,1,74,1},{0x94f2603b,3699,1,65,1},{0x950197c8,3700,1,42,1},{0x950d5bd4,3701,1,63,1},{0x95136e8a,3702,1,84,1},{0x951767e5,3703,1,40,1},{0x953e8140,3704,1,52,1},{0x9540a9b8,3705,1,39,1},{0x95424774,3706,1,46,1},{0x95452634,3707,1,44,1},{0x95463d58,3708,1,103,1},{0x9553af78,3709,1,63,1},{0x955e0775,3710,1,100,1},{0x956dc82c,3711,1,109,1},{0x9570ac76,3712,1,109,1},{0x95748a19,3713,1,66,1},{0x95836a9e,3714,1,58,1},{0x95b7656e,3715,1,87,1},{0x95d300a7,3716,1,45,1},{0x95d897c0,3717,1,39,1},{0x95d8cadb,3718,1,58,1},{0x95ed7eb1,3719,1,58,1},{0x95f7d3c9,3720,1,51,1},{0x95fddfe5,3721,1,57,1},{0x96131472,3722,1,89,1},{0x961372c4,3723,1,144,1},{0x9618dd09,3724,1,155,1},{0x961da405,3725,1,67,1},{0x96225600,3726,1,56,1},{0x9628cd02,3727,1,72,1},{0x9633d9e9,3728,1,112,1},{0x96375338,3729,1,55,1},{0x964b2090,3730,1,82,1},{0x964e132a,3731,1,41,1},{0x9658a91c,3732,1,76,1},{0x965af054,3733,1,33,1},{0x965b6e3c,3734,1,56,1},{0x966aaf4b,3735,1,52,1},{0x96744d92,3736,1,84,1},{0x96748a6b,3737,1,51,1},{0x968ad8f2,3738,1,51,1},{0x96923533,3739,1,61,1},{0x969ed6c7,3740,1,35,1},{0x96a150ac,3741,1,51,1},{0x96adcb4e,3742,1,73,1},{0x96c186db,3743,1,73,1},{0x96eaf818,3744,1,43,1},{0x96f8155b,3745,1,67,1},{0x970a2dbd,3746,1,42,1},{0x970b6dcf,3747,1,58,1},{0x971cbafe,3748,1,50,1},{0x9722f562,3749,1,62,1},{0x9729184a,3750,1,74,1},{0x97333c25,3751,1,69,1},{0x9734b331,3752,1,58,1},{0x9749c058,3753,1,58,1},{0x9757e7df,3754,1,74,1},{0x975870b7,3755,1,58,1},{0x975a22ef,3756,1,47,1},{0x9764ec46,3757,1,62,1},{0x9772d4f7,3758,1,45,1},{0x978f54d1,3759,1,53,1},{0x97940c5c,3760,1,47,1},{0x97a4cbd7,3761,1,60,1},{0x97abec24,3762,1,61,1},{0x97b7ca80,3763,1,80,1},{0x97bd56cc,3764,1,55,1},{0x97d2f84d,3765,1,60,1},{0x97d30c85,3766,1,53,1},{0x97d5c9f6,3767,1,115,1},{0x97d69e1b,3768,1,71,1},{0x97d9ed91,3769,1,67,1},{0x97e421c2,3770,1,50,1},{0x97e94269,3771,1,87,1},{0x97f415c5,3772,1,120,1},{0x980e0347,3773,1,69,1},{0x9822e960,3774,1,207,1},{0x9829b612,3775,1,72,1},{0x983d2bb5,3776,1,41,1},{0x98404172,3777,1,58,1},{0x98460578,3778,1,69,1},{0x984cfc6a,3779,1,55,1},{0x9859da8e,3780,1,99,1},{0x9863f856,3781,1,86,1},{0x9869b603,3782,1,45,1},{0x987875c2,3783,1,58,1},{0x987df5a3,3784,1,63,1},{0x989633ce,3785,1,57,1},{0x989f2b5f,3786,1,91,1},{0x98acc47e,3787,1,89,1},{0x98b096dd,3788,1,72,1},{0x98b615cc,3789,1,41,1},{0x98bfb48d,3790,1,75,1},{0x98c33165,3791,1,138,1},{0x98d15b2c,3792,1,57,1},{0x98e17d87,3793,1,89,1},{0x98e389d1,3794,1,33,1},{0x98e75dd4,3795,1,56,1},{0x98ea9ae9,3796,1,72,1},{0x98fcf15c,3797,1,59,1},{0x9903b877,3798,1,51,1},{0x99049311,3799,1,156,1},{0x9904e4c7,3800,1,57,1},{0x990c28e9,3801,1,37,1},{0x9916d118,3802,1,40,1},{0x9929e805,3803,1,86,1},{0x99307402,3804,1,85,1},{0x994b57f0,3805,1,54,1},{0x994fb755,3806,1,81,1},{0x995a3457,3807,1,60,1},{0x9967c6d0,3808,1,87,1},{0x996efb7a,3809,1,76,1},{0x9986b48f,3810,1,59,1},{0x998b395f,3811,1,84,1},{0x998d06b4,3812,1,45,1},{0x99940942,3813,1,56,1},{0x9999cb54,3814,1,48,1},{0x99a4e6a3,3815,1,31,1},{0x99aa1df5,3816,1,69,1},{0x99abe90a,3817,1,39,1},{0x99c26d50,3818,1,81,1},{0x99c39b41,3819,1,71,1},{0x99c45b9a,3820,1,62,1},{0x99fbb591,3821,1,95,1},{0x9a0264ea,3822,1,52,1},{0x9a03b13a,3823,1,84,1},{0x9a087106,3824,1,47,1},{0x9a127f6d,3825,1,66,1},{0x9a1afdb8,3826,1,93,1},{0x9a236e2a,3827,1,142,1},{0x9a3e6b0a,3828,1,73,1},{0x9a48ad4c,3829,1,86,1},{0x9a493e66,3830,1,89,1},{0x9a633a3d,3831,1,53,1},{0x9a65ff5d,3832,1,49,1},{0x9a78c3cd,3833,1,104,1},{0x9a829480,3834,1,140,1},{0x9a910b8a,3835,1,150,1},{0x9a9cc654,3836,1,95,1},{0x9aa1412f,3837,1,44,1},{0x9aa921a6,3838,1,97,1},{0x9aac20e6,3839,1,66,1},{0x9abe2db0,3840,1,136,1},{0x9ac32e4b,3841,1,127,1},{0x9acab62b,3842,1,73,1},{0x9adb6081,3843,1,41,1},{0x9af1cebc,3844,1,54,1},{0x9af24d60,3845,1,38,1},{0x9b084096,3846,1,65,1},{0x9b147e57,3847,1,66,1},{0x9b18973b,3848,1,64,1},{0x9b2c7e5d,3849,1,64,1},{0x9b2d8683,3850,1,57,1},{0x9b33a96b,3851,1,46,1},{0x9b35778f,3852,1,49,1},{0x9b3a6588,3853,1,111,1},{0x9b3f4452,3854,1,59,1},{0x9b41fcac,3855,1,62,1},{0x9b545179,3856,1,63,1},{0x9b59bbb2,3857,1,159,1},{0x9b5dd468,3858,1,51,1},{0x9b686892,3859,1,54,1},{0x9b6f1a7e,3860,1,38,1},{0x9b7a030c,3861,1,61,1},{0x9b836442,3862,1,46,1},{0x9b84bc4b,3863,1,93,1},{0x9b937ba9,3864,1,59,1},{0x9b9e9d7d,3865,1,72,1},{0x9ba4dff6,3866,1,77,1},{0x9bb099c6,3867,1,61,1},{0x9bb67d45,3868,1,53,1},{0x9bb727c8,3869,1,111,1},{0x9bc7e7ed,3870,1,52,1},{0x9bc9416a,3871,1,107,1},{0x9bdce1f5,3872,1,61,1},{0x9bdd9da6,3873,1,72,1},{0x9be24fa1,3874,1,78,1},{0x9be47eb2,3875,1,55,1},{0x9be6c91e,3876,1,43,1},{0x9bed6645,3877,1,74,1},{0x9beeb2e3,3878,1,33,1},{0x9bf7def1,3879,1,48,1},{0x9bfea6e6,3880,1,80,1},{0x9c0e0ccb,3881,1,37,1},{0x9c0e5c6f,3882,1,69,1},{0x9c16c1eb,3883,1,175,1},{0x9c1c9fd4,3884,1,38,1},{0x9c2166b1,3885,1,67,1},{0x9c250fd0,3886,1,106,1},{0x9c344733,3887,1,107,1},{0x9c3bac3c,3888,1,55,1},{0x9c4ad293,3889,1,51,1},{0x9c56a5ac,3890,1,128,1},{0x9c658911,3891,1,60,1},{0x9c68be2d,3892,1,128,1},{0x9c79df9f,3893,1,73,1},{0x9ca0f700,3894,1,44,1},{0x9cbb27fe,3895,1,67,1},{0x9cca275e,3896,1,77,1},{0x9ccfd448,3897,1,47,1},{0x9cee1af2,3898,1,100,1},{0x9cfe6da1,3899,1,47,1},{0x9d07827d,3900,1,47,1},{0x9d0f2432,3901,1,73,1},{0x9d16ba0a,3902,1,48,1},{0x9d24aa7e,3903,1,107,1},{0x9d278b4c,3904,1,43,1},{0x9d2b8b28,3905,1,50,1},{0x9d5a4876,3906,1,34,1},{0x9d68b218,3907,1,47,1},{0x9d82af24,3908,1,60,1},{0x9d85ceb8,3909,1,116,1},{0x9d8ddb13,3910,1,42,1},{0x9d95b238,3911,1,147,1},{0x9da998a0,3912,1,123,1},{0x9dcf86a6,3913,1,73,1},{0x9dd27504,3914,1,65,1},{0x9e0cf60b,3915,1,46,1},{0x9e130227,3916,1,44,1},{0x9e24861e,3917,1,51,1},{0x9e2dff4b,3918,1,168,1},{0x9e32c647,3919,1,52,1},{0x9e3e2ad8,3920,1,48,1},{0x9e41cb09,3921,1,53,1},{0x9e44b8f2,3922,1,87,1},{0x9e4c757a,3923,1,47,1},{0x9e567d2b,3924,1,56,1},{0x9e5f0009,3925,1,62,1},{0x9e63356c,3926,1,41,1},{0x9e65f03e,3927,1,46,1},{0x9e70907e,3928,1,45,1},{0x9e70d310,3929,1,79,1},{0x9e7d6523,3930,1,84,1},{0x9e896fd4,3931,1,134,1},{0x9e8b7626,3932,1,56,1},{0x9e8b9756,3933,1,71,1},{0x9eacb62c,3934,1,50,1},{0x9ec6a60a,3935,1,104,1},{0x9ecc5680,3936,1,127,1},{0x9ed0ff31,3937,1,61,1},{0x9ef1f2c6,3938,1,75,1},{0x9ef2ee2f,3939,1,42,1},{0x9efd07b7,3940,1,55,1},{0x9f0b1035,3941,1,88,1},{0x9f0d379d,3942,1,38,1},{0x9f0e723c,3943,1,42,1},{0x9f12d1b7,3944,1,78,1},{0x9f347faa,3945,1,163,1},{0x9f3817a4,3946,1,79,1},{0x9f3e3a8c,3947,1,49,1},{0x9f4008b0,3948,1,37,1},{0x9f471796,3949,1,72,1},{0x9f49d573,3950,1,70,1},{0x9f4d0055,3951,1,113,1},{0x9f4d90ad,3952,1,44,1},{0x9f5402e3,3953,1,62,1},{0x9f579e83,3954,1,166,1},{0x9f5b892b,3955,1,45,1},{0x9f633a73,3956,1,33,1},{0x9f6be2ab,3957,1,51,1},{0x9f6ed69d,3958,1,112,1},{0x9f78d6e1,3959,1,101,1},{0x9f7ec696,3960,1,93,1},{0x9f7fa70f,3961,1,67,1},{0x9fa47713,3962,1,45,1},{0x9fa92e9e,3963,1,55,1},{0x9fa963bc,3964,1,49,1},{0x9fbace91,3965,1,63,1},{0x9fbf7e01,3966,1,43,1},{0x9fc10e66,3967,1,43,1},{0x9fcb0d08,3968,1,74,1},{0x9fd2790e,3969,1,43,1},{0x9fdaf759,3970,1,87,1},{0x9fe82ec7,3971,1,35,1},{0x9fef0fd3,3972,1,60,1},{0x9ff15a3f,3973,1,68,1},{0x9ff94404,3974,1,48,1},{0xa000860f,3975,1,45,1},{0xa00561dc,3976,1,78,1},{0xa008ac15,3977,1,93,1},{0xa0093807,3978,1,145,1},{0xa022655d,3979,1,54,1},{0xa02730f5,3980,1,54,1},{0xa0396e12,3981,1,63,1},{0xa059c09c,3982,1,43,1},{0xa05fbd4e,3983,1,46,1},{0xa06bf492,3984,1,57,1},{0xa08327ec,3985,1,141,1},{0xa084ebab,3986,1,66,1},{0xa0876fed,3987,1,43,1},{0xa09b6918,3988,1,80,1},{0xa0a23033,3989,1,43,1},{0xa0a863c0,3990,1,35,1},{0xa0c5b91f,3991,1,65,1},{0xa0c6662e,3992,1,30,1},{0xa0eb85ea,3993,1,71,1},{0xa0f2b930,3994,1,93,1},{0xa0fde720,3995,1,46,1},{0xa100faf1,3996,1,74,1},{0xa1145ad6,3997,1,42,1},{0xa11bceab,3998,1,102,1},{0xa1214b2b,3999,1,49,1},{0xa1225e01,4000,1,55,1},{0xa1331434,4001,1,58,1},{0xa13eff0c,4002,1,73,1},{0xa16106e1,4003,1,61,1},{0xa18ba078,4004,1,46,1},{0xa1a21222,4005,1,75,1},{0xa1a4bbc7,4006,1,81,1},{0xa1b5b4cd,4007,1,75,1},{0xa1b97574,4008,1,63,1},{0xa1bca441,4009,1,59,1},{0xa1c3ff3e,4010,1,107,1},{0xa1c4d851,4011,1,68,1},{0xa1c77d58,4012,1,67,1},{0xa1c7e93c,4013,1,54,1},{0xa1d3ef37,4014,1,97,1},{0xa1d77384,4015,1,117,1},{0xa1ec03a8,4016,1,111,1},{0xa1eedabe,4017,1,48,1},{0xa1f3356b,4018,1,71,1},{0xa21960be,4019,1,60,1},{0xa21c5fcc,4020,1,41,1},{0xa21d9348,4021,1,56,1},{0xa21f9740,4022,1,61,1},{0xa22ceb90,4023,1,89,1},{0xa238906c,4024,1,135,1},{0xa23fb8eb,4025,1,68,1},{0xa24a42b5,4026,1,53,1},{0xa24c1fe4,4027,1,80,1},{0xa24dee0d,4028,1,84,1},{0xa255241a,4029,1,78,1},{0xa257069b,4030,1,89,1},{0xa25e60a8,4031,1,149,1},{0xa262227d,4032,1,43,1},{0xa27fd4ae,4033,1,81,1},{0xa28c62cf,4034,1,40,1},{0xa29b65fe,4035,1,68,1},{0xa2e7d155,4036,1,277,1},{0xa2f31e1f,4037,1,56,1},{0xa2fc83e7,4038,1,59,1},{0xa31d62d8,4039,1,50,1},{0xa329e120,4040,1,50,1},{0xa347236e,4041,1,96,1},{0xa348cbad,4042,1,48,1},{0xa3546694,4043,1,49,1},{0xa372f6aa,4044,1,67,1},{0xa37967be,4045,1,36,1},{0xa3a3f23c,4046,1,79,1},{0xa3abce1c,4047,1,85,1},{0xa3b3bfbf,4048,1,55,1},{0xa3be4f49,4049,1,41,1},{0xa3cb9f87,4050,1,35,1},{0xa3dd0a2f,4051,1,55,1},{0xa3e7be71,4052,1,91,1},{0xa3f40e43,4053,1,71,1},{0xa3fbeb60,4054,1,40,1},{0xa403d525,4055,1,50,1},{0xa40d0133,4056,1,56,1},{0xa413c928,4057,1,95,1},{0xa41676cc,4058,1,77,1},{0xa41fa244,4059,1,50,1},{0xa427e328,4060,1,60,1},{0xa4496975,4061,1,121,1},{0xa46cafcd,4062,1,94,1},{0xa475a3a8,4063,1,72,1},{0xa4815124,4064,1,65,1},{0xa4851d74,4065,1,81,1},{0xa4977dab,4066,1,40,1},{0xa49adca6,4067,1,51,1},{0xa49f6b56,4068,1,78,1},{0xa4a5fa39,4069,1,63,1},{0xa4a93298,4070,1,71,1},{0xa4b4dd35,4071,1,77,1},{0xa4b78733,4072,1,60,1},{0xa4bc7359,4073,1,114,1},{0xa4c3a35a,4074,1,97,1},{0xa4cee6b6,4075,1,50,1},{0xa4d04a40,4076,1,78,1},{0xa4e9cf4e,4077,1,137,1},{0xa509b0d4,4078,1,141,1},{0xa51251c0,4079,1,70,1},{0xa51adb92,4080,1,48,1},{0xa51ca4bf,4081,1,74,1},{0xa5244674,4082,1,79,1},{0xa524d310,4083,1,128,1},{0xa52cf413,4084,1,51,1},{0xa5314132,4085,1,53,1},{0xa531c904,4086,1,67,1},{0xa539ccc0,4087,1,73,1},{0xa53b9285,4088,1,48,1},{0xa53fae3e,4089,1,34,1},{0xa541ac69,4090,1,46,1},{0xa546a1d9,4091,1,71,1},{0xa547872e,4092,1,46,1},{0xa551ac88,4093,1,57,1},{0xa5590a9f,4094,1,75,1},{0xa560f7d1,4095,1,85,1},{0xa56aee3c,4096,1,56,1},{0xa57485b0,4097,1,63,1},{0xa58688b7,4098,1,53,1},{0xa58a0ede,4099,1,67,1},{0xa5975e4d,4100,1,39,1},{0xa59af0fa,4101,1,178,1},{0xa5aca343,4102,1,55,1},{0xa5acba17,4103,1,94,1},{0xa5b757cb,4104,1,40,1},{0xa5c4830b,4105,1,34,1},{0xa5c97624,4106,1,76,1},{0xa5cb9c6d,4107,1,41,1},{0xa5e72b89,4108,1,56,1},{0xa5efc68c,4109,1,125,1},{0xa5f96bdf,4110,1,81,1},{0xa60b6177,4111,1,90,1},{0xa622184d,4112,1,60,1},{0xa6282469,4113,1,57,1},{0xa6357743,4114,1,90,1},{0xa63ab11b,4115,1,103,1},{0xa643218d,4116,1,201,1},{0xa647e889,4117,1,63,1},{0xa654d3d6,4118,1,46,1},{0xa658faee,4119,1,64,1},{0xa65eccf1,4120,1,55,1},{0xa66197bc,4121,1,111,1},{0xa66229d4,4122,1,54,1},{0xa66b9f6d,4123,1,61,1},{0xa66cb39e,4124,1,30,1},{0xa67545a2,4125,1,62,1},{0xa68250c6,4126,1,65,1},{0xa68d81fe,4127,1,46,1},{0xa698604f,4128,1,122,1},{0xa69e9216,4129,1,111,1},{0xa6ae04eb,4130,1,102,1},{0xa6ae42b2,4131,1,67,1},{0xa6afcc40,4132,1,44,1},{0xa6b10798,4133,1,75,1},{0xa6b1d1fd,4134,1,68,1},{0xa6c0f492,4135,1,59,1},{0xa6cbd449,4136,1,54,1},{0xa6e2e1ae,4137,1,101,1},{0xa6ee7aa2,4138,1,122,1},{0xa6f02715,4139,1,56,1},{0xa6fe04d8,4140,1,141,1},{0xa7071508,4141,1,48,1},{0xa711821f,4142,1,69,1},{0xa72259df,4143,1,42,1},{0xa72c2542,4144,1,67,1},{0xa7384a9e,4145,1,73,1},{0xa751b48f,4146,1,58,1},{0xa7535cce,4147,1,53,1},{0xa753b74e,4148,1,147,1},{0xa754dbce,158,1,1635,2},{0xa754dbcf,159,13,1336,2},{0xa75a6182,4149,1,38,1},{0xa75ef7b5,4150,1,46,1},{0xa76207ad,4151,1,81,1},{0xa762b2ef,4152,1,46,1},{0xa7796f15,4153,1,80,1},{0xa781e59c,4154,1,63,1},{0xa7832cc4,4155,1,67,1},{0xa783f8df,4156,1,91,1},{0xa7a80f86,4157,1,75,1},{0xa7b1995a,4158,1,92,1},{0xa7b32f0c,4159,1,60,1},{0xa7b750c6,4160,1,153,1},{0xa7be50e0,4161,1,61,1},{0xa7d630a8,4162,1,33,1},{0xa7e79b50,4163,1,61,1},{0xa7f0b07f,4164,1,62,1},{0xa7f174b0,4165,1,74,1},{0xa7fd5109,4166,1,60,1},{0xa801cbe4,4167,1,57,1},{0xa803706a,4168,1,51,1},{0xa8043215,4169,1,69,1},{0xa8179254,4170,1,52,1},{0xa819abac,4171,1,31,1},{0xa81e5a49,4172,1,106,1},{0xa81e89ae,4173,1,123,1},{0xa82107ed,4174,1,116,1},{0xa82e58f3,4175,1,64,1},{0xa853fa96,4176,1,69,1},{0xa85b5f9f,4177,1,56,1},{0xa8637b40,4178,1,54,1},{0xa8723ecb,4179,1,51,1},{0xa873303b,4180,1,86,1},{0xa873a631,4181,1,64,1},{0xa8978d30,4182,1,37,1},{0xa89f71ff,4183,1,89,1},{0xa89f72ad,4184,1,70,1},{0xa8a40af9,4185,1,51,1},{0xa8b08b5a,4186,1,66,1},{0xa8b18a80,4187,1,77,1},{0xa8b1dc20,4188,1,76,1},{0xa8c1d49c,4189,1,50,1},{0xa8c1dc3f,4190,1,40,1},{0xa8d263f8,4191,1,58,1},{0xa8df5415,4192,1,101,1},{0xa8f95d1c,4193,1,65,1},{0xa90bc788,4194,1,95,1},{0xa914d7a2,4195,1,110,1},{0xa9176d9a,4196,1,61,1},{0xa92b2405,4197,1,53,1},{0xa92ed795,4198,1,99,1},{0xa9357c8f,4199,1,66,1},{0xa93bd253,4200,1,60,1},{0xa9499803,4201,1,99,1},{0xa94d4dc4,4202,1,52,1},{0xa9625e96,4203,1,123,1},{0xa973fc9d,4204,1,45,1},{0xa9951f50,4205,1,64,1},{0xa99aadfd,4206,1,62,1},{0xa9a6dd30,4207,1,63,1},{0xa9b73464,4208,1,46,1},{0xa9b81a2d,4209,1,77,1},{0xa9bd0f20,4210,1,56,1},{0xa9cf142c,4211,1,74,1},{0xa9d6918b,4212,1,166,1},{0xa9d92180,4213,1,99,1},{0xa9e8ed46,4214,1,56,1},{0xa9f5fccf,4215,1,46,1},{0xaa01ddbb,4216,1,35,1},{0xaa0607de,4217,1,39,1},{0xaa08b50a,4218,1,94,1},{0xaa2ca96e,4219,1,40,1},{0xaa319ef5,4220,1,53,1},{0xaa32b58a,4221,1,48,1},{0xaa38efee,4222,1,70,1},{0xaa3cc3f1,4223,1,86,1},{0xaa464b46,4224,1,45,1},{0xaa57774c,4225,1,57,1},{0xaa5f64f7,4226,1,41,1},{0xaa6c28dd,4227,1,98,1},{0xaa7382ea,4228,1,111,1},{0xaa7744bf,4229,1,70,1},{0xaa8030d8,4230,1,66,1},{0xaa86438e,4231,1,116,1},{0xaa8a67e8,4232,1,52,1},{0xaaa5397d,4233,1,42,1},{0xaaab2989,4234,1,49,1},{0xaaba5d61,4235,1,82,1},{0xaac42a42,4236,1,67,1},{0xaacc698f,4237,1,57,1},{0xaad74885,4238,1,153,1},{0xaae3657b,4239,1,75,1},{0xaae4c597,4240,1,54,1},{0xaae9fff0,4241,1,44,1},{0xaaee2288,4242,1,49,1},{0xaaf2de50,4243,1,69,1},{0xaaffa7df,4244,1,57,1},{0xab0be6e4,4245,1,111,1},{0xab32851a,4246,1,52,1},{0xab474162,4247,1,150,1},{0xab4d7ff0,4248,1,84,1},{0xab636dee,4249,1,103,1},{0xab6988d6,4250,1,73,1},{0xab6cb3b8,4251,1,89,1},{0xab73b646,4252,1,59,1},{0xab7f3fac,4253,1,73,1},{0xab84b9a7,4254,1,58,1},{0xab8818ec,4255,1,70,1},{0xab8ab732,4256,1,126,1},{0xab8b960e,4257,1,42,1},{0xab8dbde5,4258,1,154,1},{0xab8e8a00,4259,1,127,1},{0xab90faf4,4260,1,64,1},{0xaba6e34e,4261,1,55,1},{0xabb80a4b,4262,1,63,1},{0xabb8fbcf,4263,1,55,1},{0xabb9d6bf,4264,1,49,1},{0xabc3ce47,4265,1,68,1},{0xabc8e201,4266,1,59,1},{0xabcdc558,4267,1,126,1},{0xabde0a64,4268,1,45,1},{0xabe0c1c9,4269,1,43,1},{0xabf52fee,4270,1,116,1},{0xac0b0188,4271,1,48,1},{0xac0ec336,4272,1,57,1},{0xac15cb5e,4273,1,120,1},{0xac18f767,4274,1,49,1},{0xac198afd,4275,1,174,1},{0xac275880,4276,1,91,1},{0xac28eb6a,4277,1,94,1},{0xac2b990e,4278,1,46,1},{0xac4476d3,4279,1,53,1},{0xac4b2570,4280,1,52,1},{0xac4cf8d3,4281,1,45,1},{0xac5b5b25,4282,1,40,1},{0xac5e8bb7,4283,1,69,1},{0xac607bff,4284,1,96,1},{0xac79ba4f,4285,1,37,1},{0xac7e42d3,4286,1,35,1},{0xac90de06,4287,1,86,1},{0xacb2f5cf,4288,1,80,1},{0xacb48d98,4289,1,60,1},{0xacc0c310,4290,1,80,1},{0xacc1e396,4291,1,53,1},{0xaccbfc24,4292,1,59,1},{0xacd36995,4293,1,48,1},{0xacdcf519,4294,1,50,1},{0xacdd3a39,4295,1,53,1},{0xacf01ca1,4296,1,34,1},{0xad20ae54,4297,1,54,1},{0xad21106b,4298,1,86,1},{0xad31c701,4299,1,49,1},{0xad3968b6,4300,1,155,1},{0xad4095d6,4301,1,68,1},{0xad435caa,4302,1,51,1},{0xad466374,4303,1,85,1},{0xad4eef02,4304,1,75,1},{0xad5911fe,4305,1,88,1},{0xad5b14a2,4306,1,52,1},{0xad6311c2,4307,1,36,1},{0xad742cb7,4308,1,61,1},{0xad80107e,4309,1,47,1},{0xadc7a041,4310,1,59,1},{0xadd928d7,4311,1,70,1},{0xadd9a54d,4312,1,63,1},{0xade613a1,4313,1,133,1},{0xae008df0,4314,1,45,1},{0xae027471,4315,1,99,1},{0xae07c948,4316,1,72,1},{0xae081b69,4317,1,103,1},{0xae0e8e21,4318,1,60,1},{0xae0fd382,4319,1,55,1},{0xae12e8ce,4320,1,120,1},{0xae3dd928,4321,1,80,1},{0xae5bc69e,4322,1,85,1},{0xae5f6c4e,4323,1,68,1},{0xae64c8d5,4324,1,72,1},{0xae69f618,4325,1,59,1},{0xae6a4c05,4326,1,89,1},{0xae6e3321,4327,1,43,1},{0xae76b9fe,4328,1,59,1},{0xae77b9cb,4329,1,56,1},{0xae7f1f4e,4330,1,60,1},{0xae80c1af,4331,1,49,1},{0xae81d5e0,4332,1,56,1},{0xaea04e11,4333,1,37,1},{0xaeb3b458,4334,1,55,1},{0xaeb6ad46,4335,1,58,1},{0xaebb1961,4336,1,83,1},{0xaed2e9fd,4337,1,86,1},{0xaee0f68b,4338,1,46,1},{0xaeede1a7,4339,1,94,1},{0xaefd6f71,4340,1,49,1},{0xaf15e0dc,4341,1,81,1},{0xaf1d3aef,4342,1,125,1},{0xaf377c21,4343,1,57,1},{0xaf3d163b,4344,1,85,1},{0xaf42a6e5,4345,1,101,1},{0xaf51a6c8,4346,1,75,1},{0xaf581111,4347,1,81,1},{0xaf66d6d1,4348,1,52,1},{0xaf69668a,4349,1,60,1},{0xaf7419f7,4350,1,65,1},{0xaf84c5fb,4351,1,49,1},{0xaf88fe31,4352,1,75,1},{0xaf8b494c,4353,1,208,1},{0xaf929859,4354,1,81,1},{0xaf92aa0d,4355,1,72,1},{0xaf991b21,4356,1,84,1},{0xafbf7fa9,4357,1,78,1},{0xafc1120f,4358,1,102,1},{0xafc21858,4359,1,97,1},{0xafc25359,4360,1,144,1},{0xafd37322,4361,1,48,1},{0xafe0c94d,4362,1,87,1},{0xaff4fd07,4363,1,79,1},{0xb00d6790,4364,1,183,1},{0xb01229d7,4365,1,64,1},{0xb0195457,4366,1,85,1},{0xb01b6b05,4367,1,82,1},{0xb029acfc,4368,1,159,1},{0xb02ecdee,4369,1,65,1},{0xb0335489,4370,1,55,1},{0xb0337c8b,4371,1,78,1},{0xb0362a2f,4372,1,66,1},{0xb03f55a7,4373,1,67,1},{0xb08c744d,4374,1,52,1},{0xb0948d56,4375,1,38,1},{0xb09feb0e,4376,1,61,1},{0xb0ac0d94,4377,1,51,1},{0xb0c5ad9c,4378,1,42,1},{0xb0d68d45,4379,1,62,1},{0xb0e486ff,4380,1,74,1},{0xb0f75464,4381,1,137,1},{0xb0f82b53,4382,1,101,1},{0xb0faadc2,4383,1,43,1},{0xb118ee88,4384,1,63,1},{0xb12203f2,4385,1,49,1},{0xb12c2599,4386,1,45,1},{0xb13c5822,4387,1,35,1},{0xb13f2a09,172,6,1305,2},{0xb13f2a0a,178,1,551,2},{0xb143f9d7,4388,1,147,1},{0xb14c8bf6,4389,1,100,1},{0xb150f495,4390,1,81,1},{0xb15edcb9,4391,1,70,1},{0xb1627006,4392,1,43,1},{0xb16df267,4393,1,210,1},{0xb1707f89,4394,1,69,1},{0xb17c4953,4395,1,80,1},{0xb17ebdd8,4396,1,109,1},{0xb18991e4,4397,1,62,1},{0xb192c0f7,4398,1,57,1},{0xb1a2de55,4399,1,85,1},{0xb1a5c186,4400,1,54,1},{0xb1bb0d59,4401,1,35,1},{0xb1c551b3,4402,1,45,1},{0xb1ce961b,4403,1,121,1},{0xb1ceb198,4404,1,47,1},{0xb1e4366e,4405,1,50,1},{0xb1ed4eda,4406,1,58,1},{0xb1ee43c2,4407,1,87,1},{0xb1fccc34,4408,1,114,1},{0xb207e4d0,4409,1,88,1},{0xb20b1f11,4410,1,38,1},{0xb20bbfc0,4411,1,128,1},{0xb2101773,4412,1,93,1},{0xb213cc04,4413,1,63,1},{0xb215f891,4414,1,68,1},{0xb2191f42,4415,1,45,1},{0xb23c958d,4416,1,38,1},{0xb254d7ad,4417,1,54,1},{0xb2574ea0,4418,1,149,1},{0xb2748739,4419,1,76,1},{0xb274dd26,4420,1,39,1},{0xb2814b1f,4421,1,93,1},{0xb281dd37,4422,1,46,1},{0xb284d129,4423,1,61,1},{0xb288a52c,4424,1,61,1},{0xb28c6701,4425,1,42,1},{0xb2aadf32,4426,1,47,1},{0xb2bc9656,4427,1,56,1},{0xb2bd6bbd,4428,1,68,1},{0xb2c2bef6,4429,1,44,1},{0xb2d57238,4430,1,43,1},{0xb2eb87ac,4431,1,52,1},{0xb3080092,4432,1,71,1},{0xb308873c,4433,1,89,1},{0xb3150239,4434,1,59,1},{0xb31d91fc,4435,1,55,1},{0xb326c86b,4436,1,77,1},{0xb32979f0,4437,1,111,1},{0xb3313582,4438,1,50,1},{0xb33cbefc,4439,1,43,1},{0xb349692e,4440,1,61,1},{0xb362a232,4441,1,53,1},{0xb366c1b3,4442,1,89,1},{0xb37167f2,4443,1,143,1},{0xb37eab18,4444,1,51,1},{0xb3842aef,4445,1,152,1},{0xb3992278,4446,1,122,1},{0xb39a6450,4447,1,47,1},{0xb39d3b2e,4448,1,57,1},{0xb3a61d36,4449,1,81,1},{0xb3bf3949,4450,1,89,1},{0xb3c7c2e9,4451,1,76,1},{0xb3ca10ca,4452,1,41,1},{0xb3d2e26f,4453,1,65,1},{0xb3e2fd90,4454,1,48,1},{0xb406eaa2,4455,1,112,1},{0xb4112813,4456,1,40,1},{0xb4148949,4457,1,40,1},{0xb42c7e15,4458,1,102,1},{0xb42ea075,4459,1,66,1},{0xb433a5dc,4460,1,115,1},{0xb43745b7,4461,1,66,1},{0xb43e0dac,4462,1,76,1},{0xb440bb50,4463,1,41,1},{0xb449e6c8,4464,1,47,1},{0xb44d1549,4465,1,64,1},{0xb46047b2,4466,1,46,1},{0xb4614455,4467,1,63,1},{0xb469a4ee,4468,1,71,1},{0xb46a61ea,4469,1,54,1},{0xb478741e,4470,1,44,1},{0xb47b1302,4471,1,69,1},{0xb48406d1,4472,1,80,1},{0xb492e39e,4473,1,83,1},{0xb4af6751,4474,1,70,1},{0xb4bf2610,4475,1,61,1},{0xb4c5fbe4,4476,1,131,1},{0xb4c9afda,4477,1,83,1},{0xb4d9f9ca,4478,1,76,1},{0xb4e11e66,4479,1,44,1},{0xb4f2175b,4480,1,49,1},{0xb4ffb5c8,4481,1,33,1},{0xb500ae70,4482,1,84,1},{0xb50535fc,4483,1,38,1},{0xb50630c3,4484,1,43,1},{0xb50d6ffe,4485,1,81,1},{0xb5131cc3,4486,1,97,1},{0xb5184944,4487,1,38,1},{0xb5237fa9,4488,1,51,1},{0xb53ff009,4489,1,58,1},{0xb54e8af8,4490,1,97,1},{0xb5603d41,4491,1,43,1},{0xb5641144,4492,1,54,1},{0xb5645992,4493,1,126,1},{0xb56bf0ed,4494,1,61,1},{0xb56d0127,4495,1,81,1},{0xb56f0415,4496,1,50,1},{0xb573dfec,4497,1,69,1},{0xb5781d09,4498,1,40,1},{0xb57acf60,4499,1,57,1},{0xb57bf10c,4500,1,59,1},{0xb58211f9,4501,1,81,1},{0xb58aa763,4502,1,59,1},{0xb5a95fc3,4503,1,87,1},{0xb5b052a7,4504,1,95,1},{0xb5b1608a,4505,1,72,1},{0xb5c2a9cc,4506,1,61,1},{0xb5d29252,4507,1,54,1},{0xb5d4d13d,4508,1,219,1},{0xb5de9535,4509,1,93,1},{0xb5e8209c,4510,1,49,1},{0xb5eec78f,4511,1,58,1},{0xb615b032,4512,1,53,1},{0xb61bd6c5,4513,1,47,1},{0xb61f396b,4514,1,36,1},{0xb623b063,4515,1,53,1},{0xb625e78c,4516,1,48,1},{0xb6261a79,4517,1,95,1},{0xb630721b,4518,1,129,1},{0xb640c363,4519,1,70,1},{0xb641f8a5,4520,1,39,1},{0xb64726ae,4521,1,43,1},{0xb649bafd,4522,1,89,1},{0xb65f1a47,4523,1,52,1},{0xb67f185a,4524,1,56,1},{0xb67f6e47,4525,1,45,1},{0xb6872fda,4526,1,44,1},{0xb68819a8,4527,1,137,1},{0xb68f624a,4528,1,98,1},{0xb695e3f1,4529,1,38,1},{0xb696f822,4530,1,36,1},{0xb69f442c,4531,1,68,1},{0xb6b37417,4532,1,77,1},{0xb6b52f98,4533,1,62,1},{0xb6bedf23,4534,1,51,1},{0xb6cd5017,4535,1,55,1},{0xb6ce0006,4536,1,84,1},{0xb6d643da,4537,1,44,1},{0xb6eabace,4538,1,42,1},{0xb6f618cd,4539,1,82,1},{0xb6f70ff9,4540,1,57,1},{0xb6f7c2c8,4541,1,69,1},{0xb7048ff2,4542,1,73,1},{0xb7099270,4543,1,111,1},{0xb71291b3,4544,1,73,1},{0xb71d0191,4545,1,78,1},{0xb72472af,4546,1,33,1},{0xb72e4ef3,4547,1,47,1},{0xb731598c,4548,1,100,1},{0xb735f45e,4549,1,66,1},{0xb74c9e63,4550,1,54,1},{0xb75ed8ac,4551,1,167,1},{0xb7651fe7,4552,1,66,1},{0xb77152d4,4553,1,60,1},{0xb7736af1,4554,1,99,1},{0xb77bf913,4555,1,38,1},{0xb7893c39,4556,1,42,1},{0xb7973bb8,4557,1,112,1},{0xb7a7cc4f,4558,1,40,1},{0xb7b565e2,4559,1,54,1},{0xb7d4a1eb,4560,1,53,1},{0xb7d6fcf0,4561,1,42,1},{0xb7ddcd63,4562,1,67,1},{0xb7de888f,4563,1,36,1},{0xb8046e25,4564,1,51,1},{0xb80b707b,4565,1,58,1},{0xb80f0ca8,4566,1,70,1},{0xb818a07e,4567,1,69,1},{0xb8289607,4568,1,69,1},{0xb83f4bb6,4569,1,67,1},{0xb841515d,4570,1,112,1},{0xb841d6d8,4571,1,86,1},{0xb843f030,4572,1,42,1},{0xb84b4c71,4573,1,56,1},{0xb85477e9,4574,1,78,1},{0xb855a8ca,4575,1,38,1},{0xb85a6fc8,4576,1,60,1},{0xb86ad8d3,4577,1,53,1},{0xb86cd2e8,4578,1,49,1},{0xb87b75d8,4579,1,137,1},{0xb893937b,4580,1,67,1},{0xb8b9f872,4581,1,54,1},{0xb8c13139,4582,1,59,1},{0xb8d79bb5,4583,1,75,1},{0xb8dacfde,4584,1,72,1},{0xb8e196f9,4585,1,53,1},{0xb8ef6c51,4586,1,42,1},{0xb8fca87c,4587,1,53,1},{0xb904ea32,4588,1,59,1},{0xb90fd004,4589,1,56,1},{0xb9166f9b,4590,1,82,1},{0xb931244d,4591,1,98,1},{0xb9399b4c,4592,1,66,1},{0xb93d1a47,4593,1,63,1},{0xb94a812a,4594,1,55,1},{0xb9560da7,4595,1,90,1},{0xb9591c19,4596,1,126,1},{0xb95e4d59,4597,1,55,1},{0xb96616d7,4598,1,53,1},{0xb96ace62,4599,1,49,1},{0xb96ba431,4600,1,98,1},{0xb9779248,4601,1,101,1},{0xb9799b50,4602,1,45,1},{0xb982ae2a,4603,1,36,1},{0xb9b8286e,4604,1,58,1},{0xb9bae3c8,4605,1,80,1},{0xb9c11b0f,4606,1,90,1},{0xb9c575df,4607,1,98,1},{0xb9d121b4,4608,1,45,1},{0xb9d129b3,4609,1,69,1},{0xb9d2152f,4610,1,72,1},{0xb9d9c300,4611,1,52,1},{0xb9f2b1bd,4612,1,59,1},{0xb9f8dc3a,4613,1,78,1},{0xb9f958b0,4614,1,41,1},{0xba0ee54d,4615,1,43,1},{0xba204153,4616,1,41,1},{0xba384ae6,4617,1,92,1},{0xba7f1fb1,4618,1,56,1},{0xba89a97b,4619,1,51,1},{0xba95c447,4620,1,55,1},{0xba99f36b,4621,1,143,1},{0xbaa18943,4622,1,37,1},{0xbaab103a,4623,1,48,1},{0xbaad0a9e,4624,1,71,1},{0xbab757bb,4625,1,96,1},{0xbac00174,4626,1,48,1},{0xbad7e138,4627,1,55,1},{0xbad97fe1,4628,1,37,1},{0xbade022a,4629,1,82,1},{0xbae9d578,4630,1,42,1},{0xbaeedc6f,4631,1,70,1},{0xbaf29d60,4632,1,93,1},{0xbafff25e,4633,1,92,1},{0xbb00a9ee,4634,1,40,1},{0xbb1d22d4,4635,1,49,1},{0xbb1eb1cb,4636,1,43,1},{0xbb268f86,4637,1,37,1},{0xbb2f03d0,4638,1,37,1},{0xbb39fb40,4639,1,200,1},{0xbb4d6169,4640,1,77,1},{0xbb715a2b,4641,1,61,1},{0xbb78f215,4642,1,85,1},{0xbb7be3f5,4643,1,70,1},{0xbb80e475,4644,1,84,1},{0xbb82a36d,4645,1,67,1},{0xbb868a34,4646,1,39,1},{0xbb88ca6d,4647,1,87,1},{0xbb8c5afd,4648,1,38,1},{0xbb920f36,4649,1,60,1},{0xbb92387f,4650,1,114,1},{0xbb92f614,4651,1,142,1},{0xbb9f1f3c,4652,1,80,1},{0xbbb25d70,4653,1,57,1},{0xbbbb3f78,4654,1,46,1},{0xbbbd631b,4655,1,63,1},{0xbbbf2680,4656,1,86,1},{0xbbc2ea64,4657,1,60,1},{0xbbd604b4,4658,1,65,1},{0xbbd7d6cb,4659,1,34,1},{0xbbddde7e,4660,1,112,1},{0xbbdf330c,4661,1,57,1},{0xbbe1cbbb,4662,1,85,1},{0xbbe8b6cb,4663,1,108,1},{0xbbec844f,4664,1,58,1},{0xbc114fdb,4665,1,63,1},{0xbc264a55,4666,1,41,1},{0xbc37f485,4667,1,95,1},{0xbc50b413,4668,1,69,1},{0xbc55dd92,4669,1,78,1},{0xbc5f090a,4670,1,86,1},{0xbc635cbf,4671,1,88,1},{0xbc6eabe8,4672,1,33,1},{0xbc821640,4673,1,191,1},{0xbc877bb9,4674,1,116,1},{0xbcb2dfc1,4675,1,119,1},{0xbcb839d2,4676,1,76,1},{0xbcc48993,4677,1,86,1},{0xbcded21c,4678,1,60,1},{0xbce22cd6,4679,1,79,1},{0xbcef1c0c,4680,1,118,1},{0xbcf9fd72,4681,1,56,1},{0xbd07399d,4682,1,57,1},{0xbd160658,4683,1,75,1},{0xbd176c5f,4684,1,37,1},{0xbd1a583e,4685,1,156,1},{0xbd38a1eb,4686,1,60,1},{0xbd4560ae,4687,1,40,1},{0xbd55124b,4688,1,70,1},{0xbd5e8713,4689,1,55,1},{0xbd6449b4,4690,1,42,1},{0xbd6bf81e,4691,1,79,1},{0xbd755f83,4692,1,56,1},{0xbd842c71,4693,1,36,1},{0xbd8d3f4b,4694,1,68,1},{0xbd93b7ba,4695,1,62,1},{0xbda11d54,4696,1,46,1},{0xbdb6ea3e,4697,1,50,1},{0xbdc291b8,4698,1,54,1},{0xbdc574e9,4699,1,89,1},{0xbdc9c3b9,4700,1,84,1},{0xbdcd8bac,4701,1,67,1},{0xbde1839e,4702,1,34,1},{0xbde321ab,4703,1,126,1},{0xbde67b35,4704,1,63,1},{0xbdf8fff2,4705,1,90,1},{0xbdfd42de,4706,1,92,1},{0xbe03e9d1,4707,1,53,1},{0xbe0cb5fb,4708,1,119,1},{0xbe15a26b,4709,1,48,1},{0xbe2ad274,4710,1,38,1},{0xbe313fcd,4711,1,57,1},{0xbe345bad,4712,1,58,1},{0xbe346bd8,4713,1,52,1},{0xbe38d2a5,4714,1,37,1},{0xbe469a66,4715,1,115,1},{0xbe489d6e,4716,1,87,1},{0xbe53ceca,4717,1,39,1},{0xbe77fb65,4718,1,38,1},{0xbe782c0c,4719,1,84,1},{0xbe8d31fd,4720,1,83,1},{0xbe9e77d3,4721,1,86,1},{0xbea1909a,4722,1,40,1},{0xbea28ce1,4723,1,64,1},{0xbea4848c,4724,1,102,1},{0xbeab0633,4725,1,72,1},{0xbeac1a64,4726,1,43,1},{0xbeb723c7,4727,1,57,1},{0xbebf67b8,4728,1,43,1},{0xbeca9295,4729,1,45,1},{0xbecfc0be,4730,1,51,1},{0xbee1944e,4731,1,63,1},{0xbee27259,4732,1,72,1},{0xbef01f20,4733,1,74,1},{0xbf08a2cf,4734,1,49,1},{0xbf10bf05,4735,1,71,1},{0xbf248846,4736,1,74,1},{0xbf27b3f5,4737,1,79,1},{0xbf3994f1,4738,1,48,1},{0xbf911b55,4739,1,48,1},{0xbfa68ffd,4740,1,89,1},{0xbfaaddbd,4741,1,89,1},{0xbfaadded,4742,1,181,1},{0xbfaf1fdd,4743,1,75,1},{0xbfb8a87e,4744,1,76,1},{0xbfca8824,4745,1,59,1},{0xbfd3f67d,4746,1,119,1},{0xbfe9c42d,4747,1,50,1},{0xbff2efa5,4748,1,55,1},{0xbfff1d34,4749,1,51,1},{0xbfff593a,4750,1,84,1},{0xc0242eea,4751,1,72,1},{0xc0274e60,4752,1,64,1},{0xc030145c,4753,1,70,1},{0xc030db76,4754,1,41,1},{0xc03c1242,4755,1,62,1},{0xc03c1a0d,4756,1,96,1},{0xc0458acd,4757,1,85,1},{0xc04ccdc3,4758,1,57,1},{0xc058227c,4759,1,68,1},{0xc0591272,4760,1,52,1},{0xc0699a2b,4761,1,58,1},{0xc07ffb15,4762,1,37,1},{0xc08a2743,4763,1,54,1},{0xc093c39f,4764,1,111,1},{0xc093dfe8,4765,1,68,1},{0xc099b529,4766,1,38,1},{0xc0b52b5e,4767,1,37,1},{0xc0b68f79,4768,1,93,1},{0xc0c1bbc4,4769,1,100,1},{0xc0cf1ab4,4770,1,60,1},{0xc0d4ed7c,4771,1,130,1},{0xc0d54147,4772,1,47,1},{0xc0ded973,4773,1,53,1},{0xc0eff220,4774,1,50,1},{0xc0fd7957,4775,1,87,1},{0xc100fb51,4776,1,242,1},{0xc1014305,4777,1,49,1},{0xc1048e93,4778,1,62,1},{0xc10872d7,4779,1,113,1},{0xc10e65ec,4780,1,126,1},{0xc111cabe,4781,1,96,1},{0xc1209779,4782,1,115,1},{0xc124f246,4783,1,62,1},{0xc134fca5,4784,1,65,1},{0xc1356951,4785,1,63,1},{0xc1364d28,4786,1,51,1},{0xc1409a5c,4787,1,98,1},{0xc141b55e,4788,1,98,1},{0xc143330c,4789,1,37,1},{0xc164697b,4790,1,115,1},{0xc16676e5,4791,1,135,1},{0xc16edad5,4792,1,79,1},{0xc17b3919,4793,1,73,1},{0xc17ff0a4,4794,1,71,1},{0xc18ebd92,4795,1,43,1},{0xc193e840,4796,1,84,1},{0xc197d06c,4797,1,55,1},{0xc1a1c55c,4798,1,128,1},{0xc1c17b5f,4799,1,70,1},{0xc1cd22d9,4800,1,58,1},{0xc1d0060a,4801,1,71,1},{0xc1d113ed,4802,1,81,1},{0xc1e25d2f,4803,1,57,1},{0xc1e643f6,4804,1,52,1},{0xc1f8cfe7,4805,1,82,1},{0xc1f941e0,4806,1,143,1},{0xc207d3ff,4807,1,61,1},{0xc20c773c,4808,1,52,1},{0xc22698a0,4809,1,69,1},{0xc2356395,4810,1,48,1},{0xc24363c6,4811,1,37,1},{0xc24a049a,4812,1,133,1},{0xc2784dd3,4813,1,71,1},{0xc284d511,4814,1,54,1},{0xc28e808a,4815,1,69,1},{0xc2ae014c,4816,1,75,1},{0xc2af15ad,4817,1,63,1},{0xc2c019cd,4818,1,88,1},{0xc2d4c140,4819,1,50,1},{0xc2e20677,4820,1,58,1},{0xc2ed037a,4821,1,60,1},{0xc2ee667f,4822,1,96,1},{0xc3244355,4823,1,69,1},{0xc32f08d5,4824,1,78,1},{0xc375c01a,4825,1,78,1},{0xc38e1457,4826,1,64,1},{0xc3910637,4827,1,40,1},{0xc39bac76,4828,1,48,1},{0xc3b1211e,4829,1,50,1},{0xc3bfe246,179,3,615,2},{0xc3c3399f,4830,1,45,1},{0xc3d061ba,4831,1,76,1},{0xc3e7c8b7,4832,1,62,1},{0xc3f4554e,4833,1,90,1},{0xc3f6d847,4834,1,79,1},{0xc3fd80c6,4835,1,52,1},{0xc4211d6e,4836,1,61,1},{0xc43a6a10,4837,1,74,1},{0xc44bff8b,4838,1,56,1},{0xc44ea4ed,4839,1,53,1},{0xc4501bee,4840,1,61,1},{0xc453dd00,4841,1,103,1},{0xc45662d9,4842,1,50,1},{0xc45f2b74,4843,1,78,1},{0xc4628682,4844,1,66,1},{0xc469f56f,4845,1,137,1},{0xc4742b4c,4846,1,40,1},{0xc4826da1,4847,1,42,1},{0xc48a8c36,4848,1,67,1},{0xc498052e,4849,1,56,1},{0xc49ec9fa,4850,1,98,1},{0xc4a5eab8,4851,1,113,1},{0xc4b09f60,4852,1,86,1},{0xc4b8d8e1,4853,1,57,1},{0xc4c1c771,4854,1,74,1},{0xc4d9abd5,4855,1,62,1},{0xc4dba724,4856,1,131,1},{0xc4dc3b8e,4857,1,89,1},{0xc4fa8341,4858,1,39,1},{0xc5043e4e,4859,1,98,1},{0xc50f1fb4,4860,1,72,1},{0xc52341f2,4861,1,90,1},{0xc52b289a,4862,1,94,1},{0xc52f7a80,4863,1,107,1},{0xc52f8367,4864,1,45,1},{0xc54dc42d,4865,1,95,1},{0xc559b5d1,4866,1,64,1},{0xc585ca3a,4867,1,75,1},{0xc58a81c5,4868,1,63,1},{0xc5a2618d,4869,1,46,1},{0xc5a33ffa,4870,1,88,1},{0xc5a97136,4871,1,46,1},{0xc5d49146,4872,1,94,1},{0xc5d7b3fa,4873,1,62,1},{0xc5da972b,4874,1,40,1},{0xc5dffa08,4875,1,35,1},{0xc5e29030,4876,1,62,1},{0xc5f0d517,4877,1,48,1},{0xc6126520,4878,1,102,1},{0xc6294729,4879,1,100,1},{0xc63ff4b6,4880,1,57,1},{0xc647300e,4881,1,68,1},{0xc6497def,4882,1,49,1},{0xc657127b,4883,1,84,1},{0xc6659b2f,4884,1,57,1},{0xc66623d1,4885,1,78,1},{0xc66aaed1,4886,1,88,1},{0xc66d30fc,4887,1,50,1},{0xc699b02d,4888,1,135,1},{0xc6b21406,4889,1,53,1},{0xc6b8926d,4890,1,44,1},{0xc6b9a6ce,4891,1,91,1},{0xc6cc034d,4892,1,62,1},{0xc6ccbe01,4893,1,41,1},{0xc6dfb4d7,4894,1,60,1},{0xc6e5c305,4895,1,48,1},{0xc6f7949b,4896,1,113,1},{0xc70f4935,4897,1,114,1},{0xc71f4f85,4898,1,43,1},{0xc72d6836,4899,1,64,1},{0xc72ed476,4900,1,58,1},{0xc73cd637,4901,1,69,1},{0xc7412f39,4902,1,46,1},{0xc74e4db5,4903,1,70,1},{0xc74eb733,4904,1,49,1},{0xc74f1c61,4905,1,66,1},{0xc7644855,4906,1,85,1},{0xc766a6a1,4907,1,83,1},{0xc7910d8e,4908,1,75,1},{0xc7980b97,4909,1,39,1},{0xc7a256d0,4910,1,102,1},{0xc7a74751,4911,1,211,1},{0xc7ac0e60,4912,1,52,1},{0xc7b32b92,4913,1,53,1},{0xc7c81e34,4914,1,97,1},{0xc7d02de5,4915,1,147,1},{0xc7dfaa66,4916,1,58,1},{0xc7fee66f,4917,1,82,1},{0xc8017f1e,4918,1,70,1},{0xc80811e7,4919,1,60,1},{0xc8168057,4920,1,50,1},{0xc81b93b9,182,10,2086,2},{0xc81b93ba,192,5,1310,2},{0xc81f7a38,4921,1,102,1},{0xc828bb40,4922,1,65,1},{0xc82d36bf,4923,1,41,1},{0xc839512c,4924,1,45,1},{0xc840e99f,4925,1,64,1},{0xc845fdb8,4926,1,45,1},{0xc86316bc,4927,1,67,1},{0xc89d4b15,4928,1,104,1},{0xc8a2964f,4929,1,110,1},{0xc8aae88f,4930,1,46,1},{0xc8cc9a3f,4931,1,78,1},{0xc8e2b821,4932,1,83,1},{0xc8e2b822,4933,1,103,1},{0xc8e2b823,4934,1,185,1},{0xc8e2b824,4935,1,190,1},{0xc8e2b825,4936,1,80,1},{0xc8e43cf6,4937,1,65,1},{0xc8e9245f,4938,1,170,1},{0xc8fe1b28,4939,1,90,1},{0xc9198658,4940,1,122,1},{0xc919b0d5,4941,1,53,1},{0xc9269469,4942,1,144,1},{0xc935b9bb,4943,1,92,1},{0xc93a1488,4944,1,69,1},{0xc94a8b93,4945,1,98,1},{0xc958554e,4946,1,55,1},{0xc95db6f9,4947,1,127,1},{0xc96332a9,4948,1,84,1},{0xc974c5ae,4949,1,40,1},{0xc980522b,4950,1,95,1},{0xc983fd17,4951,1,50,1},{0xc9897cb2,4952,1,93,1},{0xc99512e6,4953,1,72,1},{0xc9a3dfd4,4954,1,63,1},{0xc9abf8fd,4955,1,115,1},{0xc9acf2ae,4956,1,50,1},{0xc9b94844,4957,1,54,1},{0xc9c20d51,4958,1,67,1},{0xc9cb239b,4959,1,117,1},{0xc9e2451b,4960,1,58,1},{0xc9e5284c,4961,1,117,1},{0xc9edce19,4962,1,41,1},{0xc9f3ae6a,4963,1,87,1},{0xc9f84228,4964,1,47,1},{0xc9fdbddb,4965,1,198,1},{0xca013701,4966,1,57,1},{0xca1cf641,4967,1,71,1},{0xca255686,4968,1,96,1},{0xca351395,4969,1,43,1},{0xca3618f8,4970,1,96,1},{0xca45f0c2,4971,1,35,1},{0xca4a85d7,4972,1,37,1},{0xca728acc,4973,1,32,1},{0xca984efd,4974,1,70,1},{0xca9896a2,4975,1,41,1},{0xca9c3bc4,4976,1,71,1},{0xcaba0058,4977,1,84,1},{0xcac24044,4978,1,88,1},{0xcac437ef,4979,1,141,1},{0xcac9029e,4980,1,135,1},{0xcae0a959,4981,1,157,1},{0xcaea45f8,4982,1,70,1},{0xcaf05426,4983,1,62,1},{0xcaf7bef0,4984,1,72,1},{0xcb001130,4985,1,46,1},{0xcb01fcd5,4986,1,87,1},{0xcb1f973a,4987,1,60,1},{0xcb2076d7,4988,1,117,1},{0xcb26267c,4989,1,39,1},{0xcb3f54a0,4990,1,77,1},{0xcb476758,4991,1,69,1},{0xcb608e08,4992,1,56,1},{0xcb69211a,4993,1,91,1},{0xcb83b6db,4994,1,77,1},{0xcb8ae25c,4995,1,47,1},{0xcb9f81ac,4996,1,71,1},{0xcba33699,4997,1,39,1},{0xcbdabf06,4998,1,40,1},{0xcbeba2f6,4999,1,53,1},{0xcc021b4f,5000,1,42,1},{0xcc097790,5001,1,68,1},{0xcc2480e2,5002,1,91,1},{0xcc2a0686,5003,1,93,1},{0xcc2a9924,5004,1,82,1},{0xcc2c11ba,5005,1,54,1},{0xcc334c61,5006,1,62,1},{0xcc34a554,5007,1,63,1},{0xcc4a8505,5008,1,47,1},{0xcc4fad9a,5009,1,57,1},{0xcc559a40,5010,1,86,1},{0xcc5fb8a8,5011,1,114,1},{0xcc6310a4,5012,1,63,1},{0xcc69e4fd,5013,1,72,1},{0xcc7349ba,5014,1,124,1},{0xcc80ecf8,5015,1,124,1},{0xcc88b2b7,5016,1,164,1},{0xcc9b8864,5017,1,103,1},{0xcca84ac1,5018,1,72,1},{0xccad2770,5019,1,53,1},{0xccb4d424,5020,1,92,1},{0xccb579b0,5021,1,43,1},{0xccb70e0e,5022,1,51,1},{0xccb8a80a,5023,1,50,1},{0xccb9f83d,5024,1,62,1},{0xccc4ca81,5025,1,115,1},{0xccc8f6a6,5026,1,160,1},{0xccd0a759,5027,1,82,1},{0xccedbf43,5028,1,41,1},{0xccffd474,5029,1,45,1},{0xcd08ac49,5030,1,55,1},{0xcd0dcdb8,5031,1,92,1},{0xcd196090,5032,1,103,1},{0xcd21636d,5033,1,48,1},{0xcd2441f6,5034,1,47,1},{0xcd404adc,5035,1,72,1},{0xcd4e44ac,5036,1,59,1},{0xcd515d93,5037,1,45,1},{0xcd62e66f,5038,1,59,1},{0xcd7f56cf,5039,1,54,1},{0xcd8ae34c,5040,1,91,1},{0xcd8e8e38,5041,1,65,1},{0xcd9fa407,5042,1,52,1},{0xcda4df4f,5043,4,400,1},{0xcdab12b3,5047,1,49,1},{0xcdb5341a,5048,1,38,1},{0xcdb783cf,5049,1,42,1},{0xcdbc81eb,5050,1,63,1},{0xcdc3db73,5051,1,182,1},{0xcdc888f5,5052,1,90,1},{0xcdefb96d,5053,1,69,1},{0xcdf1cb02,5054,1,64,1},{0xce021092,5055,1,62,1},{0xce13867a,5056,1,106,1},{0xce278762,5057,1,64,1},{0xce3bfe1d,5058,1,65,1},{0xce4dd9a6,5059,1,77,1},{0xce4fa53b,5060,1,84,1},{0xce5ea031,5061,1,68,1},{0xce6cd882,5062,1,76,1},{0xce6f742c,5063,1,57,1},{0xce94d5c6,5064,1,86,1},{0xce968927,5065,1,56,1},{0xce9a34d9,5066,1,84,1},{0xcea0c69b,5067,1,54,1},{0xcea327c3,5068,1,95,1},{0xcecec910,5069,1,151,1},{0xcf0aa251,5070,1,65,1},{0xcf0cb6dd,5071,1,35,1},{0xcf166afd,5072,1,99,1},{0xcf2cc4e6,5073,1,84,1},{0xcf33f013,5074,1,68,1},{0xcf3c7eed,5075,1,50,1},{0xcf5b3510,5076,1,49,1},{0xcf5b3580,5077,1,58,1},{0xcf715970,5078,1,87,1},{0xcf796a97,5079,1,53,1},{0xcf808ff5,5080,1,79,1},{0xcf83dd5d,5081,1,42,1},{0xcfa4bb42,5082,1,163,1},{0xcfabb7b4,5083,1,52,1},{0xcfe55027,5084,1,47,1},{0xcfe5a670,5085,1,170,1},{0xcfe5cf3b,5086,1,72,1},{0xcff19fd9,5087,1,36,1},{0xcff29dff,5088,1,75,1},{0xcff4cca8,5089,1,38,1},{0xcff7f967,5090,1,29,1},{0xd007a040,5091,1,58,1},{0xd01408b1,5092,1,89,1},{0xd04e736e,5093,1,54,1},{0xd064b5c5,5094,1,62,1},{0xd0689033,5095,1,56,1},{0xd082821e,5096,1,65,1},{0xd091af5e,5097,1,71,1},{0xd0970d30,5098,1,49,1},{0xd0a17136,197,1,769,2},{0xd0c00ad1,5099,1,39,1},{0xd0c0366d,5100,1,74,1},{0xd0d43177,5101,1,76,1},{0xd0d88c44,5102,1,68,1},{0xd0e5c541,5103,1,67,1},{0xd0e9c966,5104,1,90,1},{0xd101bd58,5105,1,75,1},{0xd1133d6a,5106,1,64,1},{0xd114ad93,5107,1,73,1},{0xd12ed317,5108,1,68,1},{0xd13373d8,5109,1,56,1},{0xd1426a58,5110,1,81,1},{0xd14adbfd,5111,1,74,1},{0xd1500246,5112,2,100,1},{0xd15f4d6c,198,4,590,2},{0xd1681a63,5114,1,92,1},{0xd16d7790,5115,1,55,1},{0xd189e7f0,5116,1,49,1},{0xd18ef877,5117,1,48,1},{0xd195746d,5118,1,118,1},{0xd1aa3528,5119,1,70,1},{0xd1b22e38,5120,1,42,1},{0xd1b9d879,5121,1,81,1},{0xd1bb2fb7,5122,1,100,1},{0xd1c214f0,5123,1,54,1},{0xd1d905fe,5124,1,36,1},{0xd1eac770,5125,1,76,1},{0xd1f5fa6d,5126,1,77,1},{0xd1fa4a8e,5127,1,146,1},{0xd2020e9a,5128,1,55,1},{0xd202f05b,5129,1,61,1},{0xd207b837,5130,1,43,1},{0xd22750a2,5131,1,108,1},{0xd2321883,5132,1,38,1},{0xd236a468,5133,1,138,1},{0xd23a78c8,5134,1,52,1},{0xd240358d,5135,1,133,1},{0xd240c430,5136,1,44,1},{0xd2631fac,5137,1,74,1},{0xd27fdfc5,5138,1,114,1},{0xd29bd128,5139,1,91,1},{0xd2a21c64,5140,1,32,1},{0xd2a3da39,5141,1,81,1},{0xd2a43657,5142,1,62,1},{0xd2adb8e4,5143,1,89,1},{0xd2b0b464,5144,1,86,1},{0xd2d359fb,5145,1,44,1},{0xd2d95a31,5146,1,126,1},{0xd2dd22b2,5147,1,86,1},{0xd2de6b82,5148,1,49,1},{0xd314264f,5149,1,76,1},{0xd3153372,5150,1,34,1},{0xd3214999,5151,1,98,1},{0xd33b300f,5152,1,94,1},{0xd3557fde,5153,1,61,1},{0xd3628e17,5154,1,111,1},{0xd36f4610,5155,1,84,1},{0xd373ef69,5156,1,60,1},{0xd383cb73,5157,1,88,1},{0xd3905b09,202,1,290,2},{0xd3905b0a,203,1,567,2},{0xd3905b0b,204,9,2243,2},{0xd3a0049e,5158,1,62,1},{0xd3ad5587,5159,1,188,1},{0xd3b858db,5160,1,39,1},{0xd3bb4abb,5161,1,51,1},{0xd3c20a33,5162,1,56,1},{0xd3c593c7,5163,1,45,1},{0xd3efe148,5164,1,35,1},{0xd3fcdd69,5165,1,43,1},{0xd4123161,5166,1,60,1},{0xd413b91a,5167,1,95,1},{0xd4173d91,5168,1,59,1},{0xd427c54a,5169,1,62,1},{0xd43c6b33,5170,1,132,1},{0xd44b9f2c,5171,1,116,1},{0xd44c362c,5172,1,198,1},{0xd45df651,5173,1,68,1},{0xd462dfac,5174,1,50,1},{0xd47b77d3,5175,1,46,1},{0xd48e28af,5176,1,89,1},{0xd49896de,5177,1,77,1},{0xd49f2b7d,5178,1,63,1},{0xd4be083c,5179,1,41,1},{0xd4c2d4d0,5180,1,85,1},{0xd4c9ba8a,5181,1,126,1},{0xd4ca9bf2,5182,1,44,1},{0xd4d149fc,5183,1,72,1},{0xd4d1b5db,5184,1,83,1},{0xd4dec298,5185,1,51,1},{0xd4e31d65,5186,1,54,1},{0xd4f4eeef,5187,1,99,1},{0xd502e185,5188,1,42,1},{0xd50a9839,5189,1,69,1},{0xd50b103f,5190,1,113,1},{0xd51dce8b,5191,1,52,1},{0xd52e82d2,5192,1,132,1},{0xd533f156,5193,1,112,1},{0xd536e460,5194,1,72,1},{0xd5396438,5195,1,92,1},{0xd53d92ab,5196,1,48,1},{0xd541078f,5197,1,134,1},{0xd5556d1e,5198,1,81,1},{0xd559bf04,5199,1,84,1},{0xd55c7281,5200,1,71,1},{0xd569f454,5201,1,114,1},{0xd57d7cf4,5202,1,59,1},{0xd57fc994,5203,1,91,1},{0xd5947911,5204,1,55,1},{0xd5950471,5205,1,88,1},{0xd5ab1e3f,5206,1,52,1},{0xd5b4c649,5207,1,56,1},{0xd5bb675d,5208,1,85,1},{0xd5bcbf59,5209,1,49,1},{0xd5c476c6,5210,1,49,1},{0xd5c685b6,5211,1,37,1},{0xd5c8a52b,5212,1,71,1},{0xd5d43950,5213,1,72,1},{0xd60cd4b4,5214,1,107,1},{0xd60fbdd5,5215,1,84,1},{0xd6128658,5216,1,72,1},{0xd6181613,5217,1,77,1},{0xd6237305,5218,1,78,1},{0xd63ca9a4,5219,1,48,1},{0xd678bd09,5220,1,44,1},{0xd6a4edb1,5221,1,56,1},{0xd6adadfb,5222,1,61,1},{0xd6b44469,5223,1,78,1},{0xd6b84a05,5224,1,55,1},{0xd6bfc67c,5225,1,51,1},{0xd6d8bc2b,5226,1,77,1},{0xd6e3eb52,5227,1,144,1},{0xd70b08b2,5228,1,43,1},{0xd71fc493,5229,1,43,1},{0xd72051a7,5230,1,134,1},{0xd733eb39,5231,1,87,1},{0xd74a1239,5232,1,66,1},{0xd74ca8cb,5233,1,75,1},{0xd766cdd5,5234,1,62,1},{0xd784317c,5235,1,49,1},{0xd785cf9b,5236,1,65,1},{0xd78afbaa,5237,1,101,1},{0xd78e8cd9,5238,1,72,1},{0xd7afb338,5239,1,33,1},{0xd7c566d7,5240,1,151,1},{0xd7c5dbdc,5241,1,47,1},{0xd7d16c10,5242,1,74,1},{0xd7d66410,5243,1,38,1},{0xd7df6f38,5244,1,60,1},{0xd7e38491,5245,1,77,1},{0xd7f9a142,5246,1,77,1},{0xd7fac9f4,5247,1,52,1},{0xd809eeea,5248,1,47,1},{0xd817bc58,5249,1,46,1},{0xd81cc282,5250,1,59,1},{0xd83acba9,5251,1,70,1},{0xd856304d,5252,1,40,1},{0xd85b4530,5253,1,211,1},{0xd868fb34,5254,1,120,1},{0xd86d70cd,5255,1,51,1},{0xd8769067,5256,1,44,1},{0xd87793a4,5257,1,58,1},{0xd892fae8,5258,1,117,1},{0xd8a464b0,5259,1,47,1},{0xd8afc2f7,5260,1,131,1},{0xd8c8995d,5261,1,51,1},{0xd8cd79fd,5262,1,87,1},{0xd8cf1afb,5263,1,83,1},{0xd8d52d13,5264,1,47,1},{0xd8e953b9,5265,1,64,1},{0xd8ec5e10,5266,1,110,1},{0xd8edae86,5267,1,61,1},{0xd915a160,5268,1,84,1},{0xd91830b4,5269,1,78,1},{0xd9285fac,5270,1,49,1},{0xd92a7187,5271,1,144,1},{0xd943f559,5272,1,65,1},{0xd94c400e,5273,1,34,1},{0xd95fb91d,5274,1,65,1},{0xd984da1e,5275,1,72,1},{0xd98ea387,5276,1,65,1},{0xd996318d,5277,1,116,1},{0xd9a5eecc,5278,1,48,1},{0xd9b5af60,5279,1,82,1},{0xd9cb4b86,5280,1,294,1},{0xd9d95a1d,5281,1,58,1},{0xd9daf83c,5282,1,36,1},{0xda01458f,5283,1,61,1},{0xda03cfb6,5284,1,152,1},{0xda0b5cfc,213,11,1606,2},{0xda18129d,5285,1,70,1},{0xda267439,5286,1,119,1},{0xda385f39,5287,1,61,1},{0xda4e7c28,5288,1,151,1},{0xda7e43eb,5289,1,68,1},{0xda82ee24,5290,1,74,1},{0xda82ff87,5291,1,100,1},{0xda832098,5292,1,42,1},{0xda9b9886,5293,1,82,1},{0xda9cdbaa,5294,1,233,1},{0xdaab58ee,5295,1,40,1},{0xdab06c81,5296,1,60,1},{0xdab83f1c,5297,1,68,1},{0xdaca579d,5298,1,57,1},{0xdae3166c,5299,1,81,1},{0xdae6920a,5300,1,53,1},{0xdaf2423b,5301,1,42,1},{0xdaf50dfa,5302,1,70,1},{0xdb02971a,5303,1,59,1},{0xdb214330,5304,1,108,1},{0xdb24fc56,5305,1,61,1},{0xdb2a55b4,5306,1,44,1},{0xdb39a8a7,5307,1,38,1},{0xdb451d88,5308,1,66,1},{0xdb52cf0c,5309,1,43,1},{0xdb56ca9b,5310,1,58,1},{0xdb5739ec,5311,1,44,1},{0xdb5c9cb7,5312,1,54,1},{0xdb5dd03b,5313,1,90,1},{0xdb65e334,5314,1,131,1},{0xdb708afe,5315,1,54,1},{0xdb754e8c,5316,1,42,1},{0xdb9060bc,5317,1,62,1},{0xdbb2be0b,5318,1,54,1},{0xdbc973c3,5319,1,40,1},{0xdbcd7b1d,5320,1,49,1},{0xdbe5fb0f,5321,1,56,1},{0xdbe68df8,5322,1,84,1},{0xdbea0059,5323,1,48,1},{0xdbee79a3,5324,1,57,1},{0xdbf027f2,5325,1,95,1},{0xdc05038a,5326,1,40,1},{0xdc09139a,5327,1,109,1},{0xdc0c8531,5328,1,147,1},{0xdc20c7c9,5329,1,32,1},{0xdc2753a3,5330,1,69,1},{0xdc3801f3,5331,1,70,1},{0xdc435083,5332,1,117,1},{0xdc55c989,5333,1,43,1},{0xdc5ed667,5334,1,105,1},{0xdc60c16e,5335,1,75,1},{0xdc68720c,5336,1,177,1},{0xdc68720d,5337,1,163,1},{0xdc7801ee,5338,1,64,1},{0xdc8e141d,5339,1,43,1},{0xdc95acb6,5340,1,56,1},{0xdcb831d1,5341,1,91,1},{0xdcd00159,5342,1,44,1},{0xdcd4140f,224,9,1349,2},{0xdcd41410,233,1,1428,2},{0xdcd48cf4,5343,1,77,1},{0xdcd6ed7c,5344,1,84,1},{0xdcdfbe34,5345,1,54,1},{0xdcee4609,5346,1,31,1},{0xdcefcd7e,5347,1,72,1},{0xdcf3e4da,5348,1,77,1},{0xdcf83fa7,5349,1,39,1},{0xdd088179,5350,1,59,1},{0xdd127488,5351,1,66,1},{0xdd203281,5352,1,83,1},{0xdd32f0cd,5353,1,47,1},{0xdd84b839,5354,1,186,1},{0xdd86df51,5355,1,55,1},{0xdda98704,5356,1,161,1},{0xddca772d,5357,1,43,1},{0xddd3214b,5358,1,83,1},{0xddd3de36,5359,1,55,1},{0xddd82ead,5360,1,72,1},{0xdde5895d,5361,1,50,1},{0xdde83f49,5362,1,73,1},{0xddef2ebd,5363,1,67,1},{0xddf0b465,5364,1,110,1},{0xddfd7d1f,5365,1,72,1},{0xde2c888a,5366,1,84,1},{0xde52fd28,5367,1,101,1},{0xde87bff6,5368,1,86,1},{0xde94b261,5369,1,51,1},{0xde9e39aa,5370,1,58,1},{0xdea15324,5371,1,39,1},{0xdea40e4b,5372,1,66,1},{0xdeba4990,5373,1,44,1},{0xdebafda2,5374,1,50,1},{0xdec349a1,5375,1,62,1},{0xdeda04e1,5376,1,75,1},{0xdf0d283b,5377,1,62,1},{0xdf1ab30a,5378,1,34,1},{0xdf1eb927,5379,1,52,1},{0xdf2bd451,5380,1,102,1},{0xdf34e255,5381,1,69,1},{0xdf34e6d5,5382,1,59,1},{0xdf41a97e,5383,1,62,1},{0xdf41ec74,5384,1,69,1},{0xdf490d7b,5385,1,100,1},{0xdf4c5aaf,5386,1,43,1},{0xdf6842fa,5387,1,107,1},{0xdf68ca5c,5388,1,62,1},{0xdf6a7d73,5389,1,37,1},{0xdf7319cc,5390,1,47,1},{0xdf887174,5391,1,60,1},{0xdf9af1dd,5392,1,56,1},{0xdfaa03b8,5393,1,98,1},{0xdfae21e1,5394,1,41,1},{0xdfaeff34,5395,1,165,1},{0xdfb4c525,5396,1,151,1},{0xdfcbfcfb,5397,1,101,1},{0xdfd404e4,5398,1,56,1},{0xdfd5c7f8,5399,1,82,1},{0xdfeb9842,5400,1,65,1},{0xdff4917a,5401,1,75,1},{0xdffb0dee,5402,1,62,1},{0xe003ba78,5403,1,43,1},{0xe009f382,5404,1,68,1},{0xe00e0cc0,5405,1,91,1},{0xe00f94ab,5406,1,61,1},{0xe010cf70,5407,1,38,1},{0xe01626fa,5408,1,144,1},{0xe01b0a7e,5409,1,37,1},{0xe02ee0e0,5410,1,88,1},{0xe0395bd9,234,5,1221,2},{0xe0395bda,239,1,622,2},{0xe0395bdb,240,4,767,2},{0xe0395bdc,244,4,648,2},{0xe0395bdd,248,6,1284,2},{0xe03c3c94,5411,1,87,1},{0xe0405547,5412,1,66,1},{0xe082930f,5413,1,55,1},{0xe08c4d94,5414,1,88,1},{0xe08f3feb,5415,1,115,1},{0xe092931d,5416,1,85,1},{0xe09846eb,5417,1,97,1},{0xe0a03dd7,5418,1,71,1},{0xe0bec867,5419,1,70,1},{0xe0eb0ac6,5420,1,54,1},{0xe0f241cf,5421,1,44,1},{0xe0f33018,5422,1,34,1},{0xe0fe75fb,5423,1,57,1},{0xe102d0c8,5424,1,72,1},{0xe11b3b92,5425,1,181,1},{0xe12ac3a2,5426,1,89,1},{0xe13d81ee,5427,1,96,1},{0xe13ffdf8,5428,1,54,1},{0xe1875448,5429,1,74,1},{0xe18b951b,5430,1,59,1},{0xe19a20d3,5431,1,34,1},{0xe1cb93c3,5432,1,40,1},{0xe1d35223,5433,1,61,1},{0xe1dc551b,5434,1,124,1},{0xe1dcba01,5435,1,73,1},{0xe1ee7c5f,5436,1,33,1},{0xe1f01a7e,5437,1,48,1},{0xe1ff7e3b,5438,1,55,1},{0xe2034a82,5439,1,49,1},{0xe21a890a,5440,1,98,1},{0xe2292d85,5441,1,64,1},{0xe22d5bff,5442,1,110,1},{0xe2523f82,5443,1,53,1},{0xe25c905b,5444,1,85,1},{0xe264bd4c,5445,1,55,1},{0xe2669f13,5446,1,106,1},{0xe272e639,5447,1,76,1},{0xe2824a2a,5448,1,103,1},{0xe28ad4d9,5449,1,60,1},{0xe28f52ba,5450,1,70,1},{0xe2a0efc5,5451,1,84,1},{0xe2aab437,5452,1,58,1},{0xe2ca463a,5453,1,59,1},{0xe2d81b46,5454,1,82,1},{0xe3146cbf,5455,1,100,1},{0xe318e32f,5456,1,102,1},{0xe3197c6a,5457,1,53,1},{0xe31b34a5,5458,1,199,1},{0xe3268540,5459,1,101,1},{0xe344bc3d,5460,1,69,1},{0xe34822e0,5461,1,74,1},{0xe3552d15,5462,1,37,1},{0xe35b7f29,5463,1,68,1},{0xe3631664,5464,1,107,1},{0xe37dd45d,5465,1,69,1},{0xe38df074,5466,1,57,1},{0xe3930295,5467,1,61,1},{0xe3a582fe,5468,1,56,1},{0xe3a660de,5469,1,84,1},{0xe3b0c91e,5470,1,73,1},{0xe3c5044c,5471,1,40,1},{0xe3d1da9f,5472,1,52,1},{0xe3de9605,5473,1,65,1},{0xe3e760a2,5474,1,170,1},{0xe3ea9d79,5475,1,142,1},{0xe405aa90,5476,1,61,1},{0xe405cea1,5477,1,206,1},{0xe40b5f6d,5478,1,44,1},{0xe4106d8e,5479,1,74,1},{0xe41a25cc,5480,1,45,1},{0xe4206e14,5481,1,112,1},{0xe4221d92,5482,1,90,1},{0xe42583a3,5483,1,134,1},{0xe4426106,5484,1,49,1},{0xe4565845,5485,1,55,1},{0xe46104c0,5486,1,121,1},{0xe46f496d,5487,1,80,1},{0xe48d2430,5488,1,66,1},{0xe4b05100,5489,1,35,1},{0xe4d9805b,5490,1,59,1},{0xe4f4e076,5491,1,59,1},{0xe4fb9a0d,5492,1,27,1},{0xe505f405,5493,1,94,1},{0xe509071c,5494,1,67,1},{0xe53554c3,5495,1,74,1},{0xe540654e,5496,1,41,1},{0xe54295ae,5497,1,79,1},{0xe54b0dcc,5498,1,107,1},{0xe550dced,5499,1,43,1},{0xe568070b,5500,1,50,1},{0xe5703f6d,5501,1,55,1},{0xe597490b,5502,1,68,1},{0xe59f9c66,5503,1,77,1},{0xe5a904d8,5504,1,38,1},{0xe5bf337b,5505,1,54,1},{0xe5bfff85,5506,1,41,1},{0xe5e47517,5507,1,70,1},{0xe5e51495,5508,1,82,1},{0xe5e6bb48,5509,1,37,1},{0xe5e9537c,5510,1,80,1},{0xe5faab9f,5511,1,60,1},{0xe63da355,5512,1,86,1},{0xe64dbc92,5513,1,40,1},{0xe669465c,5514,1,49,1},{0xe66b7a6a,5515,1,62,1},{0xe68f9ae7,5516,1,83,1},{0xe69a4273,5517,1,47,1},{0xe69b8a4d,5518,1,138,1},{0xe6afa7ad,5519,1,79,1},{0xe6b2bb54,5520,1,80,1},{0xe6b89c2d,5521,1,52,1},{0xe6d9c31a,5522,1,70,1},{0xe6da324b,5523,1,44,1},{0xe6e6a79d,5524,1,67,1},{0xe706456d,5525,1,66,1},{0xe71efde0,5526,1,36,1},{0xe722e288,5527,1,124,1},{0xe72cce17,5528,1,57,1},{0xe7311661,5529,1,47,1},{0xe735a26f,5530,1,34,1},{0xe73994dc,5531,1,66,1},{0xe73e9097,5532,1,63,1},{0xe740f693,5533,1,73,1},{0xe74a0917,5534,1,63,1},{0xe759671c,5535,1,65,1},{0xe75e2fbd,5536,1,84,1},{0xe767fa60,5537,1,51,1},{0xe76a14a9,5538,1,50,1},{0xe77ad3a8,5539,1,55,1},{0xe79501ef,5540,1,74,1},{0xe7989cf4,5541,1,33,1},{0xe7ae7600,5542,1,43,1},{0xe7af357a,5543,1,50,1},{0xe7af679f,5544,1,63,1},{0xe7b0141f,5545,1,49,1},{0xe7b40e6b,5546,1,84,1},{0xe7b9a8db,5547,1,69,1},{0xe7bd1beb,5548,1,41,1},{0xe7d1e867,5549,1,86,1},{0xe7e92726,5550,1,56,1},{0xe7f113a3,5551,1,134,1},{0xe7f502cb,5552,1,102,1},{0xe7f5ee68,5553,1,52,1},{0xe80bcdff,5554,1,108,1},{0xe8128e3d,5555,1,73,1},{0xe81afeaf,5556,1,136,1},{0xe81d686a,5557,1,139,1},{0xe824b6ed,5558,1,62,1},{0xe84855da,5559,1,90,1},{0xe85ea9ea,5560,1,46,1},{0xe87cfea7,5561,1,91,1},{0xe88f2b9a,5562,1,65,1},{0xe897b551,5563,1,91,1},{0xe8b56019,5564,1,86,1},{0xe8b94c36,5565,1,61,1},{0xe8babed0,5566,1,65,1},{0xe8bae221,5567,1,42,1},{0xe8c0a30b,5568,1,60,1},{0xe8c5246a,5569,1,34,1},{0xe8c7896b,5570,1,26,1},{0xe8c96a5d,5571,1,63,1},{0xe8d210b4,5572,1,49,1},{0xe8d9c625,5573,1,51,1},{0xe8e4c388,5574,1,82,1},{0xe8ea0f22,5575,1,58,1},{0xe8fd186b,5576,1,88,1},{0xe9256efd,5577,1,56,1},{0xe93fe5e4,5578,1,105,1},{0xe94b05f2,5579,1,53,1},{0xe94fc926,5580,1,87,1},{0xe9539f62,5581,1,71,1},{0xe95fd3d4,5582,1,40,1},{0xe976ec4c,5583,1,43,1},{0xe9961f34,5584,1,62,1},{0xe9999117,5585,1,39,1},{0xe9a4072d,5586,1,52,1},{0xe9c4e532,5587,1,67,1},{0xe9cb590e,5588,1,58,1},{0xe9ce7451,5589,1,38,1},{0xe9d439d1,5590,1,69,1},{0xe9e58980,5591,1,40,1},{0xe9ea2a90,5592,1,77,1},{0xe9f28287,5593,1,149,1},{0xe9ff2044,5594,1,154,1},{0xea039ea1,5595,1,48,1},{0xea053cc0,5596,1,46,1},{0xea0a16de,5597,1,71,1},{0xea0a931f,5598,1,103,1},{0xea1f584e,5599,1,70,1},{0xea28c5b3,5600,1,50,1},{0xea30358c,5601,1,74,1},{0xea394a2f,5602,1,47,1},{0xea3c32d7,5603,1,111,1},{0xea3e4fc7,5604,1,66,1},{0xea424e0d,5605,1,82,1},{0xea454f00,5606,1,65,1},{0xea7510ad,5607,1,109,1},{0xea79df8e,5608,1,57,1},{0xea7d72b1,5609,1,216,1},{0xea9a2c08,5610,1,96,1},{0xeaa82a17,5611,1,92,1},{0xeab61207,5612,1,66,1},{0xeacf7425,5613,1,42,1},{0xeaea929b,5614,1,75,1},{0xeaf0b07a,5615,1,77,1},{0xeaf5cf9c,5616,1,49,1},{0xeafa8c4c,5617,1,44,1},{0xeb02d50d,5618,1,44,1},{0xeb0531a6,5619,1,57,1},{0xeb098736,5620,1,58,1},{0xeb0cb608,5621,1,42,1},{0xeb10d68e,5622,1,45,1},{0xeb13e1de,5623,1,119,1},{0xeb14a615,5624,1,51,1},{0xeb177b76,5625,1,64,1},{0xeb26a7ae,5626,1,82,1},{0xeb2861ad,5627,1,118,1},{0xeb3805e4,5628,1,109,1},{0xeb3be5e5,5629,1,45,1},{0xeb4b87b4,5630,1,68,1},{0xeb55cf84,5631,1,45,1},{0xeb593cca,5632,1,34,1},{0xeb6c89b2,5633,1,58,1},{0xeb7e1e46,5634,1,57,1},{0xeb8564c9,5635,1,62,1},{0xebb90721,5636,1,41,1},{0xebc5263a,5637,1,56,1},{0xebc581bf,5638,1,142,1},{0xebe96ca1,5639,1,62,1},{0xebf3b847,5640,1,40,1},{0xebf8d21d,5641,1,92,1},{0xec0b2f62,5642,1,50,1},{0xec2081af,5643,1,55,1},{0xec258fd0,5644,1,69,1},{0xec29623f,5645,1,69,1},{0xec3b50e6,5646,1,121,1},{0xec3ded84,5647,1,83,1},{0xec441a60,5648,1,49,1},{0xec535f9e,5649,1,44,1},{0xec6b7a87,5650,1,63,1},{0xec70da7d,5651,1,63,1},{0xec7e7695,5652,1,77,1},{0xec8e72d0,5653,1,44,1},{0xec95041d,5654,1,68,1},{0xec9d5d17,5655,1,64,1},{0xeca164b8,5656,1,132,1},{0xeca24672,5657,1,56,1},{0xecbff13a,5658,1,64,1},{0xecc3dd57,5659,1,50,1},{0xecc57342,5660,1,31,1},{0xeccda3b4,5661,1,44,1},{0xecde4630,5662,1,56,1},{0xecde7bca,5663,1,55,1},{0xece6187d,5664,1,76,1},{0xed1e295e,5665,1,91,1},{0xed4a7705,5666,1,52,1},{0xed54cc0d,5667,1,76,1},{0xed5fb15b,5668,1,96,1},{0xed65ff2f,5669,1,62,1},{0xed6ec648,5670,1,89,1},{0xed885226,5671,1,126,1},{0xedaae59c,5672,1,72,1},{0xedaf48d2,5673,1,122,1},{0xedb2fead,5674,1,83,1},{0xedb4cbf9,5675,1,72,1},{0xedb91cc5,5676,1,66,1},{0xedc4d692,5677,1,125,1},{0xedc6e1a0,5678,1,52,1},{0xedc6e47a,5679,1,64,1},{0xedea62d2,5680,1,88,1},{0xedeed1d1,5681,1,55,1},{0xedf161c9,5682,1,73,1},{0xedf1f880,5683,1,117,1},{0xee0c258b,5684,1,59,1},{0xee0e9797,5685,1,46,1},{0xee0fa933,5686,1,49,1},{0xee0fcde1,5687,1,51,1},{0xee1a57a3,5688,1,63,1},{0xee347ea0,5689,1,59,1},{0xee370266,5690,1,101,1},{0xee3a6f4c,5691,1,41,1},{0xee3c9cb8,5692,1,83,1},{0xee4be820,5693,1,65,1},{0xee53c6c9,5694,1,69,1},{0xee5730ad,5695,1,67,1},{0xee76b2ea,5696,1,56,1},{0xee7a8162,5697,1,67,1},{0xee7ab871,5698,1,65,1},{0xee804ecc,5699,1,61,1},{0xee85f216,5700,1,72,1},{0xee99bfc6,5701,1,38,1},{0xeeb8add8,5702,1,268,1},{0xeed88a0e,5703,1,114,1},{0xeedf6e4f,5704,1,75,1},{0xeee3bc68,5705,1,108,1},{0xeeeaa28f,5706,1,115,1},{0xeeee2e3e,5707,1,54,1},{0xeef9d304,5708,1,94,1},{0xef0060bd,5709,1,44,1},{0xef0a24fb,5710,1,61,1},{0xef0b9d61,5711,1,103,1},{0xef1b67af,5712,1,72,1},{0xef2bb47d,5713,1,59,1},{0xef4058bb,5714,1,134,1},{0xef5618d5,5715,1,89,1},{0xef5a559d,5716,1,67,1},{0xef5ba540,5717,1,55,1},{0xef61f2c6,5718,1,72,1},{0xef71450f,5719,1,43,1},{0xef7351ff,5720,1,87,1},{0xef8ff5ea,5721,1,78,1},{0xefab83d6,5722,1,91,1},{0xefc1512c,5723,1,168,1},{0xefc39842,5724,1,34,1},{0xefc53661,5725,1,43,1},{0xefcfb75b,5726,1,46,1},{0xefd66bc4,5727,1,79,1},{0xefd827d3,5728,1,41,1},{0xefd9172a,5729,1,94,1},{0xefdfc03a,5730,1,138,1},{0xefec16d7,5731,1,48,1},{0xeffc0030,5732,1,48,1},{0xeffe4968,5733,1,50,1},{0xf015880c,5734,1,80,1},{0xf0239e75,5735,1,68,1},{0xf03020f1,5736,1,76,1},{0xf0362d0d,5737,1,47,1},{0xf0506c6d,5738,1,76,1},{0xf05bb2e9,5739,1,53,1},{0xf05eea5d,5740,1,55,1},{0xf06cceb4,5741,1,59,1},{0xf07560f7,5742,1,63,1},{0xf0976edc,5743,1,75,1},{0xf09f953e,5744,1,51,1},{0xf0b5523e,5745,1,114,1},{0xf0ca825b,5746,1,61,1},{0xf0d00463,5747,1,62,1},{0xf0d2e9b5,5748,1,53,1},{0xf0d5d0fd,5749,1,48,1},{0xf0f76af2,5750,1,54,1},{0xf0f9e4e5,5751,1,163,1},{0xf0fa8cba,5752,1,46,1},{0xf111fd9e,5753,1,56,1},{0xf11b3076,5754,1,100,1},{0xf128ba7f,5755,1,76,1},{0xf12b6781,5756,1,71,1},{0xf12dfbe0,5757,1,68,1},{0xf13496f0,5758,1,99,1},{0xf14be011,5759,1,50,1},{0xf1534108,5760,1,72,1},{0xf1550826,5761,1,89,1},{0xf15e16eb,5762,1,262,1},{0xf164eb68,5763,1,91,1},{0xf17f5a35,5764,1,66,1},{0xf18dd0ea,5765,1,216,1},{0xf18ff2d0,5766,1,73,1},{0xf1939ccd,5767,1,32,1},{0xf1a66a68,5768,1,68,1},{0xf1ab4176,5769,1,42,1},{0xf1ad59dc,5770,1,56,1},{0xf1af5522,5771,1,107,1},{0xf1b241d0,5772,1,64,1},{0xf1bf5d1a,5773,1,49,1},{0xf1c1ed12,5774,1,45,1},{0xf1c953de,5775,1,38,1},{0xf1ce621f,5776,1,176,1},{0xf1d1759b,5777,1,51,1},{0xf1dc0498,5778,1,43,1},{0xf1f84d8b,5779,1,71,1},{0xf1fac905,5780,1,88,1},{0xf20b59ad,5781,1,68,1},{0xf20f3944,5782,1,84,1},{0xf2151853,5783,1,54,1},{0xf218c0e3,5784,1,37,1},{0xf21a5f02,5785,1,45,1},{0xf235c1b5,5786,1,59,1},{0xf2537209,5787,1,67,1},{0xf25d56b8,5788,1,85,1},{0xf25e57ea,5789,1,65,1},{0xf26b5bf1,5790,1,78,1},{0xf285498c,5791,1,68,1},{0xf28bef90,5792,1,70,1},{0xf291a4c3,5793,1,65,1},{0xf29649f3,5794,1,54,1},{0xf2a3d7dc,5795,1,76,1},{0xf2ba093b,5796,1,62,1},{0xf2c03a59,5797,1,125,1},{0xf2c49251,5798,1,43,1},{0xf2cb3449,5799,1,69,1},{0xf2e31b2f,5800,1,58,1},{0xf2e9ff70,5801,1,52,1},{0xf2f533b0,5802,1,52,1},{0xf2f987cb,5803,1,92,1},{0xf3046425,5804,1,132,1},{0xf30af1de,5805,1,62,1},{0xf31a53e8,5806,1,63,1},{0xf31d7f11,5807,1,118,1},{0xf31ebca2,5808,1,38,1},{0xf31faafc,5809,1,56,1},{0xf324416b,5810,1,74,1},{0xf325f8d0,5811,1,45,1},{0xf3304358,5812,1,59,1},{0xf339ef66,5813,1,48,1},{0xf349e91d,5814,1,63,1},{0xf351dea9,5815,1,81,1},{0xf360a9f6,5816,1,43,1},{0xf364e6be,5817,1,71,1},{0xf380f0ec,5818,1,87,1},{0xf383a287,5819,1,90,1},{0xf38b5072,5820,1,99,1},{0xf39a870b,5821,1,39,1},{0xf3afd9e9,5822,1,70,1},{0xf3b4b552,5823,1,68,1},{0xf3bd7f96,5824,1,151,1},{0xf3ce2963,5825,1,58,1},{0xf3cfc782,5826,1,48,1},{0xf3d0e39a,5827,1,49,1},{0xf3da487c,5828,1,53,1},{0xf3e35c0e,5829,1,35,1},{0xf403853b,5830,1,71,1},{0xf408da89,5831,1,88,1},{0xf40c1b84,5832,1,46,1},{0xf42ebc0d,5833,1,57,1},{0xf435a3f1,5834,1,71,1},{0xf43ab212,5835,1,82,1},{0xf43efae4,5836,1,124,1},{0xf440be2e,5837,1,70,1},{0xf4593ca2,5838,1,81,1},{0xf460824e,5839,1,64,1},{0xf462012a,5840,1,103,1},{0xf4697b7e,5841,1,53,1},{0xf473dbd9,5842,1,114,1},{0xf47b2052,5843,1,169,1},{0xf489cdcb,5844,1,81,1},{0xf4aa265f,5845,1,36,1},{0xf4abdc1a,254,3,775,2},{0xf4b56614,5846,1,72,1},{0xf4c74188,5847,1,74,1},{0xf4da3f49,5848,1,75,1},{0xf4da7233,5849,1,65,1},{0xf4da9584,5850,1,43,1},{0xf4e78bef,5851,1,92,1},{0xf4e7c280,5852,1,52,1},{0xf4e93152,5853,1,70,1},{0xf4f97988,5854,1,57,1},{0xf4fe97b7,5855,1,45,1},{0xf52b232f,5856,1,81,1},{0xf53499bb,5857,1,68,1},{0xf54f8d7a,5858,1,44,1},{0xf5522ba4,5859,1,90,1},{0xf55db801,5860,1,80,1},{0xf55f9947,5861,1,54,1},{0xf5673f00,5862,1,80,1},{0xf56de2f2,5863,1,81,1},{0xf57b4742,5864,1,62,1},{0xf58270b7,5865,1,100,1},{0xf5959b26,5866,1,56,1},{0xf5a18dd8,5867,1,55,1},{0xf5a6590b,5868,1,61,1},{0xf5ce7f49,5869,1,43,1},{0xf5fa604e,5870,1,84,1},{0xf609ddf3,5871,1,67,1},{0xf615eace,5872,1,44,1},{0xf624f023,5873,1,48,1},{0xf62aefa8,5874,1,60,1},{0xf62d7aa2,5875,1,81,1},{0xf6311158,5876,1,35,1},{0xf636b264,5877,1,65,1},{0xf64052d6,5878,1,36,1},{0xf64b3d76,5879,1,55,1},{0xf6a07125,5880,1,82,1},{0xf6a35e1e,5881,1,138,1},{0xf6b9df6b,5882,1,84,1},{0xf6d9ec31,5883,1,71,1},{0xf6e1e50f,5884,1,27,1},{0xf6e8c13b,5885,1,67,1},{0xf6f49091,5886,1,61,1},{0xf6f6faae,5887,1,55,1},{0xf6f70fe0,5888,1,58,1},{0xf6fba282,5889,1,185,1},{0xf6fc0792,5890,1,41,1},{0xf704079e,5891,1,65,1},{0xf704f5fa,5892,1,105,1},{0xf70ef546,5893,1,81,1},{0xf71222d1,257,38,3095,2},{0xf71222d2,295,1,878,2},{0xf71582ff,5894,1,53,1},{0xf718e439,5895,1,136,1},{0xf726681a,5896,1,84,1},{0xf7465b11,5897,1,92,1},{0xf75c6fca,5898,1,64,1},{0xf764bb66,5899,1,102,1},{0xf76f77df,5900,1,90,1},{0xf774c419,5901,1,66,1},{0xf7909a38,5902,1,50,1},{0xf7a5182c,5903,1,67,1},{0xf7a73f25,5904,1,44,1},{0xf7da58a3,5905,1,48,1},{0xf7da949a,5906,1,60,1},{0xf7fbd578,5907,1,124,1},{0xf80436c6,5908,1,86,1},{0xf8136baa,5909,1,52,1},{0xf81a5616,5910,1,44,1},{0xf8317eb9,5911,1,62,1},{0xf831818e,5912,1,54,1},{0xf83a2350,5913,1,125,1},{0xf83b5f56,5914,1,166,1},{0xf84b4f4f,5915,1,90,1},{0xf84e2479,5916,1,79,1},{0xf856b610,5917,1,117,1},{0xf869d0c4,5918,1,121,1},{0xf883d748,5919,1,180,1},{0xf88b2dea,5920,1,47,1},{0xf88f54b1,5921,1,83,1},{0xf8948610,5922,1,74,1},{0xf8aaca92,5923,1,42,1},{0xf8afe215,5924,1,55,1},{0xf8b4b780,5925,1,35,1},{0xf8bd107a,5926,1,58,1},{0xf8c044a6,5927,1,89,1},{0xf8c5cc81,5928,1,85,1},{0xf8c80219,5929,1,118,1},{0xf8c954c8,5930,1,124,1},{0xf8dfa49d,5931,1,41,1},{0xf8f9b77e,5932,1,80,1},{0xf8fe2f2d,5933,1,51,1},{0xf8fee29b,5934,1,43,1},{0xf907fe9f,5935,1,49,1},{0xf90b561c,5936,1,105,1},{0xf90f080c,5937,1,98,1},{0xf9106492,5938,1,63,1},{0xf91066eb,5939,1,80,1},{0xf918aee7,5940,1,97,1},{0xf91c18a1,5941,1,100,1},{0xf9279bc3,5942,1,93,1},{0xf92e2250,5943,1,60,1},{0xf9346278,5944,1,75,1},{0xf93e87a5,5945,1,49,1},{0xf9431e22,5946,1,53,1},{0xf945f551,5947,1,39,1},{0xf949b932,5948,1,65,1},{0xf94ff165,5949,1,80,1},{0xf9545444,5950,1,60,1},{0xf955d4e4,5951,1,107,1},{0xf957b8b6,5952,1,62,1},{0xf9613b2e,5953,1,35,1},{0xf9654ff2,5954,1,39,1},{0xf965cb7a,5955,1,157,1},{0xf96987a6,5956,1,137,1},{0xf9787f94,5957,1,35,1},{0xf97a0daa,5958,1,82,1},{0xf97cd8b4,5959,1,49,1},{0xf990a876,5960,1,76,1},{0xf991f2d7,5961,1,36,1},{0xf9a41856,5962,1,77,1},{0xf9b0ea2c,5963,1,42,1},{0xf9b4a8bd,5964,1,99,1},{0xf9d80ef6,5965,1,110,1},{0xf9e790db,5966,1,107,1},{0xf9f27596,5967,1,51,1},{0xf9fc0711,5968,1,44,1},{0xf9fd4acd,5969,1,138,1},{0xf9fe7e55,5970,1,39,1},{0xfa0806ec,5971,1,61,1},{0xfa150fc2,5972,1,34,1},{0xfa1b8abd,5973,1,91,1},{0xfa207bef,5974,1,125,1},{0xfa2da33e,5975,1,93,1},{0xfa2f8144,5976,1,50,1},{0xfa328f4b,5977,1,60,1},{0xfa3a0b06,5978,1,75,1},{0xfa510288,5979,1,91,1},{0xfa551658,5980,1,121,1},{0xfa68045a,5981,1,48,1},{0xfa68944b,5982,1,74,1},{0xfa6e9adb,5983,1,52,1},{0xfa83eac8,5984,1,61,1},{0xfa867aa3,5985,1,45,1},{0xfaa1afc8,5986,1,60,1},{0xfab24cff,5987,1,40,1},{0xfab97329,5988,1,55,1},{0xfae3c0f8,5989,1,103,1},{0xfaec6366,5990,1,91,1},{0xfaff21b2,5991,1,66,1},{0xfb020378,5992,1,37,1},{0xfb16cb6e,5993,1,58,1},{0xfb1935b3,5994,1,67,1},{0xfb198667,5995,1,77,1},{0xfb1a84e9,5996,1,57,1},{0xfb1ac8ce,5997,1,81,1},{0xfb1babaa,5998,1,143,1},{0xfb201420,5999,1,81,1},{0xfb2f762a,6000,1,73,1},{0xfb30f93b,6001,1,61,1},{0xfb47c807,6002,1,115,1},{0xfb59e088,6003,1,66,1},{0xfb6700eb,6004,1,58,1},{0xfb704d71,6005,1,108,1},{0xfb75cc38,6006,1,53,1},{0xfb7a0900,6007,1,58,1},{0xfb7adabb,6008,1,59,1},{0xfb7cb6a4,6009,1,38,1},{0xfb974cfd,6010,1,30,1},{0xfb9dbfe4,6011,1,54,1},{0xfba17087,6012,1,85,1},{0xfba30f07,6013,1,82,1},{0xfbafa94d,6014,1,61,1},{0xfbbb6aac,6015,1,93,1},{0xfbc16995,6016,1,60,1},{0xfbc75f3e,6017,1,76,1},{0xfbd0b95c,6018,1,80,1},{0xfbd3b7d3,6019,1,45,1},{0xfbedecc4,6020,1,60,1},{0xfc0680f9,6021,1,97,1},{0xfc0f317e,6022,1,80,1},{0xfc1dfccb,6023,1,60,1},{0xfc24e737,6024,1,66,1},{0xfc2b54a0,6025,1,85,1},{0xfc2c0db3,296,1,1182,2},{0xfc2e736d,6026,1,99,1},{0xfc2ea270,6027,1,104,1},{0xfc45f077,6028,1,119,1},{0xfc4a4a17,6029,1,188,1},{0xfc4c0f41,6030,1,100,1},{0xfc55e070,6031,1,63,1},{0xfc75a490,6032,1,104,1},{0xfc84e5dc,6033,1,87,1},{0xfc90cb1a,6034,1,48,1},{0xfcbf48a1,6035,1,33,1},{0xfcc2d9dd,6036,1,49,1},{0xfcf8e488,6037,1,41,1},{0xfcfdab96,6038,1,42,1},{0xfd0eac9a,6039,1,47,1},{0xfd18aadc,6040,1,36,1},{0xfd26a9c2,6041,1,95,1},{0xfd341159,6042,1,144,1},{0xfd3ef399,6043,1,35,1},{0xfd64afbc,6044,1,52,1},{0xfd85a2b9,6045,1,77,1},{0xfd9c83f8,6046,1,85,1},{0xfdafa633,6047,1,41,1},{0xfdbb7b4d,6048,1,59,1},{0xfdca1ca6,6049,1,53,1},{0xfdd7b167,6050,1,68,1},{0xfde39c59,6051,1,86,1},{0xfded423a,6052,1,88,1},{0xfdfd1069,6053,1,76,1},{0xfe01ee89,6054,1,49,1},{0xfe261bde,6055,1,55,1},{0xfe2b0d10,6056,1,70,1},{0xfe38345f,6057,1,61,1},{0xfe3d5d87,6058,1,68,1},{0xfe517cf4,6059,1,64,1},{0xfe640a66,6060,1,325,1},{0xfe792bfc,6061,1,73,1},{0xfe7bb111,6062,1,152,1},{0xfe8e2b3c,6063,1,63,1},{0xfe90b9e8,6064,1,75,1},{0xfe910bc4,6065,1,53,1},{0xfe9c0888,6066,1,64,1},{0xfea4c8a5,6067,1,103,1},{0xfeaeb68c,6068,1,47,1},{0xfec0b8c7,6069,1,59,1},{0xfecf01ad,6070,1,97,1},{0xfedc9602,6071,1,75,1},{0xfee6eadc,6072,1,54,1},{0xfeeae7ac,6073,1,54,1},{0xfef6f487,6074,1,90,1},{0xfef9f0b1,6075,1,91,1},{0xff04bf8e,6076,1,82,1},{0xff09b2d3,6077,1,52,1},{0xff153548,6078,1,67,1},{0xff215c8f,6079,1,51,1},{0xff241788,6080,1,83,1},{0xff2aa541,6081,1,52,1},{0xff2b55fb,6082,1,60,1},{0xff35135a,6083,1,68,1},{0xff393c57,6084,1,55,1},{0xff3b8a5c,6085,1,103,1},{0xff6c34dd,6086,1,51,1},{0xff71920c,6087,1,55,1},{0xff74f43d,6088,1,76,1},{0xff9a0d02,6089,1,75,1},{0xffa1b3eb,6090,1,80,1},{0xffc3abcd,6091,1,177,1},{0xffd27daf,6092,1,46,1},{0xffd743a6,6093,1,208,1},{0xfff645db,6094,1,102,1},{0xfff84904,6095,1,162,1}};
#define CLIP_COUNT 5841
